sample_code,green_g,white_g,oolong_g,black_g,protein_ug_g,tss_ug_g,tp_mggae_g,caffeine_pct,catechin_pct,tp_theanine,caf_tp,protein_tp,tf_pct,tr_pct,tf_tr,ph,malic_acid_mg_g,citric_acid_mg_g,ascorbic_acid_mg_g,oxalic_acid_mg_g,galic_acid_mg_g,succinic_acid_mg_g,l_theanine_mg_g,appearance,infusion_color,aroma,taste,solubility,overall_score,green_pct,white_pct,oolong_pct,black_pct
S1,0.5,0.5,2.0,1.0,81.66666666666669,1834.85,43.31978162388199,5.737118630268695,0.19634112,22.576496572796533,0.1324364624014136,1.8852049480702886,0.29925,0.6424599999999989,0.4657877533231649,4.72,3.8145,2.5607,0.5993,2.7505,2.5309,3.0914,1.9188,88.0,61.3,57.9,95.19999999999999,100.0,81.16,0.125,0.125,0.5,0.25
S1,0.5,0.5,2.0,1.0,81.66666666666669,1834.85,43.31978162388199,5.737118630268695,0.19634112,22.576496572796533,0.1324364624014136,1.8852049480702886,0.29925,0.6424599999999989,0.4657877533231649,4.72,3.8145,2.5607,0.5993,2.7505,2.5309,3.0914,1.9188,63.099999999999994,68.89999999999999,61.4,60.099999999999994,71.10000000000001,63.150000000000006,0.125,0.125,0.5,0.25
S1,0.5,0.5,2.0,1.0,81.66666666666669,1834.85,43.31978162388199,5.737118630268695,0.19634112,22.576496572796533,0.1324364624014136,1.8852049480702886,0.29925,0.6424599999999989,0.4657877533231649,4.72,3.8145,2.5607,0.5993,2.7505,2.5309,3.0914,1.9188,72.30000000000001,65.19999999999999,71.5,67.30000000000001,70.19999999999999,69.68,0.125,0.125,0.5,0.25
S1,0.5,0.5,2.0,1.0,81.66666666666669,1834.85,43.31978162388199,5.737118630268695,0.19634112,22.576496572796533,0.1324364624014136,1.8852049480702886,0.29925,0.6424599999999989,0.4657877533231649,4.72,3.8145,2.5607,0.5993,2.7505,2.5309,3.0914,1.9188,70.5,71.7,84.2,61.1,75.3,71.7,0.125,0.125,0.5,0.25
S1,0.5,0.5,2.0,1.0,81.66666666666669,1834.85,43.31978162388199,5.737118630268695,0.19634112,22.576496572796533,0.1324364624014136,1.8852049480702886,0.29925,0.6424599999999989,0.4657877533231649,4.72,3.8145,2.5607,0.5993,2.7505,2.5309,3.0914,1.9188,81.6,80.1,90.0,25.299999999999997,63.0,64.80000000000001,0.125,0.125,0.5,0.25
S1,0.5,0.5,2.0,1.0,81.66666666666669,1834.85,43.31978162388199,5.737118630268695,0.19634112,22.576496572796533,0.1324364624014136,1.8852049480702886,0.29925,0.6424599999999989,0.4657877533231649,4.72,3.8145,2.5607,0.5993,2.7505,2.5309,3.0914,1.9188,79.4,64.3,64.4,60.099999999999994,100.0,70.4,0.125,0.125,0.5,0.25
S1,0.5,0.5,2.0,1.0,81.66666666666669,1834.85,43.31978162388199,5.737118630268695,0.19634112,22.576496572796533,0.1324364624014136,1.8852049480702886,0.29925,0.6424599999999989,0.4657877533231649,4.72,3.8145,2.5607,0.5993,2.7505,2.5309,3.0914,1.9188,80.9,76.8,69.0,49.800000000000004,71.3,67.225,0.125,0.125,0.5,0.25
S1,0.5,0.5,2.0,1.0,81.66666666666669,1834.85,43.31978162388199,5.737118630268695,0.19634112,22.576496572796533,0.1324364624014136,1.8852049480702886,0.29925,0.6424599999999989,0.4657877533231649,4.72,3.8145,2.5607,0.5993,2.7505,2.5309,3.0914,1.9188,90.5,90.0,90.19999999999999,20.0,100.0,70.17,0.125,0.125,0.5,0.25
S1,0.5,0.5,2.0,1.0,81.66666666666669,1834.85,43.31978162388199,5.737118630268695,0.19634112,22.576496572796533,0.1324364624014136,1.8852049480702886,0.29925,0.6424599999999989,0.4657877533231649,4.72,3.8145,2.5607,0.5993,2.7505,2.5309,3.0914,1.9188,71.3,69.2,70.6,34.300000000000004,63.0,58.985,0.125,0.125,0.5,0.25
S1,0.5,0.5,2.0,1.0,81.66666666666669,1834.85,43.31978162388199,5.737118630268695,0.19634112,22.576496572796533,0.1324364624014136,1.8852049480702886,0.29925,0.6424599999999989,0.4657877533231649,4.72,3.8145,2.5607,0.5993,2.7505,2.5309,3.0914,1.9188,70.0,70.0,70.0,60.0,100.0,70.0,0.125,0.125,0.5,0.25
S1,0.5,0.5,2.0,1.0,81.66666666666669,1834.85,43.31978162388199,5.737118630268695,0.19634112,22.576496572796533,0.1324364624014136,1.8852049480702886,0.29925,0.6424599999999989,0.4657877533231649,4.72,3.8145,2.5607,0.5993,2.7505,2.5309,3.0914,1.9188,77.1,78.5,71.39999999999999,48.5,84.5,67.97500000000001,0.125,0.125,0.5,0.25
S1,0.5,0.5,2.0,1.0,81.66666666666669,1834.85,43.31978162388199,5.737118630268695,0.19634112,22.576496572796533,0.1324364624014136,1.8852049480702886,0.29925,0.6424599999999989,0.4657877533231649,4.72,3.8145,2.5607,0.5993,2.7505,2.5309,3.0914,1.9188,57.0,50.0,70.0,40.0,89.0,57.65,0.125,0.125,0.5,0.25
S1,0.5,0.5,2.0,1.0,81.66666666666669,1834.85,43.31978162388199,5.737118630268695,0.19634112,22.576496572796533,0.1324364624014136,1.8852049480702886,0.29925,0.6424599999999989,0.4657877533231649,4.72,3.8145,2.5607,0.5993,2.7505,2.5309,3.0914,1.9188,84.3,76.5,72.8,51.1,74.3,69.685,0.125,0.125,0.5,0.25
S1,0.5,0.5,2.0,1.0,81.66666666666669,1834.85,43.31978162388199,5.737118630268695,0.19634112,22.576496572796533,0.1324364624014136,1.8852049480702886,0.29925,0.6424599999999989,0.4657877533231649,4.72,3.8145,2.5607,0.5993,2.7505,2.5309,3.0914,1.9188,50.0,90.0,80.0,57.0,69.0,65.5,0.125,0.125,0.5,0.25
S1,0.5,0.5,2.0,1.0,81.66666666666669,1834.85,43.31978162388199,5.737118630268695,0.19634112,22.576496572796533,0.1324364624014136,1.8852049480702886,0.29925,0.6424599999999989,0.4657877533231649,4.72,3.8145,2.5607,0.5993,2.7505,2.5309,3.0914,1.9188,73.1,66.6,68.1,50.9,75.55,64.78,0.125,0.125,0.5,0.25
S1,0.5,0.5,2.0,1.0,81.66666666666669,1834.85,43.31978162388199,5.737118630268695,0.19634112,22.576496572796533,0.1324364624014136,1.8852049480702886,0.29925,0.6424599999999989,0.4657877533231649,4.72,3.8145,2.5607,0.5993,2.7505,2.5309,3.0914,1.9188,78.5,70.1,67.69999999999999,64.2,84.0,71.22,0.125,0.125,0.5,0.25
S1,0.5,0.5,2.0,1.0,81.66666666666669,1834.85,43.31978162388199,5.737118630268695,0.19634112,22.576496572796533,0.1324364624014136,1.8852049480702886,0.29925,0.6424599999999989,0.4657877533231649,4.72,3.8145,2.5607,0.5993,2.7505,2.5309,3.0914,1.9188,70.0,80.0,70.0,70.0,70.0,71.0,0.125,0.125,0.5,0.25
S1,0.5,0.5,2.0,1.0,81.66666666666669,1834.85,43.31978162388199,5.737118630268695,0.19634112,22.576496572796533,0.1324364624014136,1.8852049480702886,0.29925,0.6424599999999989,0.4657877533231649,4.72,3.8145,2.5607,0.5993,2.7505,2.5309,3.0914,1.9188,59.2,70.7,65.7,40.199999999999996,70.19999999999999,57.370000000000005,0.125,0.125,0.5,0.25
S1,0.5,0.5,2.0,1.0,81.66666666666669,1834.85,43.31978162388199,5.737118630268695,0.19634112,22.576496572796533,0.1324364624014136,1.8852049480702886,0.29925,0.6424599999999989,0.4657877533231649,4.72,3.8145,2.5607,0.5993,2.7505,2.5309,3.0914,1.9188,74.4,82.0,47.300000000000004,34.6,60.9,55.0,0.125,0.125,0.5,0.25
S1,0.5,0.5,2.0,1.0,81.66666666666669,1834.85,43.31978162388199,5.737118630268695,0.19634112,22.576496572796533,0.1324364624014136,1.8852049480702886,0.29925,0.6424599999999989,0.4657877533231649,4.72,3.8145,2.5607,0.5993,2.7505,2.5309,3.0914,1.9188,50.0,60.0,70.0,70.0,70.0,64.0,0.125,0.125,0.5,0.25
S2,1.5,0.5,1.5,0.5,44.58333333333334,2103.42,43.73794865838076,5.884042790534184,0.1385469773607517,19.383092691504878,0.134529464024297,1.019328402471628,0.22725,0.6283399999999998,0.36166725021485197,5.16,3.8945,3.5046,0.9612,2.3276,2.216,2.646,2.2565,73.5,70.3,52.800000000000004,52.300000000000004,66.3,60.9,0.375,0.125,0.375,0.125
S2,1.5,0.5,1.5,0.5,44.58333333333334,2103.42,43.73794865838076,5.884042790534184,0.1385469773607517,19.383092691504878,0.134529464024297,1.019328402471628,0.22725,0.6283399999999998,0.36166725021485197,5.16,3.8945,3.5046,0.9612,2.3276,2.216,2.646,2.2565,70.0,70.0,50.0,30.0,100.0,56.0,0.375,0.125,0.375,0.125
S2,1.5,0.5,1.5,0.5,44.58333333333334,2103.42,43.73794865838076,5.884042790534184,0.1385469773607517,19.383092691504878,0.134529464024297,1.019328402471628,0.22725,0.6283399999999998,0.36166725021485197,5.16,3.8945,3.5046,0.9612,2.3276,2.216,2.646,2.2565,59.6,61.1,69.5,51.4,69.3,60.730000000000004,0.375,0.125,0.375,0.125
S2,1.5,0.5,1.5,0.5,44.58333333333334,2103.42,43.73794865838076,5.884042790534184,0.1385469773607517,19.383092691504878,0.134529464024297,1.019328402471628,0.22725,0.6283399999999998,0.36166725021485197,5.16,3.8945,3.5046,0.9612,2.3276,2.216,2.646,2.2565,80.0,80.0,50.0,50.0,100.0,65.5,0.375,0.125,0.375,0.125
S2,1.5,0.5,1.5,0.5,44.58333333333334,2103.42,43.73794865838076,5.884042790534184,0.1385469773607517,19.383092691504878,0.134529464024297,1.019328402471628,0.22725,0.6283399999999998,0.36166725021485197,5.16,3.8945,3.5046,0.9612,2.3276,2.216,2.646,2.2565,74.2,80.0,60.0,51.4,73.89999999999999,64.36,0.375,0.125,0.375,0.125
S2,1.5,0.5,1.5,0.5,44.58333333333334,2103.42,43.73794865838076,5.884042790534184,0.1385469773607517,19.383092691504878,0.134529464024297,1.019328402471628,0.22725,0.6283399999999998,0.36166725021485197,5.16,3.8945,3.5046,0.9612,2.3276,2.216,2.646,2.2565,70.0,73.1,40.0,80.0,82.10000000000001,67.02,0.375,0.125,0.375,0.125
S2,1.5,0.5,1.5,0.5,44.58333333333334,2103.42,43.73794865838076,5.884042790534184,0.1385469773607517,19.383092691504878,0.134529464024297,1.019328402471628,0.22725,0.6283399999999998,0.36166725021485197,5.16,3.8945,3.5046,0.9612,2.3276,2.216,2.646,2.2565,62.199999999999996,90.1,40.099999999999994,79.9,63.9,64.95,0.375,0.125,0.375,0.125
S2,1.5,0.5,1.5,0.5,44.58333333333334,2103.42,43.73794865838076,5.884042790534184,0.1385469773607517,19.383092691504878,0.134529464024297,1.019328402471628,0.22725,0.6283399999999998,0.36166725021485197,5.16,3.8945,3.5046,0.9612,2.3276,2.216,2.646,2.2565,91.0,89.3,50.0,50.0,100.0,69.18,0.375,0.125,0.375,0.125
S2,1.5,0.5,1.5,0.5,44.58333333333334,2103.42,43.73794865838076,5.884042790534184,0.1385469773607517,19.383092691504878,0.134529464024297,1.019328402471628,0.22725,0.6283399999999998,0.36166725021485197,5.16,3.8945,3.5046,0.9612,2.3276,2.216,2.646,2.2565,80.0,87.89999999999999,91.1,26.099999999999998,100.0,69.39,0.375,0.125,0.375,0.125
S2,1.5,0.5,1.5,0.5,44.58333333333334,2103.42,43.73794865838076,5.884042790534184,0.1385469773607517,19.383092691504878,0.134529464024297,1.019328402471628,0.22725,0.6283399999999998,0.36166725021485197,5.16,3.8945,3.5046,0.9612,2.3276,2.216,2.646,2.2565,70.1,80.0,70.0,68.3,61.0,69.6,0.375,0.125,0.375,0.125
S2,1.5,0.5,1.5,0.5,44.58333333333334,2103.42,43.73794865838076,5.884042790534184,0.1385469773607517,19.383092691504878,0.134529464024297,1.019328402471628,0.22725,0.6283399999999998,0.36166725021485197,5.16,3.8945,3.5046,0.9612,2.3276,2.216,2.646,2.2565,67.69999999999999,67.9,67.30000000000001,77.9,66.9,70.6,0.375,0.125,0.375,0.125
S2,1.5,0.5,1.5,0.5,44.58333333333334,2103.42,43.73794865838076,5.884042790534184,0.1385469773607517,19.383092691504878,0.134529464024297,1.019328402471628,0.22725,0.6283399999999998,0.36166725021485197,5.16,3.8945,3.5046,0.9612,2.3276,2.216,2.646,2.2565,73.3,71.3,60.0,58.3,73.1,65.255,0.375,0.125,0.375,0.125
S2,1.5,0.5,1.5,0.5,44.58333333333334,2103.42,43.73794865838076,5.884042790534184,0.1385469773607517,19.383092691504878,0.134529464024297,1.019328402471628,0.22725,0.6283399999999998,0.36166725021485197,5.16,3.8945,3.5046,0.9612,2.3276,2.216,2.646,2.2565,58.5,60.099999999999994,34.900000000000006,83.9,60.199999999999996,60.55,0.375,0.125,0.375,0.125
S2,1.5,0.5,1.5,0.5,44.58333333333334,2103.42,43.73794865838076,5.884042790534184,0.1385469773607517,19.383092691504878,0.134529464024297,1.019328402471628,0.22725,0.6283399999999998,0.36166725021485197,5.16,3.8945,3.5046,0.9612,2.3276,2.216,2.646,2.2565,76.0,63.4,74.6,54.489999999999995,74.2,67.75,0.375,0.125,0.375,0.125
S2,1.5,0.5,1.5,0.5,44.58333333333334,2103.42,43.73794865838076,5.884042790534184,0.1385469773607517,19.383092691504878,0.134529464024297,1.019328402471628,0.22725,0.6283399999999998,0.36166725021485197,5.16,3.8945,3.5046,0.9612,2.3276,2.216,2.646,2.2565,64.1,94.3,46.900000000000006,73.1,71.9,66.3,0.375,0.125,0.375,0.125
S2,1.5,0.5,1.5,0.5,44.58333333333334,2103.42,43.73794865838076,5.884042790534184,0.1385469773607517,19.383092691504878,0.134529464024297,1.019328402471628,0.22725,0.6283399999999998,0.36166725021485197,5.16,3.8945,3.5046,0.9612,2.3276,2.216,2.646,2.2565,70.0,60.0,66.6,61.5,100.0,68.60000000000001,0.375,0.125,0.375,0.125
S2,1.5,0.5,1.5,0.5,44.58333333333334,2103.42,43.73794865838076,5.884042790534184,0.1385469773607517,19.383092691504878,0.134529464024297,1.019328402471628,0.22725,0.6283399999999998,0.36166725021485197,5.16,3.8945,3.5046,0.9612,2.3276,2.216,2.646,2.2565,64.3,57.699999999999996,68.5,54.900000000000006,68.2,62.25,0.375,0.125,0.375,0.125
S2,1.5,0.5,1.5,0.5,44.58333333333334,2103.42,43.73794865838076,5.884042790534184,0.1385469773607517,19.383092691504878,0.134529464024297,1.019328402471628,0.22725,0.6283399999999998,0.36166725021485197,5.16,3.8945,3.5046,0.9612,2.3276,2.216,2.646,2.2565,69.6,63.5,72.6,46.7,63.4,62.25,0.375,0.125,0.375,0.125
S2,1.5,0.5,1.5,0.5,44.58333333333334,2103.42,43.73794865838076,5.884042790534184,0.1385469773607517,19.383092691504878,0.134529464024297,1.019328402471628,0.22725,0.6283399999999998,0.36166725021485197,5.16,3.8945,3.5046,0.9612,2.3276,2.216,2.646,2.2565,76.10000000000001,71.6,54.6,68.2,67.9,67.085,0.375,0.125,0.375,0.125
S2,1.5,0.5,1.5,0.5,44.58333333333334,2103.42,43.73794865838076,5.884042790534184,0.1385469773607517,19.383092691504878,0.134529464024297,1.019328402471628,0.22725,0.6283399999999998,0.36166725021485197,5.16,3.8945,3.5046,0.9612,2.3276,2.216,2.646,2.2565,60.0,60.0,80.0,70.0,90.0,71.0,0.375,0.125,0.375,0.125
S3,1.0,2.0,0.5,0.5,60.208333333333336,3412.0,31.427575792775,6.205592836023035,0.1592467223,11.205325272854493,0.1974569364478205,1.9157803875911692,0.13724999999999998,0.6001000000000005,0.22871188135310758,5.04,3.7127,5.5298,2.0148,2.8983,2.3487,8.9305,2.8047,76.2,78.7,67.5,74.7,84.2,74.6,0.25,0.5,0.125,0.125
S3,1.0,2.0,0.5,0.5,60.208333333333336,3412.0,31.427575792775,6.205592836023035,0.1592467223,11.205325272854493,0.1974569364478205,1.9157803875911692,0.13724999999999998,0.6001000000000005,0.22871188135310758,5.04,3.7127,5.5298,2.0148,2.8983,2.3487,8.9305,2.8047,70.0,80.0,70.0,70.0,90.0,73.0,0.25,0.5,0.125,0.125
S3,1.0,2.0,0.5,0.5,60.208333333333336,3412.0,31.427575792775,6.205592836023035,0.1592467223,11.205325272854493,0.1974569364478205,1.9157803875911692,0.13724999999999998,0.6001000000000005,0.22871188135310758,5.04,3.7127,5.5298,2.0148,2.8983,2.3487,8.9305,2.8047,68.1,82.30000000000001,72.5,64.5,70.8,69.80000000000001,0.25,0.5,0.125,0.125
S3,1.0,2.0,0.5,0.5,60.208333333333336,3412.0,31.427575792775,6.205592836023035,0.1592467223,11.205325272854493,0.1974569364478205,1.9157803875911692,0.13724999999999998,0.6001000000000005,0.22871188135310758,5.04,3.7127,5.5298,2.0148,2.8983,2.3487,8.9305,2.8047,89.2,84.60000000000001,69.9,75.3,100.0,80.8,0.25,0.5,0.125,0.125
S3,1.0,2.0,0.5,0.5,60.208333333333336,3412.0,31.427575792775,6.205592836023035,0.1592467223,11.205325272854493,0.1974569364478205,1.9157803875911692,0.13724999999999998,0.6001000000000005,0.22871188135310758,5.04,3.7127,5.5298,2.0148,2.8983,2.3487,8.9305,2.8047,70.0,70.0,70.0,80.0,70.0,73.0,0.25,0.5,0.125,0.125
S3,1.0,2.0,0.5,0.5,60.208333333333336,3412.0,31.427575792775,6.205592836023035,0.1592467223,11.205325272854493,0.1974569364478205,1.9157803875911692,0.13724999999999998,0.6001000000000005,0.22871188135310758,5.04,3.7127,5.5298,2.0148,2.8983,2.3487,8.9305,2.8047,57.0,54.0,67.0,73.0,70.9,65.39,0.25,0.5,0.125,0.125
S3,1.0,2.0,0.5,0.5,60.208333333333336,3412.0,31.427575792775,6.205592836023035,0.1592467223,11.205325272854493,0.1974569364478205,1.9157803875911692,0.13724999999999998,0.6001000000000005,0.22871188135310758,5.04,3.7127,5.5298,2.0148,2.8983,2.3487,8.9305,2.8047,52.1,66.6,88.10000000000001,76.39999999999999,68.60000000000001,71.49,0.25,0.5,0.125,0.125
S3,1.0,2.0,0.5,0.5,60.208333333333336,3412.0,31.427575792775,6.205592836023035,0.1592467223,11.205325272854493,0.1974569364478205,1.9157803875911692,0.13724999999999998,0.6001000000000005,0.22871188135310758,5.04,3.7127,5.5298,2.0148,2.8983,2.3487,8.9305,2.8047,90.0,90.0,80.0,60.0,75.9,77.0,0.25,0.5,0.125,0.125
S3,1.0,2.0,0.5,0.5,60.208333333333336,3412.0,31.427575792775,6.205592836023035,0.1592467223,11.205325272854493,0.1974569364478205,1.9157803875911692,0.13724999999999998,0.6001000000000005,0.22871188135310758,5.04,3.7127,5.5298,2.0148,2.8983,2.3487,8.9305,2.8047,91.5,84.9,92.89999999999999,82.10000000000001,100.0,89.22,0.25,0.5,0.125,0.125
S3,1.0,2.0,0.5,0.5,60.208333333333336,3412.0,31.427575792775,6.205592836023035,0.1592467223,11.205325272854493,0.1974569364478205,1.9157803875911692,0.13724999999999998,0.6001000000000005,0.22871188135310758,5.04,3.7127,5.5298,2.0148,2.8983,2.3487,8.9305,2.8047,90.0,90.0,80.0,80.0,78.0,83.3,0.25,0.5,0.125,0.125
S3,1.0,2.0,0.5,0.5,60.208333333333336,3412.0,31.427575792775,6.205592836023035,0.1592467223,11.205325272854493,0.1974569364478205,1.9157803875911692,0.13724999999999998,0.6001000000000005,0.22871188135310758,5.04,3.7127,5.5298,2.0148,2.8983,2.3487,8.9305,2.8047,78.0,70.5,74.5,60.7,88.6,72.24000000000001,0.25,0.5,0.125,0.125
S3,1.0,2.0,0.5,0.5,60.208333333333336,3412.0,31.427575792775,6.205592836023035,0.1592467223,11.205325272854493,0.1974569364478205,1.9157803875911692,0.13724999999999998,0.6001000000000005,0.22871188135310758,5.04,3.7127,5.5298,2.0148,2.8983,2.3487,8.9305,2.8047,82.5,79.2,67.1,65.8,78.2,72.88,0.25,0.5,0.125,0.125
S3,1.0,2.0,0.5,0.5,60.208333333333336,3412.0,31.427575792775,6.205592836023035,0.1592467223,11.205325272854493,0.1974569364478205,1.9157803875911692,0.13724999999999998,0.6001000000000005,0.22871188135310758,5.04,3.7127,5.5298,2.0148,2.8983,2.3487,8.9305,2.8047,73.3,82.8,60.9,75.3,79.2,72.34,0.25,0.5,0.125,0.125
S3,1.0,2.0,0.5,0.5,60.208333333333336,3412.0,31.427575792775,6.205592836023035,0.1592467223,11.205325272854493,0.1974569364478205,1.9157803875911692,0.13724999999999998,0.6001000000000005,0.22871188135310758,5.04,3.7127,5.5298,2.0148,2.8983,2.3487,8.9305,2.8047,80.0,80.0,70.0,80.0,90.0,78.5,0.25,0.5,0.125,0.125
S3,1.0,2.0,0.5,0.5,60.208333333333336,3412.0,31.427575792775,6.205592836023035,0.1592467223,11.205325272854493,0.1974569364478205,1.9157803875911692,0.13724999999999998,0.6001000000000005,0.22871188135310758,5.04,3.7127,5.5298,2.0148,2.8983,2.3487,8.9305,2.8047,75.3,80.19999999999999,84.39999999999999,80.19999999999999,84.3,80.42999999999999,0.25,0.5,0.125,0.125
S3,1.0,2.0,0.5,0.5,60.208333333333336,3412.0,31.427575792775,6.205592836023035,0.1592467223,11.205325272854493,0.1974569364478205,1.9157803875911692,0.13724999999999998,0.6001000000000005,0.22871188135310758,5.04,3.7127,5.5298,2.0148,2.8983,2.3487,8.9305,2.8047,91.0,92.10000000000001,73.3,85.19999999999999,100.0,85.84,0.25,0.5,0.125,0.125
S3,1.0,2.0,0.5,0.5,60.208333333333336,3412.0,31.427575792775,6.205592836023035,0.1592467223,11.205325272854493,0.1974569364478205,1.9157803875911692,0.13724999999999998,0.6001000000000005,0.22871188135310758,5.04,3.7127,5.5298,2.0148,2.8983,2.3487,8.9305,2.8047,80.0,70.0,60.0,70.0,70.0,70.0,0.25,0.5,0.125,0.125
S3,1.0,2.0,0.5,0.5,60.208333333333336,3412.0,31.427575792775,6.205592836023035,0.1592467223,11.205325272854493,0.1974569364478205,1.9157803875911692,0.13724999999999998,0.6001000000000005,0.22871188135310758,5.04,3.7127,5.5298,2.0148,2.8983,2.3487,8.9305,2.8047,70.1,98.3,82.8,80.0,100.0,82.0,0.25,0.5,0.125,0.125
S3,1.0,2.0,0.5,0.5,60.208333333333336,3412.0,31.427575792775,6.205592836023035,0.1592467223,11.205325272854493,0.1974569364478205,1.9157803875911692,0.13724999999999998,0.6001000000000005,0.22871188135310758,5.04,3.7127,5.5298,2.0148,2.8983,2.3487,8.9305,2.8047,79.5,63.099999999999994,77.0,61.2,84.3,72.2,0.25,0.5,0.125,0.125
S3,1.0,2.0,0.5,0.5,60.208333333333336,3412.0,31.427575792775,6.205592836023035,0.1592467223,11.205325272854493,0.1974569364478205,1.9157803875911692,0.13724999999999998,0.6001000000000005,0.22871188135310758,5.04,3.7127,5.5298,2.0148,2.8983,2.3487,8.9305,2.8047,65.5,83.0,68.1,75.0,88.0,73.0,0.25,0.5,0.125,0.125
S4,1.5,1.5,0.5,0.5,64.58333333333334,2973.42,40.2660006969451,8.39024188179102,0.34167991724941,22.796807279026837,0.2083703803846497,1.603917255637289,0.08324999999999999,0.99546,0.08362967874148634,5.1,3.32,5.3404,0.3344,2.6522,2.2118,3.3275,1.7663,75.4,73.60000000000001,60.0,71.2,75.9,70.16,0.375,0.375,0.125,0.125
S4,1.5,1.5,0.5,0.5,64.58333333333334,2973.42,40.2660006969451,8.39024188179102,0.34167991724941,22.796807279026837,0.2083703803846497,1.603917255637289,0.08324999999999999,0.99546,0.08362967874148634,5.1,3.32,5.3404,0.3344,2.6522,2.2118,3.3275,1.7663,40.0,35.0,38.9,45.5,82.30000000000001,45.099999999999994,0.375,0.375,0.125,0.125
S4,1.5,1.5,0.5,0.5,64.58333333333334,2973.42,40.2660006969451,8.39024188179102,0.34167991724941,22.796807279026837,0.2083703803846497,1.603917255637289,0.08324999999999999,0.99546,0.08362967874148634,5.1,3.32,5.3404,0.3344,2.6522,2.2118,3.3275,1.7663,60.0,50.0,40.0,50.0,49.1,49.900000000000006,0.375,0.375,0.125,0.125
S4,1.5,1.5,0.5,0.5,64.58333333333334,2973.42,40.2660006969451,8.39024188179102,0.34167991724941,22.796807279026837,0.2083703803846497,1.603917255637289,0.08324999999999999,0.99546,0.08362967874148634,5.1,3.32,5.3404,0.3344,2.6522,2.2118,3.3275,1.7663,70.0,70.0,40.0,30.0,77.5,51.25,0.375,0.375,0.125,0.125
S4,1.5,1.5,0.5,0.5,64.58333333333334,2973.42,40.2660006969451,8.39024188179102,0.34167991724941,22.796807279026837,0.2083703803846497,1.603917255637289,0.08324999999999999,0.99546,0.08362967874148634,5.1,3.32,5.3404,0.3344,2.6522,2.2118,3.3275,1.7663,76.9,62.199999999999996,50.0,50.0,68.3,59.77,0.375,0.375,0.125,0.125
S4,1.5,1.5,0.5,0.5,64.58333333333334,2973.42,40.2660006969451,8.39024188179102,0.34167991724941,22.796807279026837,0.2083703803846497,1.603917255637289,0.08324999999999999,0.99546,0.08362967874148634,5.1,3.32,5.3404,0.3344,2.6522,2.2118,3.3275,1.7663,73.89999999999999,70.5,57.300000000000004,83.3,63.7,71.21000000000001,0.375,0.375,0.125,0.125
S4,1.5,1.5,0.5,0.5,64.58333333333334,2973.42,40.2660006969451,8.39024188179102,0.34167991724941,22.796807279026837,0.2083703803846497,1.603917255637289,0.08324999999999999,0.99546,0.08362967874148634,5.1,3.32,5.3404,0.3344,2.6522,2.2118,3.3275,1.7663,90.0,90.0,30.0,50.0,85.0,62.5,0.375,0.375,0.125,0.125
S4,1.5,1.5,0.5,0.5,64.58333333333334,2973.42,40.2660006969451,8.39024188179102,0.34167991724941,22.796807279026837,0.2083703803846497,1.603917255637289,0.08324999999999999,0.99546,0.08362967874148634,5.1,3.32,5.3404,0.3344,2.6522,2.2118,3.3275,1.7663,65.3,77.9,61.900000000000006,63.7,64.3,65.13,0.375,0.375,0.125,0.125
S4,1.5,1.5,0.5,0.5,64.58333333333334,2973.42,40.2660006969451,8.39024188179102,0.34167991724941,22.796807279026837,0.2083703803846497,1.603917255637289,0.08324999999999999,0.99546,0.08362967874148634,5.1,3.32,5.3404,0.3344,2.6522,2.2118,3.3275,1.7663,80.0,60.0,70.0,68.0,80.0,71.9,0.375,0.375,0.125,0.125
S4,1.5,1.5,0.5,0.5,64.58333333333334,2973.42,40.2660006969451,8.39024188179102,0.34167991724941,22.796807279026837,0.2083703803846497,1.603917255637289,0.08324999999999999,0.99546,0.08362967874148634,5.1,3.32,5.3404,0.3344,2.6522,2.2118,3.3275,1.7663,71.10000000000001,76.9,90.19999999999999,46.4,76.39999999999999,69.57,0.375,0.375,0.125,0.125
S4,1.5,1.5,0.5,0.5,64.58333333333334,2973.42,40.2660006969451,8.39024188179102,0.34167991724941,22.796807279026837,0.2083703803846497,1.603917255637289,0.08324999999999999,0.99546,0.08362967874148634,5.1,3.32,5.3404,0.3344,2.6522,2.2118,3.3275,1.7663,80.0,80.0,80.0,90.0,71.10000000000001,82.11,0.375,0.375,0.125,0.125
S4,1.5,1.5,0.5,0.5,64.58333333333334,2973.42,40.2660006969451,8.39024188179102,0.34167991724941,22.796807279026837,0.2083703803846497,1.603917255637289,0.08324999999999999,0.99546,0.08362967874148634,5.1,3.32,5.3404,0.3344,2.6522,2.2118,3.3275,1.7663,70.0,70.7,82.0,60.0,76.3,70.7,0.375,0.375,0.125,0.125
S4,1.5,1.5,0.5,0.5,64.58333333333334,2973.42,40.2660006969451,8.39024188179102,0.34167991724941,22.796807279026837,0.2083703803846497,1.603917255637289,0.08324999999999999,0.99546,0.08362967874148634,5.1,3.32,5.3404,0.3344,2.6522,2.2118,3.3275,1.7663,86.4,80.5,67.1,60.0,91.0,73.525,0.375,0.375,0.125,0.125
S4,1.5,1.5,0.5,0.5,64.58333333333334,2973.42,40.2660006969451,8.39024188179102,0.34167991724941,22.796807279026837,0.2083703803846497,1.603917255637289,0.08324999999999999,0.99546,0.08362967874148634,5.1,3.32,5.3404,0.3344,2.6522,2.2118,3.3275,1.7663,67.30000000000001,77.9,68.0,46.7,84.3,64.0,0.375,0.375,0.125,0.125
S4,1.5,1.5,0.5,0.5,64.58333333333334,2973.42,40.2660006969451,8.39024188179102,0.34167991724941,22.796807279026837,0.2083703803846497,1.603917255637289,0.08324999999999999,0.99546,0.08362967874148634,5.1,3.32,5.3404,0.3344,2.6522,2.2118,3.3275,1.7663,60.0,60.0,60.0,70.0,70.19999999999999,64.02,0.375,0.375,0.125,0.125
S4,1.5,1.5,0.5,0.5,64.58333333333334,2973.42,40.2660006969451,8.39024188179102,0.34167991724941,22.796807279026837,0.2083703803846497,1.603917255637289,0.08324999999999999,0.99546,0.08362967874148634,5.1,3.32,5.3404,0.3344,2.6522,2.2118,3.3275,1.7663,69.4,70.1,72.9,64.7,77.5,69.74000000000001,0.375,0.375,0.125,0.125
S4,1.5,1.5,0.5,0.5,64.58333333333334,2973.42,40.2660006969451,8.39024188179102,0.34167991724941,22.796807279026837,0.2083703803846497,1.603917255637289,0.08324999999999999,0.99546,0.08362967874148634,5.1,3.32,5.3404,0.3344,2.6522,2.2118,3.3275,1.7663,67.2,84.9,74.6,69.0,68.89999999999999,71.53,0.375,0.375,0.125,0.125
S4,1.5,1.5,0.5,0.5,64.58333333333334,2973.42,40.2660006969451,8.39024188179102,0.34167991724941,22.796807279026837,0.2083703803846497,1.603917255637289,0.08324999999999999,0.99546,0.08362967874148634,5.1,3.32,5.3404,0.3344,2.6522,2.2118,3.3275,1.7663,70.0,81.4,86.6,54.3,70.19999999999999,70.6,0.375,0.375,0.125,0.125
S4,1.5,1.5,0.5,0.5,64.58333333333334,2973.42,40.2660006969451,8.39024188179102,0.34167991724941,22.796807279026837,0.2083703803846497,1.603917255637289,0.08324999999999999,0.99546,0.08362967874148634,5.1,3.32,5.3404,0.3344,2.6522,2.2118,3.3275,1.7663,77.23,68.0,65.9,78.3,78.0,73.872,0.375,0.375,0.125,0.125
S4,1.5,1.5,0.5,0.5,64.58333333333334,2973.42,40.2660006969451,8.39024188179102,0.34167991724941,22.796807279026837,0.2083703803846497,1.603917255637289,0.08324999999999999,0.99546,0.08362967874148634,5.1,3.32,5.3404,0.3344,2.6522,2.2118,3.3275,1.7663,84.3,77.2,76.9,65.5,74.4,75.11,0.375,0.375,0.125,0.125
S5,1.0,0.5,2.0,0.5,127.9166666666667,2094.85,42.62283656638402,7.872148438388455,0.16731552678179887,25.072256803755305,0.1846932084430321,3.0011298395741366,0.387,2.28744,0.16918476550204595,4.53,3.6672,4.6298,0.7087,2.6778,2.6394,5.7151,1.7,74.0,74.0,70.0,73.0,100.0,75.3,0.25,0.125,0.5,0.125
S5,1.0,0.5,2.0,0.5,127.9166666666667,2094.85,42.62283656638402,7.872148438388455,0.16731552678179887,25.072256803755305,0.1846932084430321,3.0011298395741366,0.387,2.28744,0.16918476550204595,4.53,3.6672,4.6298,0.7087,2.6778,2.6394,5.7151,1.7,72.0,69.3,82.2,80.1,78.8,77.39,0.25,0.125,0.5,0.125
S5,1.0,0.5,2.0,0.5,127.9166666666667,2094.85,42.62283656638402,7.872148438388455,0.16731552678179887,25.072256803755305,0.1846932084430321,3.0011298395741366,0.387,2.28744,0.16918476550204595,4.53,3.6672,4.6298,0.7087,2.6778,2.6394,5.7151,1.7,70.0,70.0,70.0,70.0,76.10000000000001,70.0,0.25,0.125,0.5,0.125
S5,1.0,0.5,2.0,0.5,127.9166666666667,2094.85,42.62283656638402,7.872148438388455,0.16731552678179887,25.072256803755305,0.1846932084430321,3.0011298395741366,0.387,2.28744,0.16918476550204595,4.53,3.6672,4.6298,0.7087,2.6778,2.6394,5.7151,1.7,61.0,58.8,68.89999999999999,60.0,70.8,63.43,0.25,0.125,0.5,0.125
S5,1.0,0.5,2.0,0.5,127.9166666666667,2094.85,42.62283656638402,7.872148438388455,0.16731552678179887,25.072256803755305,0.1846932084430321,3.0011298395741366,0.387,2.28744,0.16918476550204595,4.53,3.6672,4.6298,0.7087,2.6778,2.6394,5.7151,1.7,74.0,74.0,70.0,70.0,84.5,72.85,0.25,0.125,0.5,0.125
S5,1.0,0.5,2.0,0.5,127.9166666666667,2094.85,42.62283656638402,7.872148438388455,0.16731552678179887,25.072256803755305,0.1846932084430321,3.0011298395741366,0.387,2.28744,0.16918476550204595,4.53,3.6672,4.6298,0.7087,2.6778,2.6394,5.7151,1.7,80.0,80.0,70.0,60.0,100.0,73.5,0.25,0.125,0.5,0.125
S5,1.0,0.5,2.0,0.5,127.9166666666667,2094.85,42.62283656638402,7.872148438388455,0.16731552678179887,25.072256803755305,0.1846932084430321,3.0011298395741366,0.387,2.28744,0.16918476550204595,4.53,3.6672,4.6298,0.7087,2.6778,2.6394,5.7151,1.7,64.9,58.8,74.5,59.0,46.1,63.040000000000006,0.25,0.125,0.5,0.125
S5,1.0,0.5,2.0,0.5,127.9166666666667,2094.85,42.62283656638402,7.872148438388455,0.16731552678179887,25.072256803755305,0.1846932084430321,3.0011298395741366,0.387,2.28744,0.16918476550204595,4.53,3.6672,4.6298,0.7087,2.6778,2.6394,5.7151,1.7,60.099999999999994,80.0,80.0,67.1,79.2,71.0,0.25,0.125,0.5,0.125
S5,1.0,0.5,2.0,0.5,127.9166666666667,2094.85,42.62283656638402,7.872148438388455,0.16731552678179887,25.072256803755305,0.1846932084430321,3.0011298395741366,0.387,2.28744,0.16918476550204595,4.53,3.6672,4.6298,0.7087,2.6778,2.6394,5.7151,1.7,77.1,79.1,91.89999999999999,74.2,100.0,82.4,0.25,0.125,0.5,0.125
S5,1.0,0.5,2.0,0.5,127.9166666666667,2094.85,42.62283656638402,7.872148438388455,0.16731552678179887,25.072256803755305,0.1846932084430321,3.0011298395741366,0.387,2.28744,0.16918476550204595,4.53,3.6672,4.6298,0.7087,2.6778,2.6394,5.7151,1.7,80.0,80.0,80.0,90.0,84.1,83.41,0.25,0.125,0.5,0.125
S5,1.0,0.5,2.0,0.5,127.9166666666667,2094.85,42.62283656638402,7.872148438388455,0.16731552678179887,25.072256803755305,0.1846932084430321,3.0011298395741366,0.387,2.28744,0.16918476550204595,4.53,3.6672,4.6298,0.7087,2.6778,2.6394,5.7151,1.7,73.3,80.5,70.6,64.4,72.6,70.6,0.25,0.125,0.5,0.125
S5,1.0,0.5,2.0,0.5,127.9166666666667,2094.85,42.62283656638402,7.872148438388455,0.16731552678179887,25.072256803755305,0.1846932084430321,3.0011298395741366,0.387,2.28744,0.16918476550204595,4.53,3.6672,4.6298,0.7087,2.6778,2.6394,5.7151,1.7,84.2,74.3,64.9,60.099999999999994,90.0,71.7,0.25,0.125,0.5,0.125
S5,1.0,0.5,2.0,0.5,127.9166666666667,2094.85,42.62283656638402,7.872148438388455,0.16731552678179887,25.072256803755305,0.1846932084430321,3.0011298395741366,0.387,2.28744,0.16918476550204595,4.53,3.6672,4.6298,0.7087,2.6778,2.6394,5.7151,1.7,60.0,60.0,60.0,60.0,70.1,61.0,0.25,0.125,0.5,0.125
S5,1.0,0.5,2.0,0.5,127.9166666666667,2094.85,42.62283656638402,7.872148438388455,0.16731552678179887,25.072256803755305,0.1846932084430321,3.0011298395741366,0.387,2.28744,0.16918476550204595,4.53,3.6672,4.6298,0.7087,2.6778,2.6394,5.7151,1.7,93.69999999999999,84.0,71.10000000000001,66.10000000000001,72.2,76.65,0.25,0.125,0.5,0.125
S5,1.0,0.5,2.0,0.5,127.9166666666667,2094.85,42.62283656638402,7.872148438388455,0.16731552678179887,25.072256803755305,0.1846932084430321,3.0011298395741366,0.387,2.28744,0.16918476550204595,4.53,3.6672,4.6298,0.7087,2.6778,2.6394,5.7151,1.7,75.3,64.41,70.8,62.400000000000006,76.10000000000001,69.29,0.25,0.125,0.5,0.125
S5,1.0,0.5,2.0,0.5,127.9166666666667,2094.85,42.62283656638402,7.872148438388455,0.16731552678179887,25.072256803755305,0.1846932084430321,3.0011298395741366,0.387,2.28744,0.16918476550204595,4.53,3.6672,4.6298,0.7087,2.6778,2.6394,5.7151,1.7,90.0,90.0,80.0,70.0,100.0,82.5,0.25,0.125,0.5,0.125
S5,1.0,0.5,2.0,0.5,127.9166666666667,2094.85,42.62283656638402,7.872148438388455,0.16731552678179887,25.072256803755305,0.1846932084430321,3.0011298395741366,0.387,2.28744,0.16918476550204595,4.53,3.6672,4.6298,0.7087,2.6778,2.6394,5.7151,1.7,80.19999999999999,80.9,72.9,97.5,74.3,83.04500000000002,0.25,0.125,0.5,0.125
S5,1.0,0.5,2.0,0.5,127.9166666666667,2094.85,42.62283656638402,7.872148438388455,0.16731552678179887,25.072256803755305,0.1846932084430321,3.0011298395741366,0.387,2.28744,0.16918476550204595,4.53,3.6672,4.6298,0.7087,2.6778,2.6394,5.7151,1.7,71.5,73.8,76.6,64.2,79.2,71.58,0.25,0.125,0.5,0.125
S5,1.0,0.5,2.0,0.5,127.9166666666667,2094.85,42.62283656638402,7.872148438388455,0.16731552678179887,25.072256803755305,0.1846932084430321,3.0011298395741366,0.387,2.28744,0.16918476550204595,4.53,3.6672,4.6298,0.7087,2.6778,2.6394,5.7151,1.7,76.3,77.2,65.4,74.5,78.5,73.3,0.25,0.125,0.5,0.125
S5,1.0,0.5,2.0,0.5,127.9166666666667,2094.85,42.62283656638402,7.872148438388455,0.16731552678179887,25.072256803755305,0.1846932084430321,3.0011298395741366,0.387,2.28744,0.16918476550204595,4.53,3.6672,4.6298,0.7087,2.6778,2.6394,5.7151,1.7,80.0,80.0,70.0,70.0,70.0,73.5,0.25,0.125,0.5,0.125
S6,1.0,0.5,1.0,1.5,85.83333333333334,2729.14,45.96817284237426,7.380549130542662,0.18632272059291,25.843690809228235,0.16055780933148475,1.8672339583228048,0.21825,1.1084200000000002,0.19690189639306396,4.91,4.9345,0.8217,0.741,2.9513,2.3243,1.7708,1.7787,71.39999999999999,71.39999999999999,62.800000000000004,61.4,100.0,69.1,0.25,0.125,0.25,0.375
S6,1.0,0.5,1.0,1.5,85.83333333333334,2729.14,45.96817284237426,7.380549130542662,0.18632272059291,25.843690809228235,0.16055780933148475,1.8672339583228048,0.21825,1.1084200000000002,0.19690189639306396,4.91,4.9345,0.8217,0.741,2.9513,2.3243,1.7708,1.7787,50.0,60.0,70.0,30.0,80.0,53.0,0.25,0.125,0.25,0.375
S6,1.0,0.5,1.0,1.5,85.83333333333334,2729.14,45.96817284237426,7.380549130542662,0.18632272059291,25.843690809228235,0.16055780933148475,1.8672339583228048,0.21825,1.1084200000000002,0.19690189639306396,4.91,4.9345,0.8217,0.741,2.9513,2.3243,1.7708,1.7787,60.0,60.0,50.0,50.0,69.5,55.45,0.25,0.125,0.25,0.375
S6,1.0,0.5,1.0,1.5,85.83333333333334,2729.14,45.96817284237426,7.380549130542662,0.18632272059291,25.843690809228235,0.16055780933148475,1.8672339583228048,0.21825,1.1084200000000002,0.19690189639306396,4.91,4.9345,0.8217,0.741,2.9513,2.3243,1.7708,1.7787,71.39999999999999,71.39999999999999,62.800000000000004,61.4,63.3,65.44,0.25,0.125,0.25,0.375
S6,1.0,0.5,1.0,1.5,85.83333333333334,2729.14,45.96817284237426,7.380549130542662,0.18632272059291,25.843690809228235,0.16055780933148475,1.8672339583228048,0.21825,1.1084200000000002,0.19690189639306396,4.91,4.9345,0.8217,0.741,2.9513,2.3243,1.7708,1.7787,80.0,70.0,50.0,67.0,100.0,69.6,0.25,0.125,0.25,0.375
S6,1.0,0.5,1.0,1.5,85.83333333333334,2729.14,45.96817284237426,7.380549130542662,0.18632272059291,25.843690809228235,0.16055780933148475,1.8672339583228048,0.21825,1.1084200000000002,0.19690189639306396,4.91,4.9345,0.8217,0.741,2.9513,2.3243,1.7708,1.7787,81.19999999999999,70.5,55.199999999999996,70.3,82.2,70.46000000000001,0.25,0.125,0.25,0.375
S6,1.0,0.5,1.0,1.5,85.83333333333334,2729.14,45.96817284237426,7.380549130542662,0.18632272059291,25.843690809228235,0.16055780933148475,1.8672339583228048,0.21825,1.1084200000000002,0.19690189639306396,4.91,4.9345,0.8217,0.741,2.9513,2.3243,1.7708,1.7787,77.2,63.3,72.5,41.900000000000006,80.0,64.3,0.25,0.125,0.25,0.375
S6,1.0,0.5,1.0,1.5,85.83333333333334,2729.14,45.96817284237426,7.380549130542662,0.18632272059291,25.843690809228235,0.16055780933148475,1.8672339583228048,0.21825,1.1084200000000002,0.19690189639306396,4.91,4.9345,0.8217,0.741,2.9513,2.3243,1.7708,1.7787,71.0,70.0,60.0,60.0,100.0,67.75,0.25,0.125,0.25,0.375
S6,1.0,0.5,1.0,1.5,85.83333333333334,2729.14,45.96817284237426,7.380549130542662,0.18632272059291,25.843690809228235,0.16055780933148475,1.8672339583228048,0.21825,1.1084200000000002,0.19690189639306396,4.91,4.9345,0.8217,0.741,2.9513,2.3243,1.7708,1.7787,80.8,80.0,50.0,79.9,71.5,71.82000000000001,0.25,0.125,0.25,0.375
S6,1.0,0.5,1.0,1.5,85.83333333333334,2729.14,45.96817284237426,7.380549130542662,0.18632272059291,25.843690809228235,0.16055780933148475,1.8672339583228048,0.21825,1.1084200000000002,0.19690189639306396,4.91,4.9345,0.8217,0.741,2.9513,2.3243,1.7708,1.7787,80.0,72.2,80.0,50.7,90.0,71.42999999999999,0.25,0.125,0.25,0.375
S6,1.0,0.5,1.0,1.5,85.83333333333334,2729.14,45.96817284237426,7.380549130542662,0.18632272059291,25.843690809228235,0.16055780933148475,1.8672339583228048,0.21825,1.1084200000000002,0.19690189639306396,4.91,4.9345,0.8217,0.741,2.9513,2.3243,1.7708,1.7787,70.19999999999999,66.8,54.900000000000006,80.0,100.0,71.95,0.25,0.125,0.25,0.375
S6,1.0,0.5,1.0,1.5,85.83333333333334,2729.14,45.96817284237426,7.380549130542662,0.18632272059291,25.843690809228235,0.16055780933148475,1.8672339583228048,0.21825,1.1084200000000002,0.19690189639306396,4.91,4.9345,0.8217,0.741,2.9513,2.3243,1.7708,1.7787,69.0,57.0,50.9,32.3,76.10000000000001,52.975,0.25,0.125,0.25,0.375
S6,1.0,0.5,1.0,1.5,85.83333333333334,2729.14,45.96817284237426,7.380549130542662,0.18632272059291,25.843690809228235,0.16055780933148475,1.8672339583228048,0.21825,1.1084200000000002,0.19690189639306396,4.91,4.9345,0.8217,0.741,2.9513,2.3243,1.7708,1.7787,70.0,61.0,76.10000000000001,65.6,77.69999999999999,70.0,0.25,0.125,0.25,0.375
S6,1.0,0.5,1.0,1.5,85.83333333333334,2729.14,45.96817284237426,7.380549130542662,0.18632272059291,25.843690809228235,0.16055780933148475,1.8672339583228048,0.21825,1.1084200000000002,0.19690189639306396,4.91,4.9345,0.8217,0.741,2.9513,2.3243,1.7708,1.7787,76.39999999999999,66.6,70.4,59.1,81.19999999999999,69.21000000000001,0.25,0.125,0.25,0.375
S6,1.0,0.5,1.0,1.5,85.83333333333334,2729.14,45.96817284237426,7.380549130542662,0.18632272059291,25.843690809228235,0.16055780933148475,1.8672339583228048,0.21825,1.1084200000000002,0.19690189639306396,4.91,4.9345,0.8217,0.741,2.9513,2.3243,1.7708,1.7787,70.3,72.2,62.599999999999994,64.9,77.4,67.655,0.25,0.125,0.25,0.375
S6,1.0,0.5,1.0,1.5,85.83333333333334,2729.14,45.96817284237426,7.380549130542662,0.18632272059291,25.843690809228235,0.16055780933148475,1.8672339583228048,0.21825,1.1084200000000002,0.19690189639306396,4.91,4.9345,0.8217,0.741,2.9513,2.3243,1.7708,1.7787,70.0,70.0,60.0,73.0,90.0,70.4,0.25,0.125,0.25,0.375
S6,1.0,0.5,1.0,1.5,85.83333333333334,2729.14,45.96817284237426,7.380549130542662,0.18632272059291,25.843690809228235,0.16055780933148475,1.8672339583228048,0.21825,1.1084200000000002,0.19690189639306396,4.91,4.9345,0.8217,0.741,2.9513,2.3243,1.7708,1.7787,69.7,69.5,62.800000000000004,56.0,78.3,64.7,0.25,0.125,0.25,0.375
S6,1.0,0.5,1.0,1.5,85.83333333333334,2729.14,45.96817284237426,7.380549130542662,0.18632272059291,25.843690809228235,0.16055780933148475,1.8672339583228048,0.21825,1.1084200000000002,0.19690189639306396,4.91,4.9345,0.8217,0.741,2.9513,2.3243,1.7708,1.7787,76.0,75.0,61.7,58.3,71.8,66.595,0.25,0.125,0.25,0.375
S6,1.0,0.5,1.0,1.5,85.83333333333334,2729.14,45.96817284237426,7.380549130542662,0.18632272059291,25.843690809228235,0.16055780933148475,1.8672339583228048,0.21825,1.1084200000000002,0.19690189639306396,4.91,4.9345,0.8217,0.741,2.9513,2.3243,1.7708,1.7787,68.60000000000001,73.0,43.9,32.599999999999994,62.9,51.495,0.25,0.125,0.25,0.375
S6,1.0,0.5,1.0,1.5,85.83333333333334,2729.14,45.96817284237426,7.380549130542662,0.18632272059291,25.843690809228235,0.16055780933148475,1.8672339583228048,0.21825,1.1084200000000002,0.19690189639306396,4.91,4.9345,0.8217,0.741,2.9513,2.3243,1.7708,1.7787,73.3,80.19999999999999,71.9,65.5,74.6,71.42999999999999,0.25,0.125,0.25,0.375
S7,0.5,1.0,1.0,1.5,62.91666666666667,2877.71,41.04309443605529,9.015893010741573,0.30770363774524734,25.184447711882736,0.21966893906569934,1.5329415954415955,0.27449999999999997,0.3671199999999987,0.7477119198082396,4.75,3.7763,5.1054,0.4266,2.5359,2.3784,2.7502,1.6297,77.5,80.0,72.5,72.083333,72.0,74.3,0.125,0.25,0.25,0.375
S7,0.5,1.0,1.0,1.5,62.91666666666667,2877.71,41.04309443605529,9.015893010741573,0.30770363774524734,25.184447711882736,0.21966893906569934,1.5329415954415955,0.27449999999999997,0.3671199999999987,0.7477119198082396,4.75,3.7763,5.1054,0.4266,2.5359,2.3784,2.7502,1.6297,80.0,66.39999999999999,71.2,50.0,78.2,67.26,0.125,0.25,0.25,0.375
S7,0.5,1.0,1.0,1.5,62.91666666666667,2877.71,41.04309443605529,9.015893010741573,0.30770363774524734,25.184447711882736,0.21966893906569934,1.5329415954415955,0.27449999999999997,0.3671199999999987,0.7477119198082396,4.75,3.7763,5.1054,0.4266,2.5359,2.3784,2.7502,1.6297,80.1,90.5,100.0,87.6,84.9,88.80000000000001,0.125,0.25,0.25,0.375
S7,0.5,1.0,1.0,1.5,62.91666666666667,2877.71,41.04309443605529,9.015893010741573,0.30770363774524734,25.184447711882736,0.21966893906569934,1.5329415954415955,0.27449999999999997,0.3671199999999987,0.7477119198082396,4.75,3.7763,5.1054,0.4266,2.5359,2.3784,2.7502,1.6297,70.19999999999999,57.300000000000004,80.1,71.3,74.3,72.1,0.125,0.25,0.25,0.375
S7,0.5,1.0,1.0,1.5,62.91666666666667,2877.71,41.04309443605529,9.015893010741573,0.30770363774524734,25.184447711882736,0.21966893906569934,1.5329415954415955,0.27449999999999997,0.3671199999999987,0.7477119198082396,4.75,3.7763,5.1054,0.4266,2.5359,2.3784,2.7502,1.6297,80.0,80.0,80.0,80.0,100.0,82.0,0.125,0.25,0.25,0.375
S7,0.5,1.0,1.0,1.5,62.91666666666667,2877.71,41.04309443605529,9.015893010741573,0.30770363774524734,25.184447711882736,0.21966893906569934,1.5329415954415955,0.27449999999999997,0.3671199999999987,0.7477119198082396,4.75,3.7763,5.1054,0.4266,2.5359,2.3784,2.7502,1.6297,83.75,85.0,82.5,80.0,94.0,83.46000000000001,0.125,0.25,0.25,0.375
S7,0.5,1.0,1.0,1.5,62.91666666666667,2877.71,41.04309443605529,9.015893010741573,0.30770363774524734,25.184447711882736,0.21966893906569934,1.5329415954415955,0.27449999999999997,0.3671199999999987,0.7477119198082396,4.75,3.7763,5.1054,0.4266,2.5359,2.3784,2.7502,1.6297,78.1,69.4,62.9,50.300000000000004,84.39999999999999,65.72,0.125,0.25,0.25,0.375
S7,0.5,1.0,1.0,1.5,62.91666666666667,2877.71,41.04309443605529,9.015893010741573,0.30770363774524734,25.184447711882736,0.21966893906569934,1.5329415954415955,0.27449999999999997,0.3671199999999987,0.7477119198082396,4.75,3.7763,5.1054,0.4266,2.5359,2.3784,2.7502,1.6297,80.0,80.0,90.0,90.0,77.9,85.28999999999999,0.125,0.25,0.25,0.375
S7,0.5,1.0,1.0,1.5,62.91666666666667,2877.71,41.04309443605529,9.015893010741573,0.30770363774524734,25.184447711882736,0.21966893906569934,1.5329415954415955,0.27449999999999997,0.3671199999999987,0.7477119198082396,4.75,3.7763,5.1054,0.4266,2.5359,2.3784,2.7502,1.6297,90.0,100.0,90.0,80.0,100.0,89.0,0.125,0.25,0.25,0.375
S7,0.5,1.0,1.0,1.5,62.91666666666667,2877.71,41.04309443605529,9.015893010741573,0.30770363774524734,25.184447711882736,0.21966893906569934,1.5329415954415955,0.27449999999999997,0.3671199999999987,0.7477119198082396,4.75,3.7763,5.1054,0.4266,2.5359,2.3784,2.7502,1.6297,79.1,70.4,60.7,66.10000000000001,91.1,70.93,0.125,0.25,0.25,0.375
S7,0.5,1.0,1.0,1.5,62.91666666666667,2877.71,41.04309443605529,9.015893010741573,0.30770363774524734,25.184447711882736,0.21966893906569934,1.5329415954415955,0.27449999999999997,0.3671199999999987,0.7477119198082396,4.75,3.7763,5.1054,0.4266,2.5359,2.3784,2.7502,1.6297,80.0,80.0,90.0,80.0,100.0,84.5,0.125,0.25,0.25,0.375
S7,0.5,1.0,1.0,1.5,62.91666666666667,2877.71,41.04309443605529,9.015893010741573,0.30770363774524734,25.184447711882736,0.21966893906569934,1.5329415954415955,0.27449999999999997,0.3671199999999987,0.7477119198082396,4.75,3.7763,5.1054,0.4266,2.5359,2.3784,2.7502,1.6297,65.5,83.4,77.1,69.7,87.89999999999999,73.69,0.125,0.25,0.25,0.375
S7,0.5,1.0,1.0,1.5,62.91666666666667,2877.71,41.04309443605529,9.015893010741573,0.30770363774524734,25.184447711882736,0.21966893906569934,1.5329415954415955,0.27449999999999997,0.3671199999999987,0.7477119198082396,4.75,3.7763,5.1054,0.4266,2.5359,2.3784,2.7502,1.6297,83.4,89.3,100.0,50.0,69.9,76.77,0.125,0.25,0.25,0.375
S7,0.5,1.0,1.0,1.5,62.91666666666667,2877.71,41.04309443605529,9.015893010741573,0.30770363774524734,25.184447711882736,0.21966893906569934,1.5329415954415955,0.27449999999999997,0.3671199999999987,0.7477119198082396,4.75,3.7763,5.1054,0.4266,2.5359,2.3784,2.7502,1.6297,90.0,90.0,50.0,40.0,80.0,64.0,0.125,0.25,0.25,0.375
S7,0.5,1.0,1.0,1.5,62.91666666666667,2877.71,41.04309443605529,9.015893010741573,0.30770363774524734,25.184447711882736,0.21966893906569934,1.5329415954415955,0.27449999999999997,0.3671199999999987,0.7477119198082396,4.75,3.7763,5.1054,0.4266,2.5359,2.3784,2.7502,1.6297,71.8,88.80000000000001,71.8,81.89999999999999,75.3,76.88,0.125,0.25,0.25,0.375
S7,0.5,1.0,1.0,1.5,62.91666666666667,2877.71,41.04309443605529,9.015893010741573,0.30770363774524734,25.184447711882736,0.21966893906569934,1.5329415954415955,0.27449999999999997,0.3671199999999987,0.7477119198082396,4.75,3.7763,5.1054,0.4266,2.5359,2.3784,2.7502,1.6297,97.2,81.4,99.1,76.5,100.0,90.16,0.125,0.25,0.25,0.375
S7,0.5,1.0,1.0,1.5,62.91666666666667,2877.71,41.04309443605529,9.015893010741573,0.30770363774524734,25.184447711882736,0.21966893906569934,1.5329415954415955,0.27449999999999997,0.3671199999999987,0.7477119198082396,4.75,3.7763,5.1054,0.4266,2.5359,2.3784,2.7502,1.6297,67.30000000000001,97.30000000000001,80.19999999999999,53.3,96.1,72.2,0.125,0.25,0.25,0.375
S7,0.5,1.0,1.0,1.5,62.91666666666667,2877.71,41.04309443605529,9.015893010741573,0.30770363774524734,25.184447711882736,0.21966893906569934,1.5329415954415955,0.27449999999999997,0.3671199999999987,0.7477119198082396,4.75,3.7763,5.1054,0.4266,2.5359,2.3784,2.7502,1.6297,70.0,70.0,80.0,80.0,80.0,76.5,0.125,0.25,0.25,0.375
S7,0.5,1.0,1.0,1.5,62.91666666666667,2877.71,41.04309443605529,9.015893010741573,0.30770363774524734,25.184447711882736,0.21966893906569934,1.5329415954415955,0.27449999999999997,0.3671199999999987,0.7477119198082396,4.75,3.7763,5.1054,0.4266,2.5359,2.3784,2.7502,1.6297,78.1,70.8,62.9,68.2,100.0,72.78999999999999,0.125,0.25,0.25,0.375
S7,0.5,1.0,1.0,1.5,62.91666666666667,2877.71,41.04309443605529,9.015893010741573,0.30770363774524734,25.184447711882736,0.21966893906569934,1.5329415954415955,0.27449999999999997,0.3671199999999987,0.7477119198082396,4.75,3.7763,5.1054,0.4266,2.5359,2.3784,2.7502,1.6297,49.2,55.7,67.30000000000001,66.0,58.3,60.32,0.125,0.25,0.25,0.375
S8,1.0,1.5,1.0,0.5,116.875,3103.4285714285716,47.617609478452785,6.2653168246714985,0.324931142,23.683283337537443,0.13157562702736236,2.4544491267014683,0.25649999999999995,0.5506800000000005,0.4657877533231636,4.91,4.0218,2.133,4.7188,2.941,2.3557,9.8996,2.0106,71.10000000000001,76.10000000000001,65.4,75.4,70.8,71.435,0.25,0.375,0.25,0.125
S8,1.0,1.5,1.0,0.5,116.875,3103.4285714285716,47.617609478452785,6.2653168246714985,0.324931142,23.683283337537443,0.13157562702736236,2.4544491267014683,0.25649999999999995,0.5506800000000005,0.4657877533231636,4.91,4.0218,2.133,4.7188,2.941,2.3557,9.8996,2.0106,64.0,73.0,68.1,55.0,100.0,66.8,0.25,0.375,0.25,0.125
S8,1.0,1.5,1.0,0.5,116.875,3103.4285714285716,47.617609478452785,6.2653168246714985,0.324931142,23.683283337537443,0.13157562702736236,2.4544491267014683,0.25649999999999995,0.5506800000000005,0.4657877533231636,4.91,4.0218,2.133,4.7188,2.941,2.3557,9.8996,2.0106,70.0,70.0,40.0,40.7,78.0,54.51,0.25,0.375,0.25,0.125
S8,1.0,1.5,1.0,0.5,116.875,3103.4285714285716,47.617609478452785,6.2653168246714985,0.324931142,23.683283337537443,0.13157562702736236,2.4544491267014683,0.25649999999999995,0.5506800000000005,0.4657877533231636,4.91,4.0218,2.133,4.7188,2.941,2.3557,9.8996,2.0106,70.19999999999999,74.1,71.9,30.0,69.9,58.9,0.25,0.375,0.25,0.125
S8,1.0,1.5,1.0,0.5,116.875,3103.4285714285716,47.617609478452785,6.2653168246714985,0.324931142,23.683283337537443,0.13157562702736236,2.4544491267014683,0.25649999999999995,0.5506800000000005,0.4657877533231636,4.91,4.0218,2.133,4.7188,2.941,2.3557,9.8996,2.0106,80.0,80.0,50.0,60.0,72.30000000000001,65.73,0.25,0.375,0.25,0.125
S8,1.0,1.5,1.0,0.5,116.875,3103.4285714285716,47.617609478452785,6.2653168246714985,0.324931142,23.683283337537443,0.13157562702736236,2.4544491267014683,0.25649999999999995,0.5506800000000005,0.4657877533231636,4.91,4.0218,2.133,4.7188,2.941,2.3557,9.8996,2.0106,75.1,70.5,64.6,84.5,79.4,75.25999999999999,0.25,0.375,0.25,0.125
S8,1.0,1.5,1.0,0.5,116.875,3103.4285714285716,47.617609478452785,6.2653168246714985,0.324931142,23.683283337537443,0.13157562702736236,2.4544491267014683,0.25649999999999995,0.5506800000000005,0.4657877533231636,4.91,4.0218,2.133,4.7188,2.941,2.3557,9.8996,2.0106,90.0,90.60000000000001,50.0,70.0,85.8,73.64,0.25,0.375,0.25,0.125
S8,1.0,1.5,1.0,0.5,116.875,3103.4285714285716,47.617609478452785,6.2653168246714985,0.324931142,23.683283337537443,0.13157562702736236,2.4544491267014683,0.25649999999999995,0.5506800000000005,0.4657877533231636,4.91,4.0218,2.133,4.7188,2.941,2.3557,9.8996,2.0106,80.1,80.0,70.0,80.9,80.1,77.8,0.25,0.375,0.25,0.125
S8,1.0,1.5,1.0,0.5,116.875,3103.4285714285716,47.617609478452785,6.2653168246714985,0.324931142,23.683283337537443,0.13157562702736236,2.4544491267014683,0.25649999999999995,0.5506800000000005,0.4657877533231636,4.91,4.0218,2.133,4.7188,2.941,2.3557,9.8996,2.0106,69.3,76.0,69.9,60.8,73.2,67.96000000000001,0.25,0.375,0.25,0.125
S8,1.0,1.5,1.0,0.5,116.875,3103.4285714285716,47.617609478452785,6.2653168246714985,0.324931142,23.683283337537443,0.13157562702736236,2.4544491267014683,0.25649999999999995,0.5506800000000005,0.4657877533231636,4.91,4.0218,2.133,4.7188,2.941,2.3557,9.8996,2.0106,80.0,90.8,80.0,77.9,100.0,82.44999999999999,0.25,0.375,0.25,0.125
S8,1.0,1.5,1.0,0.5,116.875,3103.4285714285716,47.617609478452785,6.2653168246714985,0.324931142,23.683283337537443,0.13157562702736236,2.4544491267014683,0.25649999999999995,0.5506800000000005,0.4657877533231636,4.91,4.0218,2.133,4.7188,2.941,2.3557,9.8996,2.0106,92.10000000000001,89.1,90.0,80.0,73.0,85.73,0.25,0.375,0.25,0.125
S8,1.0,1.5,1.0,0.5,116.875,3103.4285714285716,47.617609478452785,6.2653168246714985,0.324931142,23.683283337537443,0.13157562702736236,2.4544491267014683,0.25649999999999995,0.5506800000000005,0.4657877533231636,4.91,4.0218,2.133,4.7188,2.941,2.3557,9.8996,2.0106,90.0,90.0,100.0,80.0,100.0,90.5,0.25,0.375,0.25,0.125
S8,1.0,1.5,1.0,0.5,116.875,3103.4285714285716,47.617609478452785,6.2653168246714985,0.324931142,23.683283337537443,0.13157562702736236,2.4544491267014683,0.25649999999999995,0.5506800000000005,0.4657877533231636,4.91,4.0218,2.133,4.7188,2.941,2.3557,9.8996,2.0106,72.69999999999999,64.9,70.19999999999999,93.10000000000001,84.60000000000001,78.60000000000001,0.25,0.375,0.25,0.125
S8,1.0,1.5,1.0,0.5,116.875,3103.4285714285716,47.617609478452785,6.2653168246714985,0.324931142,23.683283337537443,0.13157562702736236,2.4544491267014683,0.25649999999999995,0.5506800000000005,0.4657877533231636,4.91,4.0218,2.133,4.7188,2.941,2.3557,9.8996,2.0106,90.0,90.0,90.0,60.0,100.0,82.0,0.25,0.375,0.25,0.125
S8,1.0,1.5,1.0,0.5,116.875,3103.4285714285716,47.617609478452785,6.2653168246714985,0.324931142,23.683283337537443,0.13157562702736236,2.4544491267014683,0.25649999999999995,0.5506800000000005,0.4657877533231636,4.91,4.0218,2.133,4.7188,2.941,2.3557,9.8996,2.0106,74.0,74.80000000000001,69.9,74.9,72.2,73.1,0.25,0.375,0.25,0.125
S8,1.0,1.5,1.0,0.5,116.875,3103.4285714285716,47.617609478452785,6.2653168246714985,0.324931142,23.683283337537443,0.13157562702736236,2.4544491267014683,0.25649999999999995,0.5506800000000005,0.4657877533231636,4.91,4.0218,2.133,4.7188,2.941,2.3557,9.8996,2.0106,77.30000000000001,66.9,74.4,67.2,69.5,71.7,0.25,0.375,0.25,0.125
S8,1.0,1.5,1.0,0.5,116.875,3103.4285714285716,47.617609478452785,6.2653168246714985,0.324931142,23.683283337537443,0.13157562702736236,2.4544491267014683,0.25649999999999995,0.5506800000000005,0.4657877533231636,4.91,4.0218,2.133,4.7188,2.941,2.3557,9.8996,2.0106,70.0,70.0,70.0,70.0,70.0,70.0,0.25,0.375,0.25,0.125
S8,1.0,1.5,1.0,0.5,116.875,3103.4285714285716,47.617609478452785,6.2653168246714985,0.324931142,23.683283337537443,0.13157562702736236,2.4544491267014683,0.25649999999999995,0.5506800000000005,0.4657877533231636,4.91,4.0218,2.133,4.7188,2.941,2.3557,9.8996,2.0106,69.1,84.3,84.60000000000001,80.39999999999999,89.39999999999999,79.9,0.25,0.375,0.25,0.125
S8,1.0,1.5,1.0,0.5,116.875,3103.4285714285716,47.617609478452785,6.2653168246714985,0.324931142,23.683283337537443,0.13157562702736236,2.4544491267014683,0.25649999999999995,0.5506800000000005,0.4657877533231636,4.91,4.0218,2.133,4.7188,2.941,2.3557,9.8996,2.0106,78.5,90.19999999999999,65.0,89.9,74.0,79.2,0.25,0.375,0.25,0.125
S8,1.0,1.5,1.0,0.5,116.875,3103.4285714285716,47.617609478452785,6.2653168246714985,0.324931142,23.683283337537443,0.13157562702736236,2.4544491267014683,0.25649999999999995,0.5506800000000005,0.4657877533231636,4.91,4.0218,2.133,4.7188,2.941,2.3557,9.8996,2.0106,70.0,70.0,50.0,50.0,100.0,62.0,0.25,0.375,0.25,0.125
S9,0.5,0.5,0.5,2.5,123.125,2057.71,31.425252642583345,6.233367392248287,0.1172647152,15.067005150588935,0.1983553629033248,3.9180273711835585,0.3645,1.6238000000000012,0.22447345732233015,4.51,2.961,1.1034,0.523,2.9774,2.4386,0.8312,2.0857,75.7,74.2,61.4,82.6,73.1,73.78,0.125,0.125,0.125,0.625
S9,0.5,0.5,0.5,2.5,123.125,2057.71,31.425252642583345,6.233367392248287,0.1172647152,15.067005150588935,0.1983553629033248,3.9180273711835585,0.3645,1.6238000000000012,0.22447345732233015,4.51,2.961,1.1034,0.523,2.9774,2.4386,0.8312,2.0857,72.9,70.19999999999999,81.1,62.0,80.0,72.12,0.125,0.125,0.125,0.625
S9,0.5,0.5,0.5,2.5,123.125,2057.71,31.425252642583345,6.233367392248287,0.1172647152,15.067005150588935,0.1983553629033248,3.9180273711835585,0.3645,1.6238000000000012,0.22447345732233015,4.51,2.961,1.1034,0.523,2.9774,2.4386,0.8312,2.0857,60.0,60.0,60.0,60.0,70.0,61.0,0.125,0.125,0.125,0.625
S9,0.5,0.5,0.5,2.5,123.125,2057.71,31.425252642583345,6.233367392248287,0.1172647152,15.067005150588935,0.1983553629033248,3.9180273711835585,0.3645,1.6238000000000012,0.22447345732233015,4.51,2.961,1.1034,0.523,2.9774,2.4386,0.8312,2.0857,60.0,50.0,50.0,80.0,89.0,65.4,0.125,0.125,0.125,0.625
S9,0.5,0.5,0.5,2.5,123.125,2057.71,31.425252642583345,6.233367392248287,0.1172647152,15.067005150588935,0.1983553629033248,3.9180273711835585,0.3645,1.6238000000000012,0.22447345732233015,4.51,2.961,1.1034,0.523,2.9774,2.4386,0.8312,2.0857,71.10000000000001,74.0,79.4,66.10000000000001,76.0,72.45,0.125,0.125,0.125,0.625
S9,0.5,0.5,0.5,2.5,123.125,2057.71,31.425252642583345,6.233367392248287,0.1172647152,15.067005150588935,0.1983553629033248,3.9180273711835585,0.3645,1.6238000000000012,0.22447345732233015,4.51,2.961,1.1034,0.523,2.9774,2.4386,0.8312,2.0857,80.0,80.0,50.0,80.0,84.9,72.99000000000001,0.125,0.125,0.125,0.625
S9,0.5,0.5,0.5,2.5,123.125,2057.71,31.425252642583345,6.233367392248287,0.1172647152,15.067005150588935,0.1983553629033248,3.9180273711835585,0.3645,1.6238000000000012,0.22447345732233015,4.51,2.961,1.1034,0.523,2.9774,2.4386,0.8312,2.0857,76.8,87.69999999999999,90.1,78.1,81.19999999999999,82.0,0.125,0.125,0.125,0.625
S9,0.5,0.5,0.5,2.5,123.125,2057.71,31.425252642583345,6.233367392248287,0.1172647152,15.067005150588935,0.1983553629033248,3.9180273711835585,0.3645,1.6238000000000012,0.22447345732233015,4.51,2.961,1.1034,0.523,2.9774,2.4386,0.8312,2.0857,80.0,80.0,80.0,80.0,100.0,82.0,0.125,0.125,0.125,0.625
S9,0.5,0.5,0.5,2.5,123.125,2057.71,31.425252642583345,6.233367392248287,0.1172647152,15.067005150588935,0.1983553629033248,3.9180273711835585,0.3645,1.6238000000000012,0.22447345732233015,4.51,2.961,1.1034,0.523,2.9774,2.4386,0.8312,2.0857,90.0,80.0,70.0,90.0,80.0,83.0,0.125,0.125,0.125,0.625
S9,0.5,0.5,0.5,2.5,123.125,2057.71,31.425252642583345,6.233367392248287,0.1172647152,15.067005150588935,0.1983553629033248,3.9180273711835585,0.3645,1.6238000000000012,0.22447345732233015,4.51,2.961,1.1034,0.523,2.9774,2.4386,0.8312,2.0857,97.10000000000001,88.0,90.0,85.60000000000001,100.0,91.25500000000001,0.125,0.125,0.125,0.625
S9,0.5,0.5,0.5,2.5,123.125,2057.71,31.425252642583345,6.233367392248287,0.1172647152,15.067005150588935,0.1983553629033248,3.9180273711835585,0.3645,1.6238000000000012,0.22447345732233015,4.51,2.961,1.1034,0.523,2.9774,2.4386,0.8312,2.0857,86.0,73.0,42.800000000000004,60.0,68.0,64.3,0.125,0.125,0.125,0.625
S9,0.5,0.5,0.5,2.5,123.125,2057.71,31.425252642583345,6.233367392248287,0.1172647152,15.067005150588935,0.1983553629033248,3.9180273711835585,0.3645,1.6238000000000012,0.22447345732233015,4.51,2.961,1.1034,0.523,2.9774,2.4386,0.8312,2.0857,76.6,76.6,84.60000000000001,64.7,78.2,75.19,0.125,0.125,0.125,0.625
S9,0.5,0.5,0.5,2.5,123.125,2057.71,31.425252642583345,6.233367392248287,0.1172647152,15.067005150588935,0.1983553629033248,3.9180273711835585,0.3645,1.6238000000000012,0.22447345732233015,4.51,2.961,1.1034,0.523,2.9774,2.4386,0.8312,2.0857,67.30000000000001,71.10000000000001,64.9,88.0,70.9,73.67,0.125,0.125,0.125,0.625
S9,0.5,0.5,0.5,2.5,123.125,2057.71,31.425252642583345,6.233367392248287,0.1172647152,15.067005150588935,0.1983553629033248,3.9180273711835585,0.3645,1.6238000000000012,0.22447345732233015,4.51,2.961,1.1034,0.523,2.9774,2.4386,0.8312,2.0857,89.1,84.2,99.1,95.60000000000001,100.0,94.14999999999999,0.125,0.125,0.125,0.625
S9,0.5,0.5,0.5,2.5,123.125,2057.71,31.425252642583345,6.233367392248287,0.1172647152,15.067005150588935,0.1983553629033248,3.9180273711835585,0.3645,1.6238000000000012,0.22447345732233015,4.51,2.961,1.1034,0.523,2.9774,2.4386,0.8312,2.0857,77.6,80.5,73.8,70.1,80.9,75.0,0.125,0.125,0.125,0.625
S9,0.5,0.5,0.5,2.5,123.125,2057.71,31.425252642583345,6.233367392248287,0.1172647152,15.067005150588935,0.1983553629033248,3.9180273711835585,0.3645,1.6238000000000012,0.22447345732233015,4.51,2.961,1.1034,0.523,2.9774,2.4386,0.8312,2.0857,86.4,80.8,68.1,65.9,77.69999999999999,74.24000000000001,0.125,0.125,0.125,0.625
S9,0.5,0.5,0.5,2.5,123.125,2057.71,31.425252642583345,6.233367392248287,0.1172647152,15.067005150588935,0.1983553629033248,3.9180273711835585,0.3645,1.6238000000000012,0.22447345732233015,4.51,2.961,1.1034,0.523,2.9774,2.4386,0.8312,2.0857,69.3,78.0,75.5,71.5,80.0,73.45,0.125,0.125,0.125,0.625
S9,0.5,0.5,0.5,2.5,123.125,2057.71,31.425252642583345,6.233367392248287,0.1172647152,15.067005150588935,0.1983553629033248,3.9180273711835585,0.3645,1.6238000000000012,0.22447345732233015,4.51,2.961,1.1034,0.523,2.9774,2.4386,0.8312,2.0857,67.30000000000001,63.0,80.9,57.0,70.6,67.5,0.125,0.125,0.125,0.625
S9,0.5,0.5,0.5,2.5,123.125,2057.71,31.425252642583345,6.233367392248287,0.1172647152,15.067005150588935,0.1983553629033248,3.9180273711835585,0.3645,1.6238000000000012,0.22447345732233015,4.51,2.961,1.1034,0.523,2.9774,2.4386,0.8312,2.0857,91.6,85.3,99.60000000000001,73.5,100.0,88.38,0.125,0.125,0.125,0.625
S9,0.5,0.5,0.5,2.5,123.125,2057.71,31.425252642583345,6.233367392248287,0.1172647152,15.067005150588935,0.1983553629033248,3.9180273711835585,0.3645,1.6238000000000012,0.22447345732233015,4.51,2.961,1.1034,0.523,2.9774,2.4386,0.8312,2.0857,81.1,70.19999999999999,75.3,65.19999999999999,69.9,72.67,0.125,0.125,0.125,0.625
S10,1.5,0.5,0.5,1.5,90.0,2486.28,43.552096643047975,6.618438049872322,0.301689974,20.120159217891516,0.1519660030174183,2.0664906385021604,0.07199999999999998,1.7367599999999983,0.04145650521661027,4.63,3.5381,0.8761,0.5144,2.6966,2.1465,0.2182,2.1646,72.69999999999999,68.1,64.5,64.4,65.9,67.0,0.375,0.125,0.125,0.375
S10,1.5,0.5,0.5,1.5,90.0,2486.28,43.552096643047975,6.618438049872322,0.301689974,20.120159217891516,0.1519660030174183,2.0664906385021604,0.07199999999999998,1.7367599999999983,0.04145650521661027,4.63,3.5381,0.8761,0.5144,2.6966,2.1465,0.2182,2.1646,66.0,59.699999999999996,55.0,60.0,63.7,60.59,0.375,0.125,0.125,0.375
S10,1.5,0.5,0.5,1.5,90.0,2486.28,43.552096643047975,6.618438049872322,0.301689974,20.120159217891516,0.1519660030174183,2.0664906385021604,0.07199999999999998,1.7367599999999983,0.04145650521661027,4.63,3.5381,0.8761,0.5144,2.6966,2.1465,0.2182,2.1646,73.89999999999999,64.1,63.0,60.4,59.6,64.7,0.375,0.125,0.125,0.375
S10,1.5,0.5,0.5,1.5,90.0,2486.28,43.552096643047975,6.618438049872322,0.301689974,20.120159217891516,0.1519660030174183,2.0664906385021604,0.07199999999999998,1.7367599999999983,0.04145650521661027,4.63,3.5381,0.8761,0.5144,2.6966,2.1465,0.2182,2.1646,50.0,50.0,70.0,70.0,74.6,63.46,0.375,0.125,0.125,0.375
S10,1.5,0.5,0.5,1.5,90.0,2486.28,43.552096643047975,6.618438049872322,0.301689974,20.120159217891516,0.1519660030174183,2.0664906385021604,0.07199999999999998,1.7367599999999983,0.04145650521661027,4.63,3.5381,0.8761,0.5144,2.6966,2.1465,0.2182,2.1646,72.2,64.9,94.3,36.4,100.0,69.0,0.375,0.125,0.125,0.375
S10,1.5,0.5,0.5,1.5,90.0,2486.28,43.552096643047975,6.618438049872322,0.301689974,20.120159217891516,0.1519660030174183,2.0664906385021604,0.07199999999999998,1.7367599999999983,0.04145650521661027,4.63,3.5381,0.8761,0.5144,2.6966,2.1465,0.2182,2.1646,90.0,80.0,30.0,70.0,100.0,69.0,0.375,0.125,0.125,0.375
S10,1.5,0.5,0.5,1.5,90.0,2486.28,43.552096643047975,6.618438049872322,0.301689974,20.120159217891516,0.1519660030174183,2.0664906385021604,0.07199999999999998,1.7367599999999983,0.04145650521661027,4.63,3.5381,0.8761,0.5144,2.6966,2.1465,0.2182,2.1646,64.9,53.3,82.2,64.9,91.6,70.7,0.375,0.125,0.125,0.375
S10,1.5,0.5,0.5,1.5,90.0,2486.28,43.552096643047975,6.618438049872322,0.301689974,20.120159217891516,0.1519660030174183,2.0664906385021604,0.07199999999999998,1.7367599999999983,0.04145650521661027,4.63,3.5381,0.8761,0.5144,2.6966,2.1465,0.2182,2.1646,71.10000000000001,60.199999999999996,94.3,54.900000000000006,83.4,72.18,0.375,0.125,0.125,0.375
S10,1.5,0.5,0.5,1.5,90.0,2486.28,43.552096643047975,6.618438049872322,0.301689974,20.120159217891516,0.1519660030174183,2.0664906385021604,0.07199999999999998,1.7367599999999983,0.04145650521661027,4.63,3.5381,0.8761,0.5144,2.6966,2.1465,0.2182,2.1646,50.199999999999996,51.900000000000006,63.3,45.7,71.6,54.400000000000006,0.375,0.125,0.125,0.375
S10,1.5,0.5,0.5,1.5,90.0,2486.28,43.552096643047975,6.618438049872322,0.301689974,20.120159217891516,0.1519660030174183,2.0664906385021604,0.07199999999999998,1.7367599999999983,0.04145650521661027,4.63,3.5381,0.8761,0.5144,2.6966,2.1465,0.2182,2.1646,64.0,64.2,70.19999999999999,70.0,100.0,70.97,0.375,0.125,0.125,0.375
S10,1.5,0.5,0.5,1.5,90.0,2486.28,43.552096643047975,6.618438049872322,0.301689974,20.120159217891516,0.1519660030174183,2.0664906385021604,0.07199999999999998,1.7367599999999983,0.04145650521661027,4.63,3.5381,0.8761,0.5144,2.6966,2.1465,0.2182,2.1646,64.2,59.2,60.599999999999994,52.699999999999996,73.1,60.24,0.375,0.125,0.125,0.375
S10,1.5,0.5,0.5,1.5,90.0,2486.28,43.552096643047975,6.618438049872322,0.301689974,20.120159217891516,0.1519660030174183,2.0664906385021604,0.07199999999999998,1.7367599999999983,0.04145650521661027,4.63,3.5381,0.8761,0.5144,2.6966,2.1465,0.2182,2.1646,72.6,69.4,67.2,63.0,100.0,70.78999999999999,0.375,0.125,0.125,0.375
S10,1.5,0.5,0.5,1.5,90.0,2486.28,43.552096643047975,6.618438049872322,0.301689974,20.120159217891516,0.1519660030174183,2.0664906385021604,0.07199999999999998,1.7367599999999983,0.04145650521661027,4.63,3.5381,0.8761,0.5144,2.6966,2.1465,0.2182,2.1646,60.0,61.0,63.099999999999994,50.0,82.0,60.0,0.375,0.125,0.125,0.375
S10,1.5,0.5,0.5,1.5,90.0,2486.28,43.552096643047975,6.618438049872322,0.301689974,20.120159217891516,0.1519660030174183,2.0664906385021604,0.07199999999999998,1.7367599999999983,0.04145650521661027,4.63,3.5381,0.8761,0.5144,2.6966,2.1465,0.2182,2.1646,71.9,71.10000000000001,82.0,60.8,75.9,71.39999999999999,0.375,0.125,0.125,0.375
S10,1.5,0.5,0.5,1.5,90.0,2486.28,43.552096643047975,6.618438049872322,0.301689974,20.120159217891516,0.1519660030174183,2.0664906385021604,0.07199999999999998,1.7367599999999983,0.04145650521661027,4.63,3.5381,0.8761,0.5144,2.6966,2.1465,0.2182,2.1646,74.1,72.1,64.327,48.2,56.4,61.900000000000006,0.375,0.125,0.125,0.375
S10,1.5,0.5,0.5,1.5,90.0,2486.28,43.552096643047975,6.618438049872322,0.301689974,20.120159217891516,0.1519660030174183,2.0664906385021604,0.07199999999999998,1.7367599999999983,0.04145650521661027,4.63,3.5381,0.8761,0.5144,2.6966,2.1465,0.2182,2.1646,80.0,70.0,75.19999999999999,60.099999999999994,60.0,69.83,0.375,0.125,0.125,0.375
S10,1.5,0.5,0.5,1.5,90.0,2486.28,43.552096643047975,6.618438049872322,0.301689974,20.120159217891516,0.1519660030174183,2.0664906385021604,0.07199999999999998,1.7367599999999983,0.04145650521661027,4.63,3.5381,0.8761,0.5144,2.6966,2.1465,0.2182,2.1646,65.4,54.900000000000006,70.0,60.0,68.5,64.19,0.375,0.125,0.125,0.375
S10,1.5,0.5,0.5,1.5,90.0,2486.28,43.552096643047975,6.618438049872322,0.301689974,20.120159217891516,0.1519660030174183,2.0664906385021604,0.07199999999999998,1.7367599999999983,0.04145650521661027,4.63,3.5381,0.8761,0.5144,2.6966,2.1465,0.2182,2.1646,50.0,40.0,70.0,30.0,80.0,51.0,0.375,0.125,0.125,0.375
S10,1.5,0.5,0.5,1.5,90.0,2486.28,43.552096643047975,6.618438049872322,0.301689974,20.120159217891516,0.1519660030174183,2.0664906385021604,0.07199999999999998,1.7367599999999983,0.04145650521661027,4.63,3.5381,0.8761,0.5144,2.6966,2.1465,0.2182,2.1646,73.3,84.9,80.7,67.1,75.6,74.68,0.375,0.125,0.125,0.375
S10,1.5,0.5,0.5,1.5,90.0,2486.28,43.552096643047975,6.618438049872322,0.301689974,20.120159217891516,0.1519660030174183,2.0664906385021604,0.07199999999999998,1.7367599999999983,0.04145650521661027,4.63,3.5381,0.8761,0.5144,2.6966,2.1465,0.2182,2.1646,70.0,50.0,70.0,70.0,100.0,71.0,0.375,0.125,0.125,0.375
S11,0.5,1.0,0.5,2.0,66.04166666666667,2156.571,40.34614937855732,6.283169882762828,0.2770403944712431,17.25152836129359,0.1557315872652306,1.6368765714669586,0.15975,0.9107399999999992,0.17540681204295425,4.77,4.4036,1.3387,0.3168,2.8325,2.2977,1.5419,2.3387,72.8,72.8,55.7,65.7,100.0,69.11,0.125,0.25,0.125,0.5
S11,0.5,1.0,0.5,2.0,66.04166666666667,2156.571,40.34614937855732,6.283169882762828,0.2770403944712431,17.25152836129359,0.1557315872652306,1.6368765714669586,0.15975,0.9107399999999992,0.17540681204295425,4.77,4.4036,1.3387,0.3168,2.8325,2.2977,1.5419,2.3387,60.0,70.0,50.0,60.0,82.2,60.7,0.125,0.25,0.125,0.5
S11,0.5,1.0,0.5,2.0,66.04166666666667,2156.571,40.34614937855732,6.283169882762828,0.2770403944712431,17.25152836129359,0.1557315872652306,1.6368765714669586,0.15975,0.9107399999999992,0.17540681204295425,4.77,4.4036,1.3387,0.3168,2.8325,2.2977,1.5419,2.3387,55.0,60.0,40.0,50.0,67.9,51.54,0.125,0.25,0.125,0.5
S11,0.5,1.0,0.5,2.0,66.04166666666667,2156.571,40.34614937855732,6.283169882762828,0.2770403944712431,17.25152836129359,0.1557315872652306,1.6368765714669586,0.15975,0.9107399999999992,0.17540681204295425,4.77,4.4036,1.3387,0.3168,2.8325,2.2977,1.5419,2.3387,75.9,60.5,62.9,54.3,100.0,67.0,0.125,0.25,0.125,0.5
S11,0.5,1.0,0.5,2.0,66.04166666666667,2156.571,40.34614937855732,6.283169882762828,0.2770403944712431,17.25152836129359,0.1557315872652306,1.6368765714669586,0.15975,0.9107399999999992,0.17540681204295425,4.77,4.4036,1.3387,0.3168,2.8325,2.2977,1.5419,2.3387,63.3,57.599999999999994,82.8,63.099999999999994,61.6,67.37,0.125,0.25,0.125,0.5
S11,0.5,1.0,0.5,2.0,66.04166666666667,2156.571,40.34614937855732,6.283169882762828,0.2770403944712431,17.25152836129359,0.1557315872652306,1.6368765714669586,0.15975,0.9107399999999992,0.17540681204295425,4.77,4.4036,1.3387,0.3168,2.8325,2.2977,1.5419,2.3387,60.0,60.0,68.0,60.0,78.7,63.87,0.125,0.25,0.125,0.5
S11,0.5,1.0,0.5,2.0,66.04166666666667,2156.571,40.34614937855732,6.283169882762828,0.2770403944712431,17.25152836129359,0.1557315872652306,1.6368765714669586,0.15975,0.9107399999999992,0.17540681204295425,4.77,4.4036,1.3387,0.3168,2.8325,2.2977,1.5419,2.3387,71.2,61.900000000000006,79.1,53.7,90.7,68.89999999999999,0.125,0.25,0.125,0.5
S11,0.5,1.0,0.5,2.0,66.04166666666667,2156.571,40.34614937855732,6.283169882762828,0.2770403944712431,17.25152836129359,0.1557315872652306,1.6368765714669586,0.15975,0.9107399999999992,0.17540681204295425,4.77,4.4036,1.3387,0.3168,2.8325,2.2977,1.5419,2.3387,60.0,50.0,77.0,60.0,89.1,66.16,0.125,0.25,0.125,0.5
S11,0.5,1.0,0.5,2.0,66.04166666666667,2156.571,40.34614937855732,6.283169882762828,0.2770403944712431,17.25152836129359,0.1557315872652306,1.6368765714669586,0.15975,0.9107399999999992,0.17540681204295425,4.77,4.4036,1.3387,0.3168,2.8325,2.2977,1.5419,2.3387,70.0,70.0,70.0,70.0,76.39999999999999,70.64,0.125,0.25,0.125,0.5
S11,0.5,1.0,0.5,2.0,66.04166666666667,2156.571,40.34614937855732,6.283169882762828,0.2770403944712431,17.25152836129359,0.1557315872652306,1.6368765714669586,0.15975,0.9107399999999992,0.17540681204295425,4.77,4.4036,1.3387,0.3168,2.8325,2.2977,1.5419,2.3387,89.2,72.1,80.39999999999999,50.0,70.19999999999999,71.63,0.125,0.25,0.125,0.5
S11,0.5,1.0,0.5,2.0,66.04166666666667,2156.571,40.34614937855732,6.283169882762828,0.2770403944712431,17.25152836129359,0.1557315872652306,1.6368765714669586,0.15975,0.9107399999999992,0.17540681204295425,4.77,4.4036,1.3387,0.3168,2.8325,2.2977,1.5419,2.3387,76.8,60.7,64.2,65.9,64.9,67.58,0.125,0.25,0.125,0.5
S11,0.5,1.0,0.5,2.0,66.04166666666667,2156.571,40.34614937855732,6.283169882762828,0.2770403944712431,17.25152836129359,0.1557315872652306,1.6368765714669586,0.15975,0.9107399999999992,0.17540681204295425,4.77,4.4036,1.3387,0.3168,2.8325,2.2977,1.5419,2.3387,75.9,60.5,61.2,55.199999999999996,63.3,63.2,0.125,0.25,0.125,0.5
S11,0.5,1.0,0.5,2.0,66.04166666666667,2156.571,40.34614937855732,6.283169882762828,0.2770403944712431,17.25152836129359,0.1557315872652306,1.6368765714669586,0.15975,0.9107399999999992,0.17540681204295425,4.77,4.4036,1.3387,0.3168,2.8325,2.2977,1.5419,2.3387,72.5,54.3,24.3,73.89999999999999,100.0,61.8,0.125,0.25,0.125,0.5
S11,0.5,1.0,0.5,2.0,66.04166666666667,2156.571,40.34614937855732,6.283169882762828,0.2770403944712431,17.25152836129359,0.1557315872652306,1.6368765714669586,0.15975,0.9107399999999992,0.17540681204295425,4.77,4.4036,1.3387,0.3168,2.8325,2.2977,1.5419,2.3387,85.3,62.9,54.3,62.9,100.0,70.0,0.125,0.25,0.125,0.5
S11,0.5,1.0,0.5,2.0,66.04166666666667,2156.571,40.34614937855732,6.283169882762828,0.2770403944712431,17.25152836129359,0.1557315872652306,1.6368765714669586,0.15975,0.9107399999999992,0.17540681204295425,4.77,4.4036,1.3387,0.3168,2.8325,2.2977,1.5419,2.3387,80.0,79.0,40.099999999999994,70.0,100.0,68.89999999999999,0.125,0.25,0.125,0.5
S11,0.5,1.0,0.5,2.0,66.04166666666667,2156.571,40.34614937855732,6.283169882762828,0.2770403944712431,17.25152836129359,0.1557315872652306,1.6368765714669586,0.15975,0.9107399999999992,0.17540681204295425,4.77,4.4036,1.3387,0.3168,2.8325,2.2977,1.5419,2.3387,70.5,62.0,81.89999999999999,69.4,64.7,71.59,0.125,0.25,0.125,0.5
S11,0.5,1.0,0.5,2.0,66.04166666666667,2156.571,40.34614937855732,6.283169882762828,0.2770403944712431,17.25152836129359,0.1557315872652306,1.6368765714669586,0.15975,0.9107399999999992,0.17540681204295425,4.77,4.4036,1.3387,0.3168,2.8325,2.2977,1.5419,2.3387,54.900000000000006,60.8,42.1,46.900000000000006,68.89999999999999,51.2,0.125,0.25,0.125,0.5
S11,0.5,1.0,0.5,2.0,66.04166666666667,2156.571,40.34614937855732,6.283169882762828,0.2770403944712431,17.25152836129359,0.1557315872652306,1.6368765714669586,0.15975,0.9107399999999992,0.17540681204295425,4.77,4.4036,1.3387,0.3168,2.8325,2.2977,1.5419,2.3387,80.0,80.0,70.6,80.0,68.0,76.44999999999999,0.125,0.25,0.125,0.5
S11,0.5,1.0,0.5,2.0,66.04166666666667,2156.571,40.34614937855732,6.283169882762828,0.2770403944712431,17.25152836129359,0.1557315872652306,1.6368765714669586,0.15975,0.9107399999999992,0.17540681204295425,4.77,4.4036,1.3387,0.3168,2.8325,2.2977,1.5419,2.3387,75.8,64.9,25.8,50.9,100.0,57.0,0.125,0.25,0.125,0.5
S11,0.5,1.0,0.5,2.0,66.04166666666667,2156.571,40.34614937855732,6.283169882762828,0.2770403944712431,17.25152836129359,0.1557315872652306,1.6368765714669586,0.15975,0.9107399999999992,0.17540681204295425,4.77,4.4036,1.3387,0.3168,2.8325,2.2977,1.5419,2.3387,70.0,71.0,69.4,82.2,100.0,76.6,0.125,0.25,0.125,0.5
S12,1.5,1.0,0.5,1.0,69.16666666666667,2486.28,41.01986293413869,8.652488480465642,0.36302468123282305,26.13229466403688,0.21093411487888292,1.6861749825376149,0.08099999999999999,0.9460400000000008,0.08562005834848413,4.68,3.6872,4.7794,0.7728,4.0738,2.2867,5.9048,1.5697,80.0,80.0,76.0,67.9,72.9,74.66,0.375,0.25,0.125,0.25
S12,1.5,1.0,0.5,1.0,69.16666666666667,2486.28,41.01986293413869,8.652488480465642,0.36302468123282305,26.13229466403688,0.21093411487888292,1.6861749825376149,0.08099999999999999,0.9460400000000008,0.08562005834848413,4.68,3.6872,4.7794,0.7728,4.0738,2.2867,5.9048,1.5697,76.0,75.0,65.0,73.5,76.5,72.45,0.375,0.25,0.125,0.25
S12,1.5,1.0,0.5,1.0,69.16666666666667,2486.28,41.01986293413869,8.652488480465642,0.36302468123282305,26.13229466403688,0.21093411487888292,1.6861749825376149,0.08099999999999999,0.9460400000000008,0.08562005834848413,4.68,3.6872,4.7794,0.7728,4.0738,2.2867,5.9048,1.5697,70.0,60.0,60.0,60.0,70.0,63.5,0.375,0.25,0.125,0.25
S12,1.5,1.0,0.5,1.0,69.16666666666667,2486.28,41.01986293413869,8.652488480465642,0.36302468123282305,26.13229466403688,0.21093411487888292,1.6861749825376149,0.08099999999999999,0.9460400000000008,0.08562005834848413,4.68,3.6872,4.7794,0.7728,4.0738,2.2867,5.9048,1.5697,100.0,96.1,90.7,88.9,100.0,93.94999999999999,0.375,0.25,0.125,0.25
S12,1.5,1.0,0.5,1.0,69.16666666666667,2486.28,41.01986293413869,8.652488480465642,0.36302468123282305,26.13229466403688,0.21093411487888292,1.6861749825376149,0.08099999999999999,0.9460400000000008,0.08562005834848413,4.68,3.6872,4.7794,0.7728,4.0738,2.2867,5.9048,1.5697,86.6,90.7,54.6,74.9,79.2,74.76,0.375,0.25,0.125,0.25
S12,1.5,1.0,0.5,1.0,69.16666666666667,2486.28,41.01986293413869,8.652488480465642,0.36302468123282305,26.13229466403688,0.21093411487888292,1.6861749825376149,0.08099999999999999,0.9460400000000008,0.08562005834848413,4.68,3.6872,4.7794,0.7728,4.0738,2.2867,5.9048,1.5697,90.0,90.0,50.0,40.0,70.0,63.0,0.375,0.25,0.125,0.25
S12,1.5,1.0,0.5,1.0,69.16666666666667,2486.28,41.01986293413869,8.652488480465642,0.36302468123282305,26.13229466403688,0.21093411487888292,1.6861749825376149,0.08099999999999999,0.9460400000000008,0.08562005834848413,4.68,3.6872,4.7794,0.7728,4.0738,2.2867,5.9048,1.5697,94.0,95.5,88.2,66.0,89.9,83.88999999999999,0.375,0.25,0.125,0.25
S12,1.5,1.0,0.5,1.0,69.16666666666667,2486.28,41.01986293413869,8.652488480465642,0.36302468123282305,26.13229466403688,0.21093411487888292,1.6861749825376149,0.08099999999999999,0.9460400000000008,0.08562005834848413,4.68,3.6872,4.7794,0.7728,4.0738,2.2867,5.9048,1.5697,81.1,88.3,75.19999999999999,71.39999999999999,74.3,76.75500000000001,0.375,0.25,0.125,0.25
S12,1.5,1.0,0.5,1.0,69.16666666666667,2486.28,41.01986293413869,8.652488480465642,0.36302468123282305,26.13229466403688,0.21093411487888292,1.6861749825376149,0.08099999999999999,0.9460400000000008,0.08562005834848413,4.68,3.6872,4.7794,0.7728,4.0738,2.2867,5.9048,1.5697,90.5,84.9,78.2,89.9,100.0,87.63,0.375,0.25,0.125,0.25
S12,1.5,1.0,0.5,1.0,69.16666666666667,2486.28,41.01986293413869,8.652488480465642,0.36302468123282305,26.13229466403688,0.21093411487888292,1.6861749825376149,0.08099999999999999,0.9460400000000008,0.08562005834848413,4.68,3.6872,4.7794,0.7728,4.0738,2.2867,5.9048,1.5697,90.0,80.0,80.0,90.0,100.0,87.5,0.375,0.25,0.125,0.25
S12,1.5,1.0,0.5,1.0,69.16666666666667,2486.28,41.01986293413869,8.652488480465642,0.36302468123282305,26.13229466403688,0.21093411487888292,1.6861749825376149,0.08099999999999999,0.9460400000000008,0.08562005834848413,4.68,3.6872,4.7794,0.7728,4.0738,2.2867,5.9048,1.5697,71.8,60.4,80.19999999999999,67.1,88.69999999999999,73.0,0.375,0.25,0.125,0.25
S12,1.5,1.0,0.5,1.0,69.16666666666667,2486.28,41.01986293413869,8.652488480465642,0.36302468123282305,26.13229466403688,0.21093411487888292,1.6861749825376149,0.08099999999999999,0.9460400000000008,0.08562005834848413,4.68,3.6872,4.7794,0.7728,4.0738,2.2867,5.9048,1.5697,80.0,80.0,76.0,67.9,81.0,75.47,0.375,0.25,0.125,0.25
S12,1.5,1.0,0.5,1.0,69.16666666666667,2486.28,41.01986293413869,8.652488480465642,0.36302468123282305,26.13229466403688,0.21093411487888292,1.6861749825376149,0.08099999999999999,0.9460400000000008,0.08562005834848413,4.68,3.6872,4.7794,0.7728,4.0738,2.2867,5.9048,1.5697,72.30000000000001,70.1,67.30000000000001,79.0,91.4,74.75,0.375,0.25,0.125,0.25
S12,1.5,1.0,0.5,1.0,69.16666666666667,2486.28,41.01986293413869,8.652488480465642,0.36302468123282305,26.13229466403688,0.21093411487888292,1.6861749825376149,0.08099999999999999,0.9460400000000008,0.08562005834848413,4.68,3.6872,4.7794,0.7728,4.0738,2.2867,5.9048,1.5697,96.0,84.5,95.9,96.89999999999999,100.0,95.49,0.375,0.25,0.125,0.25
S12,1.5,1.0,0.5,1.0,69.16666666666667,2486.28,41.01986293413869,8.652488480465642,0.36302468123282305,26.13229466403688,0.21093411487888292,1.6861749825376149,0.08099999999999999,0.9460400000000008,0.08562005834848413,4.68,3.6872,4.7794,0.7728,4.0738,2.2867,5.9048,1.5697,70.0,70.0,89.7,76.0,70.0,76.72,0.375,0.25,0.125,0.25
S12,1.5,1.0,0.5,1.0,69.16666666666667,2486.28,41.01986293413869,8.652488480465642,0.36302468123282305,26.13229466403688,0.21093411487888292,1.6861749825376149,0.08099999999999999,0.9460400000000008,0.08562005834848413,4.68,3.6872,4.7794,0.7728,4.0738,2.2867,5.9048,1.5697,53.9,42.300000000000004,55.7,39.1,69.9,50.35,0.375,0.25,0.125,0.25
S12,1.5,1.0,0.5,1.0,69.16666666666667,2486.28,41.01986293413869,8.652488480465642,0.36302468123282305,26.13229466403688,0.21093411487888292,1.6861749825376149,0.08099999999999999,0.9460400000000008,0.08562005834848413,4.68,3.6872,4.7794,0.7728,4.0738,2.2867,5.9048,1.5697,73.89999999999999,88.0,74.9,57.400000000000006,90.0,72.22,0.375,0.25,0.125,0.25
S12,1.5,1.0,0.5,1.0,69.16666666666667,2486.28,41.01986293413869,8.652488480465642,0.36302468123282305,26.13229466403688,0.21093411487888292,1.6861749825376149,0.08099999999999999,0.9460400000000008,0.08562005834848413,4.68,3.6872,4.7794,0.7728,4.0738,2.2867,5.9048,1.5697,94.0,95.5,88.2,66.0,100.0,84.9,0.375,0.25,0.125,0.25
S12,1.5,1.0,0.5,1.0,69.16666666666667,2486.28,41.01986293413869,8.652488480465642,0.36302468123282305,26.13229466403688,0.21093411487888292,1.6861749825376149,0.08099999999999999,0.9460400000000008,0.08562005834848413,4.68,3.6872,4.7794,0.7728,4.0738,2.2867,5.9048,1.5697,80.0,80.0,70.0,60.0,90.0,72.5,0.375,0.25,0.125,0.25
S12,1.5,1.0,0.5,1.0,69.16666666666667,2486.28,41.01986293413869,8.652488480465642,0.36302468123282305,26.13229466403688,0.21093411487888292,1.6861749825376149,0.08099999999999999,0.9460400000000008,0.08562005834848413,4.68,3.6872,4.7794,0.7728,4.0738,2.2867,5.9048,1.5697,66.9,75.3,82.8,71.3,86.1,74.955,0.375,0.25,0.125,0.25
S13,0.5,0.5,1.5,1.5,69.58333333333334,2717.71,36.35033104890231,6.65270868526885,0.18041100797043474,24.90942989714405,0.18301645386169724,1.9142420804840121,0.34875,1.6873400000000007,0.2066862635864733,4.53,3.9981,1.0428,5.2214,2.398,2.4164,5.3474,1.4593,75.7,72.8,62.1,62.1,76.2,67.98,0.125,0.125,0.375,0.375
S13,0.5,0.5,1.5,1.5,69.58333333333334,2717.71,36.35033104890231,6.65270868526885,0.18041100797043474,24.90942989714405,0.18301645386169724,1.9142420804840121,0.34875,1.6873400000000007,0.2066862635864733,4.53,3.9981,1.0428,5.2214,2.398,2.4164,5.3474,1.4593,70.0,70.0,50.0,40.0,89.1,57.910000000000004,0.125,0.125,0.375,0.375
S13,0.5,0.5,1.5,1.5,69.58333333333334,2717.71,36.35033104890231,6.65270868526885,0.18041100797043474,24.90942989714405,0.18301645386169724,1.9142420804840121,0.34875,1.6873400000000007,0.2066862635864733,4.53,3.9981,1.0428,5.2214,2.398,2.4164,5.3474,1.4593,53.3,58.8,77.8,65.9,82.2,66.64500000000001,0.125,0.125,0.375,0.375
S13,0.5,0.5,1.5,1.5,69.58333333333334,2717.71,36.35033104890231,6.65270868526885,0.18041100797043474,24.90942989714405,0.18301645386169724,1.9142420804840121,0.34875,1.6873400000000007,0.2066862635864733,4.53,3.9981,1.0428,5.2214,2.398,2.4164,5.3474,1.4593,60.0,60.0,50.0,70.0,84.3,62.93,0.125,0.125,0.375,0.375
S13,0.5,0.5,1.5,1.5,69.58333333333334,2717.71,36.35033104890231,6.65270868526885,0.18041100797043474,24.90942989714405,0.18301645386169724,1.9142420804840121,0.34875,1.6873400000000007,0.2066862635864733,4.53,3.9981,1.0428,5.2214,2.398,2.4164,5.3474,1.4593,78.5,70.8,61.3,58.7,76.10000000000001,67.25,0.125,0.125,0.375,0.375
S13,0.5,0.5,1.5,1.5,69.58333333333334,2717.71,36.35033104890231,6.65270868526885,0.18041100797043474,24.90942989714405,0.18301645386169724,1.9142420804840121,0.34875,1.6873400000000007,0.2066862635864733,4.53,3.9981,1.0428,5.2214,2.398,2.4164,5.3474,1.4593,80.0,80.0,50.0,80.0,100.0,74.5,0.125,0.125,0.375,0.375
S13,0.5,0.5,1.5,1.5,69.58333333333334,2717.71,36.35033104890231,6.65270868526885,0.18041100797043474,24.90942989714405,0.18301645386169724,1.9142420804840121,0.34875,1.6873400000000007,0.2066862635864733,4.53,3.9981,1.0428,5.2214,2.398,2.4164,5.3474,1.4593,75.7,72.8,62.1,71.39999999999999,75.3,70.67999999999999,0.125,0.125,0.375,0.375
S13,0.5,0.5,1.5,1.5,69.58333333333334,2717.71,36.35033104890231,6.65270868526885,0.18041100797043474,24.90942989714405,0.18301645386169724,1.9142420804840121,0.34875,1.6873400000000007,0.2066862635864733,4.53,3.9981,1.0428,5.2214,2.398,2.4164,5.3474,1.4593,90.0,90.0,80.0,90.0,100.0,88.5,0.125,0.125,0.375,0.375
S13,0.5,0.5,1.5,1.5,69.58333333333334,2717.71,36.35033104890231,6.65270868526885,0.18041100797043474,24.90942989714405,0.18301645386169724,1.9142420804840121,0.34875,1.6873400000000007,0.2066862635864733,4.53,3.9981,1.0428,5.2214,2.398,2.4164,5.3474,1.4593,76.39999999999999,80.1,67.2,89.80000000000001,76.39999999999999,78.49000000000001,0.125,0.125,0.375,0.375
S13,0.5,0.5,1.5,1.5,69.58333333333334,2717.71,36.35033104890231,6.65270868526885,0.18041100797043474,24.90942989714405,0.18301645386169724,1.9142420804840121,0.34875,1.6873400000000007,0.2066862635864733,4.53,3.9981,1.0428,5.2214,2.398,2.4164,5.3474,1.4593,99.7,90.0,95.0,80.0,100.0,91.67,0.125,0.125,0.375,0.375
S13,0.5,0.5,1.5,1.5,69.58333333333334,2717.71,36.35033104890231,6.65270868526885,0.18041100797043474,24.90942989714405,0.18301645386169724,1.9142420804840121,0.34875,1.6873400000000007,0.2066862635864733,4.53,3.9981,1.0428,5.2214,2.398,2.4164,5.3474,1.4593,64.0,73.0,68.1,55.0,83.4,65.16499999999999,0.125,0.125,0.375,0.375
S13,0.5,0.5,1.5,1.5,69.58333333333334,2717.71,36.35033104890231,6.65270868526885,0.18041100797043474,24.90942989714405,0.18301645386169724,1.9142420804840121,0.34875,1.6873400000000007,0.2066862635864733,4.53,3.9981,1.0428,5.2214,2.398,2.4164,5.3474,1.4593,62.800000000000004,59.1,81.1,46.5,76.9,63.525,0.125,0.125,0.375,0.375
S13,0.5,0.5,1.5,1.5,69.58333333333334,2717.71,36.35033104890231,6.65270868526885,0.18041100797043474,24.90942989714405,0.18301645386169724,1.9142420804840121,0.34875,1.6873400000000007,0.2066862635864733,4.53,3.9981,1.0428,5.2214,2.398,2.4164,5.3474,1.4593,72.5,86.5,83.69999999999999,71.8,88.80000000000001,78.12,0.125,0.125,0.375,0.375
S13,0.5,0.5,1.5,1.5,69.58333333333334,2717.71,36.35033104890231,6.65270868526885,0.18041100797043474,24.90942989714405,0.18301645386169724,1.9142420804840121,0.34875,1.6873400000000007,0.2066862635864733,4.53,3.9981,1.0428,5.2214,2.398,2.4164,5.3474,1.4593,90.0,90.0,90.0,90.0,90.0,90.0,0.125,0.125,0.375,0.375
S13,0.5,0.5,1.5,1.5,69.58333333333334,2717.71,36.35033104890231,6.65270868526885,0.18041100797043474,24.90942989714405,0.18301645386169724,1.9142420804840121,0.34875,1.6873400000000007,0.2066862635864733,4.53,3.9981,1.0428,5.2214,2.398,2.4164,5.3474,1.4593,71.3,78.1,64.3,60.0,84.3,68.1,0.125,0.125,0.375,0.375
S13,0.5,0.5,1.5,1.5,69.58333333333334,2717.71,36.35033104890231,6.65270868526885,0.18041100797043474,24.90942989714405,0.18301645386169724,1.9142420804840121,0.34875,1.6873400000000007,0.2066862635864733,4.53,3.9981,1.0428,5.2214,2.398,2.4164,5.3474,1.4593,70.0,89.39999999999999,80.0,65.3,73.89999999999999,73.4,0.125,0.125,0.375,0.375
S13,0.5,0.5,1.5,1.5,69.58333333333334,2717.71,36.35033104890231,6.65270868526885,0.18041100797043474,24.90942989714405,0.18301645386169724,1.9142420804840121,0.34875,1.6873400000000007,0.2066862635864733,4.53,3.9981,1.0428,5.2214,2.398,2.4164,5.3474,1.4593,92.69999999999999,87.30000000000001,70.8,88.80000000000001,78.89999999999999,84.13,0.125,0.125,0.375,0.375
S13,0.5,0.5,1.5,1.5,69.58333333333334,2717.71,36.35033104890231,6.65270868526885,0.18041100797043474,24.90942989714405,0.18301645386169724,1.9142420804840121,0.34875,1.6873400000000007,0.2066862635864733,4.53,3.9981,1.0428,5.2214,2.398,2.4164,5.3474,1.4593,90.0,90.0,80.0,90.0,100.0,88.5,0.125,0.125,0.375,0.375
S13,0.5,0.5,1.5,1.5,69.58333333333334,2717.71,36.35033104890231,6.65270868526885,0.18041100797043474,24.90942989714405,0.18301645386169724,1.9142420804840121,0.34875,1.6873400000000007,0.2066862635864733,4.53,3.9981,1.0428,5.2214,2.398,2.4164,5.3474,1.4593,71.6,88.10000000000001,62.0,80.7,79.80000000000001,74.4,0.125,0.125,0.375,0.375
S13,0.5,0.5,1.5,1.5,69.58333333333334,2717.71,36.35033104890231,6.65270868526885,0.18041100797043474,24.90942989714405,0.18301645386169724,1.9142420804840121,0.34875,1.6873400000000007,0.2066862635864733,4.53,3.9981,1.0428,5.2214,2.398,2.4164,5.3474,1.4593,61.7,55.300000000000004,66.0,64.9,66.9,63.61,0.125,0.125,0.375,0.375
S14,1.0,0.5,1.5,1.0,90.41666666666667,2226.28,36.07155302590313,7.549971104241836,0.15175627408119063,19.801039153484727,0.20930540747220314,2.5065920117644533,0.28575,2.350979999999999,0.12154505780568109,4.68,4.0127,2.2688,6.6354,2.6987,2.3394,4.2089,1.8217,77.1,78.5,65.7,71.7,73.60000000000001,72.42,0.25,0.125,0.375,0.25
S14,1.0,0.5,1.5,1.0,90.41666666666667,2226.28,36.07155302590313,7.549971104241836,0.15175627408119063,19.801039153484727,0.20930540747220314,2.5065920117644533,0.28575,2.350979999999999,0.12154505780568109,4.68,4.0127,2.2688,6.6354,2.6987,2.3394,4.2089,1.8217,70.0,70.0,80.0,62.1,100.0,73.13,0.25,0.125,0.375,0.25
S14,1.0,0.5,1.5,1.0,90.41666666666667,2226.28,36.07155302590313,7.549971104241836,0.15175627408119063,19.801039153484727,0.20930540747220314,2.5065920117644533,0.28575,2.350979999999999,0.12154505780568109,4.68,4.0127,2.2688,6.6354,2.6987,2.3394,4.2089,1.8217,69.7,62.199999999999996,100.0,75.5,66.6,77.955,0.25,0.125,0.375,0.25
S14,1.0,0.5,1.5,1.0,90.41666666666667,2226.28,36.07155302590313,7.549971104241836,0.15175627408119063,19.801039153484727,0.20930540747220314,2.5065920117644533,0.28575,2.350979999999999,0.12154505780568109,4.68,4.0127,2.2688,6.6354,2.6987,2.3394,4.2089,1.8217,70.0,71.10000000000001,60.0,70.0,59.0,66.50999999999999,0.25,0.125,0.375,0.25
S14,1.0,0.5,1.5,1.0,90.41666666666667,2226.28,36.07155302590313,7.549971104241836,0.15175627408119063,19.801039153484727,0.20930540747220314,2.5065920117644533,0.28575,2.350979999999999,0.12154505780568109,4.68,4.0127,2.2688,6.6354,2.6987,2.3394,4.2089,1.8217,72.5,65.9,59.699999999999996,60.099999999999994,67.1,64.38,0.25,0.125,0.375,0.25
S14,1.0,0.5,1.5,1.0,90.41666666666667,2226.28,36.07155302590313,7.549971104241836,0.15175627408119063,19.801039153484727,0.20930540747220314,2.5065920117644533,0.28575,2.350979999999999,0.12154505780568109,4.68,4.0127,2.2688,6.6354,2.6987,2.3394,4.2089,1.8217,90.0,90.0,90.0,90.0,100.0,91.0,0.25,0.125,0.375,0.25
S14,1.0,0.5,1.5,1.0,90.41666666666667,2226.28,36.07155302590313,7.549971104241836,0.15175627408119063,19.801039153484727,0.20930540747220314,2.5065920117644533,0.28575,2.350979999999999,0.12154505780568109,4.68,4.0127,2.2688,6.6354,2.6987,2.3394,4.2089,1.8217,84.60000000000001,86.4,80.5,64.3,78.89999999999999,77.095,0.25,0.125,0.375,0.25
S14,1.0,0.5,1.5,1.0,90.41666666666667,2226.28,36.07155302590313,7.549971104241836,0.15175627408119063,19.801039153484727,0.20930540747220314,2.5065920117644533,0.28575,2.350979999999999,0.12154505780568109,4.68,4.0127,2.2688,6.6354,2.6987,2.3394,4.2089,1.8217,74.0,70.0,70.0,50.0,68.2,64.82000000000001,0.25,0.125,0.375,0.25
S14,1.0,0.5,1.5,1.0,90.41666666666667,2226.28,36.07155302590313,7.549971104241836,0.15175627408119063,19.801039153484727,0.20930540747220314,2.5065920117644533,0.28575,2.350979999999999,0.12154505780568109,4.68,4.0127,2.2688,6.6354,2.6987,2.3394,4.2089,1.8217,90.0,95.39999999999999,90.0,43.099999999999994,70.1,74.48,0.25,0.125,0.375,0.25
S14,1.0,0.5,1.5,1.0,90.41666666666667,2226.28,36.07155302590313,7.549971104241836,0.15175627408119063,19.801039153484727,0.20930540747220314,2.5065920117644533,0.28575,2.350979999999999,0.12154505780568109,4.68,4.0127,2.2688,6.6354,2.6987,2.3394,4.2089,1.8217,90.5,80.7,79.2,70.0,100.0,81.49,0.25,0.125,0.375,0.25
S14,1.0,0.5,1.5,1.0,90.41666666666667,2226.28,36.07155302590313,7.549971104241836,0.15175627408119063,19.801039153484727,0.20930540747220314,2.5065920117644533,0.28575,2.350979999999999,0.12154505780568109,4.68,4.0127,2.2688,6.6354,2.6987,2.3394,4.2089,1.8217,60.0,50.0,90.0,60.0,80.0,68.5,0.25,0.125,0.375,0.25
S14,1.0,0.5,1.5,1.0,90.41666666666667,2226.28,36.07155302590313,7.549971104241836,0.15175627408119063,19.801039153484727,0.20930540747220314,2.5065920117644533,0.28575,2.350979999999999,0.12154505780568109,4.68,4.0127,2.2688,6.6354,2.6987,2.3394,4.2089,1.8217,70.0,70.0,70.0,70.0,90.0,72.0,0.25,0.125,0.375,0.25
S14,1.0,0.5,1.5,1.0,90.41666666666667,2226.28,36.07155302590313,7.549971104241836,0.15175627408119063,19.801039153484727,0.20930540747220314,2.5065920117644533,0.28575,2.350979999999999,0.12154505780568109,4.68,4.0127,2.2688,6.6354,2.6987,2.3394,4.2089,1.8217,74.6,62.1,79.1,74.3,100.0,76.9,0.25,0.125,0.375,0.25
S14,1.0,0.5,1.5,1.0,90.41666666666667,2226.28,36.07155302590313,7.549971104241836,0.15175627408119063,19.801039153484727,0.20930540747220314,2.5065920117644533,0.28575,2.350979999999999,0.12154505780568109,4.68,4.0127,2.2688,6.6354,2.6987,2.3394,4.2089,1.8217,79.0,80.9,66.3,68.8,72.0,72.25,0.25,0.125,0.375,0.25
S14,1.0,0.5,1.5,1.0,90.41666666666667,2226.28,36.07155302590313,7.549971104241836,0.15175627408119063,19.801039153484727,0.20930540747220314,2.5065920117644533,0.28575,2.350979999999999,0.12154505780568109,4.68,4.0127,2.2688,6.6354,2.6987,2.3394,4.2089,1.8217,78.8,78.89999999999999,65.8,70.9,84.60000000000001,73.77,0.25,0.125,0.375,0.25
S14,1.0,0.5,1.5,1.0,90.41666666666667,2226.28,36.07155302590313,7.549971104241836,0.15175627408119063,19.801039153484727,0.20930540747220314,2.5065920117644533,0.28575,2.350979999999999,0.12154505780568109,4.68,4.0127,2.2688,6.6354,2.6987,2.3394,4.2089,1.8217,69.1,63.4,54.1,74.2,65.9,65.99000000000001,0.25,0.125,0.375,0.25
S14,1.0,0.5,1.5,1.0,90.41666666666667,2226.28,36.07155302590313,7.549971104241836,0.15175627408119063,19.801039153484727,0.20930540747220314,2.5065920117644533,0.28575,2.350979999999999,0.12154505780568109,4.68,4.0127,2.2688,6.6354,2.6987,2.3394,4.2089,1.8217,70.0,80.0,70.0,80.0,70.0,74.0,0.25,0.125,0.375,0.25
S14,1.0,0.5,1.5,1.0,90.41666666666667,2226.28,36.07155302590313,7.549971104241836,0.15175627408119063,19.801039153484727,0.20930540747220314,2.5065920117644533,0.28575,2.350979999999999,0.12154505780568109,4.68,4.0127,2.2688,6.6354,2.6987,2.3394,4.2089,1.8217,70.19999999999999,64.5,64.0,66.2,80.8,67.94,0.25,0.125,0.375,0.25
S14,1.0,0.5,1.5,1.0,90.41666666666667,2226.28,36.07155302590313,7.549971104241836,0.15175627408119063,19.801039153484727,0.20930540747220314,2.5065920117644533,0.28575,2.350979999999999,0.12154505780568109,4.68,4.0127,2.2688,6.6354,2.6987,2.3394,4.2089,1.8217,74.3,77.69999999999999,80.5,59.6,100.0,74.35,0.25,0.125,0.375,0.25
S14,1.0,0.5,1.5,1.0,90.41666666666667,2226.28,36.07155302590313,7.549971104241836,0.15175627408119063,19.801039153484727,0.20930540747220314,2.5065920117644533,0.28575,2.350979999999999,0.12154505780568109,4.68,4.0127,2.2688,6.6354,2.6987,2.3394,4.2089,1.8217,80.0,80.0,50.0,60.0,100.0,68.5,0.25,0.125,0.375,0.25
S15,0.5,2.0,0.5,1.0,106.45833333333337,2172.0,38.92902776164479,6.672904090894994,0.113872259,20.178844993595682,0.17141204069497823,2.7346774233653606,0.05625,1.447300000000002,0.038865473640572044,4.53,3.7945,2.5135,4.0268,2.8176,2.4402,0.0481,1.9292,83.75,85.0,82.5,80.0,86.0,82.66,0.125,0.5,0.125,0.25
S15,0.5,2.0,0.5,1.0,106.45833333333337,2172.0,38.92902776164479,6.672904090894994,0.113872259,20.178844993595682,0.17141204069497823,2.7346774233653606,0.05625,1.447300000000002,0.038865473640572044,4.53,3.7945,2.5135,4.0268,2.8176,2.4402,0.0481,1.9292,84.80000000000001,82.8,70.3,79.5,100.0,80.9,0.125,0.5,0.125,0.25
S15,0.5,2.0,0.5,1.0,106.45833333333337,2172.0,38.92902776164479,6.672904090894994,0.113872259,20.178844993595682,0.17141204069497823,2.7346774233653606,0.05625,1.447300000000002,0.038865473640572044,4.53,3.7945,2.5135,4.0268,2.8176,2.4402,0.0481,1.9292,73.89999999999999,76.0,84.5,64.1,78.89999999999999,74.32000000000001,0.125,0.5,0.125,0.25
S15,0.5,2.0,0.5,1.0,106.45833333333337,2172.0,38.92902776164479,6.672904090894994,0.113872259,20.178844993595682,0.17141204069497823,2.7346774233653606,0.05625,1.447300000000002,0.038865473640572044,4.53,3.7945,2.5135,4.0268,2.8176,2.4402,0.0481,1.9292,86.4,82.30000000000001,89.39999999999999,70.8,80.5,81.47,0.125,0.5,0.125,0.25
S15,0.5,2.0,0.5,1.0,106.45833333333337,2172.0,38.92902776164479,6.672904090894994,0.113872259,20.178844993595682,0.17141204069497823,2.7346774233653606,0.05625,1.447300000000002,0.038865473640572044,4.53,3.7945,2.5135,4.0268,2.8176,2.4402,0.0481,1.9292,80.0,80.0,80.0,80.0,80.0,80.0,0.125,0.5,0.125,0.25
S15,0.5,2.0,0.5,1.0,106.45833333333337,2172.0,38.92902776164479,6.672904090894994,0.113872259,20.178844993595682,0.17141204069497823,2.7346774233653606,0.05625,1.447300000000002,0.038865473640572044,4.53,3.7945,2.5135,4.0268,2.8176,2.4402,0.0481,1.9292,83.75,85.0,82.5,80.0,100.0,84.06,0.125,0.5,0.125,0.25
S15,0.5,2.0,0.5,1.0,106.45833333333337,2172.0,38.92902776164479,6.672904090894994,0.113872259,20.178844993595682,0.17141204069497823,2.7346774233653606,0.05625,1.447300000000002,0.038865473640572044,4.53,3.7945,2.5135,4.0268,2.8176,2.4402,0.0481,1.9292,90.0,100.0,80.0,70.0,90.0,82.5,0.125,0.5,0.125,0.25
S15,0.5,2.0,0.5,1.0,106.45833333333337,2172.0,38.92902776164479,6.672904090894994,0.113872259,20.178844993595682,0.17141204069497823,2.7346774233653606,0.05625,1.447300000000002,0.038865473640572044,4.53,3.7945,2.5135,4.0268,2.8176,2.4402,0.0481,1.9292,87.69999999999999,84.3,92.89999999999999,80.3,85.9,86.25999999999999,0.125,0.5,0.125,0.25
S15,0.5,2.0,0.5,1.0,106.45833333333337,2172.0,38.92902776164479,6.672904090894994,0.113872259,20.178844993595682,0.17141204069497823,2.7346774233653606,0.05625,1.447300000000002,0.038865473640572044,4.53,3.7945,2.5135,4.0268,2.8176,2.4402,0.0481,1.9292,88.3,100.0,96.19999999999999,76.3,88.0,87.81,0.125,0.5,0.125,0.25
S15,0.5,2.0,0.5,1.0,106.45833333333337,2172.0,38.92902776164479,6.672904090894994,0.113872259,20.178844993595682,0.17141204069497823,2.7346774233653606,0.05625,1.447300000000002,0.038865473640572044,4.53,3.7945,2.5135,4.0268,2.8176,2.4402,0.0481,1.9292,100.0,100.0,90.0,100.0,100.0,97.5,0.125,0.5,0.125,0.25
S15,0.5,2.0,0.5,1.0,106.45833333333337,2172.0,38.92902776164479,6.672904090894994,0.113872259,20.178844993595682,0.17141204069497823,2.7346774233653606,0.05625,1.447300000000002,0.038865473640572044,4.53,3.7945,2.5135,4.0268,2.8176,2.4402,0.0481,1.9292,90.0,100.0,80.0,70.0,90.0,82.5,0.125,0.5,0.125,0.25
S15,0.5,2.0,0.5,1.0,106.45833333333337,2172.0,38.92902776164479,6.672904090894994,0.113872259,20.178844993595682,0.17141204069497823,2.7346774233653606,0.05625,1.447300000000002,0.038865473640572044,4.53,3.7945,2.5135,4.0268,2.8176,2.4402,0.0481,1.9292,70.0,70.0,70.0,70.0,70.0,70.0,0.125,0.5,0.125,0.25
S15,0.5,2.0,0.5,1.0,106.45833333333337,2172.0,38.92902776164479,6.672904090894994,0.113872259,20.178844993595682,0.17141204069497823,2.7346774233653606,0.05625,1.447300000000002,0.038865473640572044,4.53,3.7945,2.5135,4.0268,2.8176,2.4402,0.0481,1.9292,93.5,79.9,81.6,64.2,96.7,80.69000000000001,0.125,0.5,0.125,0.25
S15,0.5,2.0,0.5,1.0,106.45833333333337,2172.0,38.92902776164479,6.672904090894994,0.113872259,20.178844993595682,0.17141204069497823,2.7346774233653606,0.05625,1.447300000000002,0.038865473640572044,4.53,3.7945,2.5135,4.0268,2.8176,2.4402,0.0481,1.9292,83.69999999999999,85.0,82.5,80.0,99.0,83.96000000000001,0.125,0.5,0.125,0.25
S15,0.5,2.0,0.5,1.0,106.45833333333337,2172.0,38.92902776164479,6.672904090894994,0.113872259,20.178844993595682,0.17141204069497823,2.7346774233653606,0.05625,1.447300000000002,0.038865473640572044,4.53,3.7945,2.5135,4.0268,2.8176,2.4402,0.0481,1.9292,78.5,77.4,79.5,66.10000000000001,68.0,73.86999999999999,0.125,0.5,0.125,0.25
S15,0.5,2.0,0.5,1.0,106.45833333333337,2172.0,38.92902776164479,6.672904090894994,0.113872259,20.178844993595682,0.17141204069497823,2.7346774233653606,0.05625,1.447300000000002,0.038865473640572044,4.53,3.7945,2.5135,4.0268,2.8176,2.4402,0.0481,1.9292,100.0,100.0,100.0,100.0,90.0,99.0,0.125,0.5,0.125,0.25
S15,0.5,2.0,0.5,1.0,106.45833333333337,2172.0,38.92902776164479,6.672904090894994,0.113872259,20.178844993595682,0.17141204069497823,2.7346774233653606,0.05625,1.447300000000002,0.038865473640572044,4.53,3.7945,2.5135,4.0268,2.8176,2.4402,0.0481,1.9292,96.7,80.5,94.7,89.5,100.0,92.75,0.125,0.5,0.125,0.25
S15,0.5,2.0,0.5,1.0,106.45833333333337,2172.0,38.92902776164479,6.672904090894994,0.113872259,20.178844993595682,0.17141204069497823,2.7346774233653606,0.05625,1.447300000000002,0.038865473640572044,4.53,3.7945,2.5135,4.0268,2.8176,2.4402,0.0481,1.9292,87.30000000000001,74.9,66.6,67.4,80.9,74.27,0.125,0.5,0.125,0.25
S15,0.5,2.0,0.5,1.0,106.45833333333337,2172.0,38.92902776164479,6.672904090894994,0.113872259,20.178844993595682,0.17141204069497823,2.7346774233653606,0.05625,1.447300000000002,0.038865473640572044,4.53,3.7945,2.5135,4.0268,2.8176,2.4402,0.0481,1.9292,83.4,90.5,98.0,72.30000000000001,100.0,86.09,0.125,0.5,0.125,0.25
S15,0.5,2.0,0.5,1.0,106.45833333333337,2172.0,38.92902776164479,6.672904090894994,0.113872259,20.178844993595682,0.17141204069497823,2.7346774233653606,0.05625,1.447300000000002,0.038865473640572044,4.53,3.7945,2.5135,4.0268,2.8176,2.4402,0.0481,1.9292,62.1,74.2,70.0,58.8,70.0,65.085,0.125,0.5,0.125,0.25
S16,1.0,1.0,1.0,1.0,80.41666666666669,2515.366,29.938436519921012,5.967025796830255,0.09369696279905868,22.461127256299058,0.19930986686161117,2.6860676780217796,0.07199999999999998,1.2425599999999994,0.0579448879732166,4.64,3.6454,2.3591,0.6726,4.337,2.4152,2.8357,1.3329,83.3,85.0,80.0,90.5,81.30000000000001,84.60000000000001,0.25,0.25,0.25,0.25
S16,1.0,1.0,1.0,1.0,80.41666666666669,2515.366,29.938436519921012,5.967025796830255,0.09369696279905868,22.461127256299058,0.19930986686161117,2.6860676780217796,0.07199999999999998,1.2425599999999994,0.0579448879732166,4.64,3.6454,2.3591,0.6726,4.337,2.4152,2.8357,1.3329,73.1,72.9,71.9,57.800000000000004,69.1,67.78999999999999,0.25,0.25,0.25,0.25
S16,1.0,1.0,1.0,1.0,80.41666666666669,2515.366,29.938436519921012,5.967025796830255,0.09369696279905868,22.461127256299058,0.19930986686161117,2.6860676780217796,0.07199999999999998,1.2425599999999994,0.0579448879732166,4.64,3.6454,2.3591,0.6726,4.337,2.4152,2.8357,1.3329,80.0,80.0,50.0,80.0,90.0,73.5,0.25,0.25,0.25,0.25
S16,1.0,1.0,1.0,1.0,80.41666666666669,2515.366,29.938436519921012,5.967025796830255,0.09369696279905868,22.461127256299058,0.19930986686161117,2.6860676780217796,0.07199999999999998,1.2425599999999994,0.0579448879732166,4.64,3.6454,2.3591,0.6726,4.337,2.4152,2.8357,1.3329,80.1,71.2,82.10000000000001,45.5,96.6,70.98,0.25,0.25,0.25,0.25
S16,1.0,1.0,1.0,1.0,80.41666666666669,2515.366,29.938436519921012,5.967025796830255,0.09369696279905868,22.461127256299058,0.19930986686161117,2.6860676780217796,0.07199999999999998,1.2425599999999994,0.0579448879732166,4.64,3.6454,2.3591,0.6726,4.337,2.4152,2.8357,1.3329,70.0,80.0,80.0,80.0,78.5,77.35000000000001,0.25,0.25,0.25,0.25
S16,1.0,1.0,1.0,1.0,80.41666666666669,2515.366,29.938436519921012,5.967025796830255,0.09369696279905868,22.461127256299058,0.19930986686161117,2.6860676780217796,0.07199999999999998,1.2425599999999994,0.0579448879732166,4.64,3.6454,2.3591,0.6726,4.337,2.4152,2.8357,1.3329,80.0,80.0,70.0,90.0,98.9,82.39000000000001,0.25,0.25,0.25,0.25
S16,1.0,1.0,1.0,1.0,80.41666666666669,2515.366,29.938436519921012,5.967025796830255,0.09369696279905868,22.461127256299058,0.19930986686161117,2.6860676780217796,0.07199999999999998,1.2425599999999994,0.0579448879732166,4.64,3.6454,2.3591,0.6726,4.337,2.4152,2.8357,1.3329,56.1,55.0,80.7,55.300000000000004,79.9,64.28,0.25,0.25,0.25,0.25
S16,1.0,1.0,1.0,1.0,80.41666666666669,2515.366,29.938436519921012,5.967025796830255,0.09369696279905868,22.461127256299058,0.19930986686161117,2.6860676780217796,0.07199999999999998,1.2425599999999994,0.0579448879732166,4.64,3.6454,2.3591,0.6726,4.337,2.4152,2.8357,1.3329,100.0,100.0,70.0,80.0,100.0,86.5,0.25,0.25,0.25,0.25
S16,1.0,1.0,1.0,1.0,80.41666666666669,2515.366,29.938436519921012,5.967025796830255,0.09369696279905868,22.461127256299058,0.19930986686161117,2.6860676780217796,0.07199999999999998,1.2425599999999994,0.0579448879732166,4.64,3.6454,2.3591,0.6726,4.337,2.4152,2.8357,1.3329,90.0,100.0,80.0,75.0,96.7,84.67,0.25,0.25,0.25,0.25
S16,1.0,1.0,1.0,1.0,80.41666666666669,2515.366,29.938436519921012,5.967025796830255,0.09369696279905868,22.461127256299058,0.19930986686161117,2.6860676780217796,0.07199999999999998,1.2425599999999994,0.0579448879732166,4.64,3.6454,2.3591,0.6726,4.337,2.4152,2.8357,1.3329,96.1,90.0,96.7,94.0,100.0,95.39999999999999,0.25,0.25,0.25,0.25
S16,1.0,1.0,1.0,1.0,80.41666666666669,2515.366,29.938436519921012,5.967025796830255,0.09369696279905868,22.461127256299058,0.19930986686161117,2.6860676780217796,0.07199999999999998,1.2425599999999994,0.0579448879732166,4.64,3.6454,2.3591,0.6726,4.337,2.4152,2.8357,1.3329,70.0,50.0,50.0,90.0,80.8,70.0,0.25,0.25,0.25,0.25
S16,1.0,1.0,1.0,1.0,80.41666666666669,2515.366,29.938436519921012,5.967025796830255,0.09369696279905868,22.461127256299058,0.19930986686161117,2.6860676780217796,0.07199999999999998,1.2425599999999994,0.0579448879732166,4.64,3.6454,2.3591,0.6726,4.337,2.4152,2.8357,1.3329,90.0,90.0,90.0,100.0,90.0,93.0,0.25,0.25,0.25,0.25
S16,1.0,1.0,1.0,1.0,80.41666666666669,2515.366,29.938436519921012,5.967025796830255,0.09369696279905868,22.461127256299058,0.19930986686161117,2.6860676780217796,0.07199999999999998,1.2425599999999994,0.0579448879732166,4.64,3.6454,2.3591,0.6726,4.337,2.4152,2.8357,1.3329,100.0,100.0,70.0,80.0,90.0,85.5,0.25,0.25,0.25,0.25
S16,1.0,1.0,1.0,1.0,80.41666666666669,2515.366,29.938436519921012,5.967025796830255,0.09369696279905868,22.461127256299058,0.19930986686161117,2.6860676780217796,0.07199999999999998,1.2425599999999994,0.0579448879732166,4.64,3.6454,2.3591,0.6726,4.337,2.4152,2.8357,1.3329,80.0,60.0,60.0,70.0,85.0,70.5,0.25,0.25,0.25,0.25
S16,1.0,1.0,1.0,1.0,80.41666666666669,2515.366,29.938436519921012,5.967025796830255,0.09369696279905868,22.461127256299058,0.19930986686161117,2.6860676780217796,0.07199999999999998,1.2425599999999994,0.0579448879732166,4.64,3.6454,2.3591,0.6726,4.337,2.4152,2.8357,1.3329,100.0,100.0,100.0,100.0,100.0,100.0,0.25,0.25,0.25,0.25
S16,1.0,1.0,1.0,1.0,80.41666666666669,2515.366,29.938436519921012,5.967025796830255,0.09369696279905868,22.461127256299058,0.19930986686161117,2.6860676780217796,0.07199999999999998,1.2425599999999994,0.0579448879732166,4.64,3.6454,2.3591,0.6726,4.337,2.4152,2.8357,1.3329,100.0,100.0,100.0,100.0,90.0,99.0,0.25,0.25,0.25,0.25
S16,1.0,1.0,1.0,1.0,80.41666666666669,2515.366,29.938436519921012,5.967025796830255,0.09369696279905868,22.461127256299058,0.19930986686161117,2.6860676780217796,0.07199999999999998,1.2425599999999994,0.0579448879732166,4.64,3.6454,2.3591,0.6726,4.337,2.4152,2.8357,1.3329,100.0,80.0,90.0,88.0,100.0,91.89999999999999,0.25,0.25,0.25,0.25
S16,1.0,1.0,1.0,1.0,80.41666666666669,2515.366,29.938436519921012,5.967025796830255,0.09369696279905868,22.461127256299058,0.19930986686161117,2.6860676780217796,0.07199999999999998,1.2425599999999994,0.0579448879732166,4.64,3.6454,2.3591,0.6726,4.337,2.4152,2.8357,1.3329,65.1,50.199999999999996,93.69999999999999,47.1,70.0,65.85,0.25,0.25,0.25,0.25
S16,1.0,1.0,1.0,1.0,80.41666666666669,2515.366,29.938436519921012,5.967025796830255,0.09369696279905868,22.461127256299058,0.19930986686161117,2.6860676780217796,0.07199999999999998,1.2425599999999994,0.0579448879732166,4.64,3.6454,2.3591,0.6726,4.337,2.4152,2.8357,1.3329,90.0,90.0,90.0,100.0,90.0,93.0,0.25,0.25,0.25,0.25
S16,1.0,1.0,1.0,1.0,80.41666666666669,2515.366,29.938436519921012,5.967025796830255,0.09369696279905868,22.461127256299058,0.19930986686161117,2.6860676780217796,0.07199999999999998,1.2425599999999994,0.0579448879732166,4.64,3.6454,2.3591,0.6726,4.337,2.4152,2.8357,1.3329,96.7,99.0,97.89999999999999,90.5,100.0,95.7,0.25,0.25,0.25,0.25
S17,0.5,1.5,1.5,0.5,79.58333333333336,1990.57,43.41270763154838,4.820437280955679,0.2607882060328927,28.4822907961871,0.11103747137514701,1.8331805979201232,0.24750000000000003,0.9036800000000007,0.2738801345609063,4.71,2.729,3.3591,0.3615,2.9612,2.4149,4.1038,1.5242,71.5,70.0,60.0,65.6,72.6,66.8,0.125,0.375,0.375,0.125
S17,0.5,1.5,1.5,0.5,79.58333333333336,1990.57,43.41270763154838,4.820437280955679,0.2607882060328927,28.4822907961871,0.11103747137514701,1.8331805979201232,0.24750000000000003,0.9036800000000007,0.2738801345609063,4.71,2.729,3.3591,0.3615,2.9612,2.4149,4.1038,1.5242,60.599999999999994,50.099999999999994,64.9,53.099999999999994,76.10000000000001,59.925,0.125,0.375,0.375,0.125
S17,0.5,1.5,1.5,0.5,79.58333333333336,1990.57,43.41270763154838,4.820437280955679,0.2607882060328927,28.4822907961871,0.11103747137514701,1.8331805979201232,0.24750000000000003,0.9036800000000007,0.2738801345609063,4.71,2.729,3.3591,0.3615,2.9612,2.4149,4.1038,1.5242,61.1,70.0,70.1,60.0,69.2,64.7,0.125,0.375,0.375,0.125
S17,0.5,1.5,1.5,0.5,79.58333333333336,1990.57,43.41270763154838,4.820437280955679,0.2607882060328927,28.4822907961871,0.11103747137514701,1.8331805979201232,0.24750000000000003,0.9036800000000007,0.2738801345609063,4.71,2.729,3.3591,0.3615,2.9612,2.4149,4.1038,1.5242,80.3,80.0,32.1,70.0,63.8,63.48,0.125,0.375,0.375,0.125
S17,0.5,1.5,1.5,0.5,79.58333333333336,1990.57,43.41270763154838,4.820437280955679,0.2607882060328927,28.4822907961871,0.11103747137514701,1.8331805979201232,0.24750000000000003,0.9036800000000007,0.2738801345609063,4.71,2.729,3.3591,0.3615,2.9612,2.4149,4.1038,1.5242,90.0,91.19999999999999,50.0,40.0,100.0,66.10000000000001,0.125,0.375,0.375,0.125
S17,0.5,1.5,1.5,0.5,79.58333333333336,1990.57,43.41270763154838,4.820437280955679,0.2607882060328927,28.4822907961871,0.11103747137514701,1.8331805979201232,0.24750000000000003,0.9036800000000007,0.2738801345609063,4.71,2.729,3.3591,0.3615,2.9612,2.4149,4.1038,1.5242,87.89999999999999,79.0,88.5,40.9,73.2,71.59,0.125,0.375,0.375,0.125
S17,0.5,1.5,1.5,0.5,79.58333333333336,1990.57,43.41270763154838,4.820437280955679,0.2607882060328927,28.4822907961871,0.11103747137514701,1.8331805979201232,0.24750000000000003,0.9036800000000007,0.2738801345609063,4.71,2.729,3.3591,0.3615,2.9612,2.4149,4.1038,1.5242,90.0,70.0,50.0,50.0,100.0,67.0,0.125,0.375,0.375,0.125
S17,0.5,1.5,1.5,0.5,79.58333333333336,1990.57,43.41270763154838,4.820437280955679,0.2607882060328927,28.4822907961871,0.11103747137514701,1.8331805979201232,0.24750000000000003,0.9036800000000007,0.2738801345609063,4.71,2.729,3.3591,0.3615,2.9612,2.4149,4.1038,1.5242,70.8,59.6,35.0,40.199999999999996,78.0,52.27,0.125,0.375,0.375,0.125
S17,0.5,1.5,1.5,0.5,79.58333333333336,1990.57,43.41270763154838,4.820437280955679,0.2607882060328927,28.4822907961871,0.11103747137514701,1.8331805979201232,0.24750000000000003,0.9036800000000007,0.2738801345609063,4.71,2.729,3.3591,0.3615,2.9612,2.4149,4.1038,1.5242,73.0,70.1,82.0,59.1,70.0,70.49000000000001,0.125,0.375,0.375,0.125
S17,0.5,1.5,1.5,0.5,79.58333333333336,1990.57,43.41270763154838,4.820437280955679,0.2607882060328927,28.4822907961871,0.11103747137514701,1.8331805979201232,0.24750000000000003,0.9036800000000007,0.2738801345609063,4.71,2.729,3.3591,0.3615,2.9612,2.4149,4.1038,1.5242,71.0,66.2,71.10000000000001,65.0,90.0,70.64,0.125,0.375,0.375,0.125
S17,0.5,1.5,1.5,0.5,79.58333333333336,1990.57,43.41270763154838,4.820437280955679,0.2607882060328927,28.4822907961871,0.11103747137514701,1.8331805979201232,0.24750000000000003,0.9036800000000007,0.2738801345609063,4.71,2.729,3.3591,0.3615,2.9612,2.4149,4.1038,1.5242,70.19999999999999,70.3,62.699999999999996,66.2,76.10000000000001,67.725,0.125,0.375,0.375,0.125
S17,0.5,1.5,1.5,0.5,79.58333333333336,1990.57,43.41270763154838,4.820437280955679,0.2607882060328927,28.4822907961871,0.11103747137514701,1.8331805979201232,0.24750000000000003,0.9036800000000007,0.2738801345609063,4.71,2.729,3.3591,0.3615,2.9612,2.4149,4.1038,1.5242,82.10000000000001,61.900000000000006,73.3,40.599999999999994,71.10000000000001,64.33,0.125,0.375,0.375,0.125
S17,0.5,1.5,1.5,0.5,79.58333333333336,1990.57,43.41270763154838,4.820437280955679,0.2607882060328927,28.4822907961871,0.11103747137514701,1.8331805979201232,0.24750000000000003,0.9036800000000007,0.2738801345609063,4.71,2.729,3.3591,0.3615,2.9612,2.4149,4.1038,1.5242,72.4,63.5,56.6,45.8,60.199999999999996,58.36,0.125,0.375,0.375,0.125
S17,0.5,1.5,1.5,0.5,79.58333333333336,1990.57,43.41270763154838,4.820437280955679,0.2607882060328927,28.4822907961871,0.11103747137514701,1.8331805979201232,0.24750000000000003,0.9036800000000007,0.2738801345609063,4.71,2.729,3.3591,0.3615,2.9612,2.4149,4.1038,1.5242,74.2,72.9,58.6,61.4,68.5,65.75999999999999,0.125,0.375,0.375,0.125
S17,0.5,1.5,1.5,0.5,79.58333333333336,1990.57,43.41270763154838,4.820437280955679,0.2607882060328927,28.4822907961871,0.11103747137514701,1.8331805979201232,0.24750000000000003,0.9036800000000007,0.2738801345609063,4.71,2.729,3.3591,0.3615,2.9612,2.4149,4.1038,1.5242,70.0,60.0,60.0,60.0,100.0,66.5,0.125,0.375,0.375,0.125
S17,0.5,1.5,1.5,0.5,79.58333333333336,1990.57,43.41270763154838,4.820437280955679,0.2607882060328927,28.4822907961871,0.11103747137514701,1.8331805979201232,0.24750000000000003,0.9036800000000007,0.2738801345609063,4.71,2.729,3.3591,0.3615,2.9612,2.4149,4.1038,1.5242,71.2,59.6,82.5,59.0,70.5,69.135,0.125,0.375,0.375,0.125
S17,0.5,1.5,1.5,0.5,79.58333333333336,1990.57,43.41270763154838,4.820437280955679,0.2607882060328927,28.4822907961871,0.11103747137514701,1.8331805979201232,0.24750000000000003,0.9036800000000007,0.2738801345609063,4.71,2.729,3.3591,0.3615,2.9612,2.4149,4.1038,1.5242,68.3,71.9,71.10000000000001,60.0,64.6,66.5,0.125,0.375,0.375,0.125
S17,0.5,1.5,1.5,0.5,79.58333333333336,1990.57,43.41270763154838,4.820437280955679,0.2607882060328927,28.4822907961871,0.11103747137514701,1.8331805979201232,0.24750000000000003,0.9036800000000007,0.2738801345609063,4.71,2.729,3.3591,0.3615,2.9612,2.4149,4.1038,1.5242,70.0,64.9,60.0,71.9,100.0,70.56,0.125,0.375,0.375,0.125
S17,0.5,1.5,1.5,0.5,79.58333333333336,1990.57,43.41270763154838,4.820437280955679,0.2607882060328927,28.4822907961871,0.11103747137514701,1.8331805979201232,0.24750000000000003,0.9036800000000007,0.2738801345609063,4.71,2.729,3.3591,0.3615,2.9612,2.4149,4.1038,1.5242,72.2,78.5,46.900000000000006,63.099999999999994,80.8,64.63499999999999,0.125,0.375,0.375,0.125
S17,0.5,1.5,1.5,0.5,79.58333333333336,1990.57,43.41270763154838,4.820437280955679,0.2607882060328927,28.4822907961871,0.11103747137514701,1.8331805979201232,0.24750000000000003,0.9036800000000007,0.2738801345609063,4.71,2.729,3.3591,0.3615,2.9612,2.4149,4.1038,1.5242,63.9,63.099999999999994,66.0,60.5,64.9,63.425000000000004,0.125,0.375,0.375,0.125
S18,0.5,0.5,1.0,2.0,91.66666666666667,2117.71,44.52781972354513,7.355518668520683,0.15923462402378072,22.136624272207374,0.16518928423147744,2.058638110641554,0.24525000000000002,0.8683799999999999,0.2824224417881573,4.81,3.5981,4.8593,4.9734,2.9925,2.2845,4.6051,2.0115,76.25,80.0,72.5,74.338125,72.9,74.77000000000001,0.125,0.125,0.25,0.5
S18,0.5,0.5,1.0,2.0,91.66666666666667,2117.71,44.52781972354513,7.355518668520683,0.15923462402378072,22.136624272207374,0.16518928423147744,2.058638110641554,0.24525000000000002,0.8683799999999999,0.2824224417881573,4.81,3.5981,4.8593,4.9734,2.9925,2.2845,4.6051,2.0115,70.0,65.0,70.0,70.0,100.0,72.5,0.125,0.125,0.25,0.5
S18,0.5,0.5,1.0,2.0,91.66666666666667,2117.71,44.52781972354513,7.355518668520683,0.15923462402378072,22.136624272207374,0.16518928423147744,2.058638110641554,0.24525000000000002,0.8683799999999999,0.2824224417881573,4.81,3.5981,4.8593,4.9734,2.9925,2.2845,4.6051,2.0115,81.1,83.69999999999999,97.10000000000001,65.8,66.9,79.35,0.125,0.125,0.25,0.5
S18,0.5,0.5,1.0,2.0,91.66666666666667,2117.71,44.52781972354513,7.355518668520683,0.15923462402378072,22.136624272207374,0.16518928423147744,2.058638110641554,0.24525000000000002,0.8683799999999999,0.2824224417881573,4.81,3.5981,4.8593,4.9734,2.9925,2.2845,4.6051,2.0115,76.39999999999999,70.4,80.0,62.300000000000004,73.1,72.14,0.125,0.125,0.25,0.5
S18,0.5,0.5,1.0,2.0,91.66666666666667,2117.71,44.52781972354513,7.355518668520683,0.15923462402378072,22.136624272207374,0.16518928423147744,2.058638110641554,0.24525000000000002,0.8683799999999999,0.2824224417881573,4.81,3.5981,4.8593,4.9734,2.9925,2.2845,4.6051,2.0115,76.25,80.0,72.5,72.5,77.69999999999999,74.7,0.125,0.125,0.25,0.5
S18,0.5,0.5,1.0,2.0,91.66666666666667,2117.71,44.52781972354513,7.355518668520683,0.15923462402378072,22.136624272207374,0.16518928423147744,2.058638110641554,0.24525000000000002,0.8683799999999999,0.2824224417881573,4.81,3.5981,4.8593,4.9734,2.9925,2.2845,4.6051,2.0115,66.10000000000001,51.900000000000006,55.300000000000004,49.0,85.1,58.75,0.125,0.125,0.25,0.5
S18,0.5,0.5,1.0,2.0,91.66666666666667,2117.71,44.52781972354513,7.355518668520683,0.15923462402378072,22.136624272207374,0.16518928423147744,2.058638110641554,0.24525000000000002,0.8683799999999999,0.2824224417881573,4.81,3.5981,4.8593,4.9734,2.9925,2.2845,4.6051,2.0115,80.0,90.0,70.0,80.0,100.0,80.5,0.125,0.125,0.25,0.5
S18,0.5,0.5,1.0,2.0,91.66666666666667,2117.71,44.52781972354513,7.355518668520683,0.15923462402378072,22.136624272207374,0.16518928423147744,2.058638110641554,0.24525000000000002,0.8683799999999999,0.2824224417881573,4.81,3.5981,4.8593,4.9734,2.9925,2.2845,4.6051,2.0115,80.0,90.0,80.0,80.0,80.0,81.0,0.125,0.125,0.25,0.5
S18,0.5,0.5,1.0,2.0,91.66666666666667,2117.71,44.52781972354513,7.355518668520683,0.15923462402378072,22.136624272207374,0.16518928423147744,2.058638110641554,0.24525000000000002,0.8683799999999999,0.2824224417881573,4.81,3.5981,4.8593,4.9734,2.9925,2.2845,4.6051,2.0115,94.1,86.4,78.0,92.69999999999999,100.0,89.47,0.125,0.125,0.25,0.5
S18,0.5,0.5,1.0,2.0,91.66666666666667,2117.71,44.52781972354513,7.355518668520683,0.15923462402378072,22.136624272207374,0.16518928423147744,2.058638110641554,0.24525000000000002,0.8683799999999999,0.2824224417881573,4.81,3.5981,4.8593,4.9734,2.9925,2.2845,4.6051,2.0115,90.0,90.0,80.0,90.0,90.0,87.5,0.125,0.125,0.25,0.5
S18,0.5,0.5,1.0,2.0,91.66666666666667,2117.71,44.52781972354513,7.355518668520683,0.15923462402378072,22.136624272207374,0.16518928423147744,2.058638110641554,0.24525000000000002,0.8683799999999999,0.2824224417881573,4.81,3.5981,4.8593,4.9734,2.9925,2.2845,4.6051,2.0115,75.5,90.1,74.3,65.3,69.9,73.0,0.125,0.125,0.25,0.5
S18,0.5,0.5,1.0,2.0,91.66666666666667,2117.71,44.52781972354513,7.355518668520683,0.15923462402378072,22.136624272207374,0.16518928423147744,2.058638110641554,0.24525000000000002,0.8683799999999999,0.2824224417881573,4.81,3.5981,4.8593,4.9734,2.9925,2.2845,4.6051,2.0115,90.1,70.0,95.3,67.69999999999999,100.0,83.66,0.125,0.125,0.25,0.5
S18,0.5,0.5,1.0,2.0,91.66666666666667,2117.71,44.52781972354513,7.355518668520683,0.15923462402378072,22.136624272207374,0.16518928423147744,2.058638110641554,0.24525000000000002,0.8683799999999999,0.2824224417881573,4.81,3.5981,4.8593,4.9734,2.9925,2.2845,4.6051,2.0115,65.7,70.9,88.5,80.60000000000001,76.10000000000001,77.4,0.125,0.125,0.25,0.5
S18,0.5,0.5,1.0,2.0,91.66666666666667,2117.71,44.52781972354513,7.355518668520683,0.15923462402378072,22.136624272207374,0.16518928423147744,2.058638110641554,0.24525000000000002,0.8683799999999999,0.2824224417881573,4.81,3.5981,4.8593,4.9734,2.9925,2.2845,4.6051,2.0115,80.0,70.0,70.0,70.0,70.0,72.5,0.125,0.125,0.25,0.5
S18,0.5,0.5,1.0,2.0,91.66666666666667,2117.71,44.52781972354513,7.355518668520683,0.15923462402378072,22.136624272207374,0.16518928423147744,2.058638110641554,0.24525000000000002,0.8683799999999999,0.2824224417881573,4.81,3.5981,4.8593,4.9734,2.9925,2.2845,4.6051,2.0115,54.900000000000006,55.0,65.6,68.8,76.10000000000001,63.87,0.125,0.125,0.25,0.5
S18,0.5,0.5,1.0,2.0,91.66666666666667,2117.71,44.52781972354513,7.355518668520683,0.15923462402378072,22.136624272207374,0.16518928423147744,2.058638110641554,0.24525000000000002,0.8683799999999999,0.2824224417881573,4.81,3.5981,4.8593,4.9734,2.9925,2.2845,4.6051,2.0115,99.80000000000001,85.5,99.7,75.5,100.0,91.07,0.125,0.125,0.25,0.5
S18,0.5,0.5,1.0,2.0,91.66666666666667,2117.71,44.52781972354513,7.355518668520683,0.15923462402378072,22.136624272207374,0.16518928423147744,2.058638110641554,0.24525000000000002,0.8683799999999999,0.2824224417881573,4.81,3.5981,4.8593,4.9734,2.9925,2.2845,4.6051,2.0115,80.0,90.0,70.0,80.0,88.0,79.3,0.125,0.125,0.25,0.5
S18,0.5,0.5,1.0,2.0,91.66666666666667,2117.71,44.52781972354513,7.355518668520683,0.15923462402378072,22.136624272207374,0.16518928423147744,2.058638110641554,0.24525000000000002,0.8683799999999999,0.2824224417881573,4.81,3.5981,4.8593,4.9734,2.9925,2.2845,4.6051,2.0115,60.0,60.0,70.0,70.0,80.39999999999999,67.5,0.125,0.125,0.25,0.5
S18,0.5,0.5,1.0,2.0,91.66666666666667,2117.71,44.52781972354513,7.355518668520683,0.15923462402378072,22.136624272207374,0.16518928423147744,2.058638110641554,0.24525000000000002,0.8683799999999999,0.2824224417881573,4.81,3.5981,4.8593,4.9734,2.9925,2.2845,4.6051,2.0115,67.30000000000001,82.4,64.9,90.8,99.7,78.5,0.125,0.125,0.25,0.5
S18,0.5,0.5,1.0,2.0,91.66666666666667,2117.71,44.52781972354513,7.355518668520683,0.15923462402378072,22.136624272207374,0.16518928423147744,2.058638110641554,0.24525000000000002,0.8683799999999999,0.2824224417881573,4.81,3.5981,4.8593,4.9734,2.9925,2.2845,4.6051,2.0115,86.0,84.0,86.0,72.0,75.5,80.55,0.125,0.125,0.25,0.5
S19,1.0,0.5,0.5,2.0,81.66666666666669,3211.85714285714,38.32500871181322,6.965362743856421,0.12324213584887975,16.750440870547738,0.1817445834450504,2.1308975369259064,0.207,1.4543599999999988,0.1423306471575127,4.71,4.2072,3.1298,5.5494,2.5327,2.1568,3.813,2.288,77.5,81.19999999999999,73.7,86.4,78.5,79.69,0.25,0.125,0.125,0.5
S19,1.0,0.5,0.5,2.0,81.66666666666669,3211.85714285714,38.32500871181322,6.965362743856421,0.12324213584887975,16.750440870547738,0.1817445834450504,2.1308975369259064,0.207,1.4543599999999988,0.1423306471575127,4.71,4.2072,3.1298,5.5494,2.5327,2.1568,3.813,2.288,84.39999999999999,76.9,97.30000000000001,99.5,87.4,91.7,0.25,0.125,0.125,0.5
S19,1.0,0.5,0.5,2.0,81.66666666666669,3211.85714285714,38.32500871181322,6.965362743856421,0.12324213584887975,16.750440870547738,0.1817445834450504,2.1308975369259064,0.207,1.4543599999999988,0.1423306471575127,4.71,4.2072,3.1298,5.5494,2.5327,2.1568,3.813,2.288,69.3,61.2,62.699999999999996,50.0,65.9,60.709999999999994,0.25,0.125,0.125,0.5
S19,1.0,0.5,0.5,2.0,81.66666666666669,3211.85714285714,38.32500871181322,6.965362743856421,0.12324213584887975,16.750440870547738,0.1817445834450504,2.1308975369259064,0.207,1.4543599999999988,0.1423306471575127,4.71,4.2072,3.1298,5.5494,2.5327,2.1568,3.813,2.288,76.5,80.39999999999999,94.3,88.80000000000001,76.9,85.07,0.25,0.125,0.125,0.5
S19,1.0,0.5,0.5,2.0,81.66666666666669,3211.85714285714,38.32500871181322,6.965362743856421,0.12324213584887975,16.750440870547738,0.1817445834450504,2.1308975369259064,0.207,1.4543599999999988,0.1423306471575127,4.71,4.2072,3.1298,5.5494,2.5327,2.1568,3.813,2.288,96.1,96.8,84.3,75.3,100.0,87.37,0.25,0.125,0.125,0.5
S19,1.0,0.5,0.5,2.0,81.66666666666669,3211.85714285714,38.32500871181322,6.965362743856421,0.12324213584887975,16.750440870547738,0.1817445834450504,2.1308975369259064,0.207,1.4543599999999988,0.1423306471575127,4.71,4.2072,3.1298,5.5494,2.5327,2.1568,3.813,2.288,100.0,96.6,89.39999999999999,96.89999999999999,100.0,96.08000000000001,0.25,0.125,0.125,0.5
S19,1.0,0.5,0.5,2.0,81.66666666666669,3211.85714285714,38.32500871181322,6.965362743856421,0.12324213584887975,16.750440870547738,0.1817445834450504,2.1308975369259064,0.207,1.4543599999999988,0.1423306471575127,4.71,4.2072,3.1298,5.5494,2.5327,2.1568,3.813,2.288,77.5,81.25,73.75,75.0,76.9,76.12700000000001,0.25,0.125,0.125,0.5
S19,1.0,0.5,0.5,2.0,81.66666666666669,3211.85714285714,38.32500871181322,6.965362743856421,0.12324213584887975,16.750440870547738,0.1817445834450504,2.1308975369259064,0.207,1.4543599999999988,0.1423306471575127,4.71,4.2072,3.1298,5.5494,2.5327,2.1568,3.813,2.288,84.3,70.3,99.2,78.5,88.3,85.28,0.25,0.125,0.125,0.5
S19,1.0,0.5,0.5,2.0,81.66666666666669,3211.85714285714,38.32500871181322,6.965362743856421,0.12324213584887975,16.750440870547738,0.1817445834450504,2.1308975369259064,0.207,1.4543599999999988,0.1423306471575127,4.71,4.2072,3.1298,5.5494,2.5327,2.1568,3.813,2.288,80.19999999999999,96.4,99.39999999999999,80.0,78.0,86.34,0.25,0.125,0.125,0.5
S19,1.0,0.5,0.5,2.0,81.66666666666669,3211.85714285714,38.32500871181322,6.965362743856421,0.12324213584887975,16.750440870547738,0.1817445834450504,2.1308975369259064,0.207,1.4543599999999988,0.1423306471575127,4.71,4.2072,3.1298,5.5494,2.5327,2.1568,3.813,2.288,90.0,89.9,90.0,100.0,100.0,93.99,0.25,0.125,0.125,0.5
S19,1.0,0.5,0.5,2.0,81.66666666666669,3211.85714285714,38.32500871181322,6.965362743856421,0.12324213584887975,16.750440870547738,0.1817445834450504,2.1308975369259064,0.207,1.4543599999999988,0.1423306471575127,4.71,4.2072,3.1298,5.5494,2.5327,2.1568,3.813,2.288,84.7,96.89999999999999,74.3,67.69999999999999,81.30000000000001,77.88,0.25,0.125,0.125,0.5
S19,1.0,0.5,0.5,2.0,81.66666666666669,3211.85714285714,38.32500871181322,6.965362743856421,0.12324213584887975,16.750440870547738,0.1817445834450504,2.1308975369259064,0.207,1.4543599999999988,0.1423306471575127,4.71,4.2072,3.1298,5.5494,2.5327,2.1568,3.813,2.288,76.10000000000001,80.5,79.2,52.800000000000004,75.3,70.245,0.25,0.125,0.125,0.5
S19,1.0,0.5,0.5,2.0,81.66666666666669,3211.85714285714,38.32500871181322,6.965362743856421,0.12324213584887975,16.750440870547738,0.1817445834450504,2.1308975369259064,0.207,1.4543599999999988,0.1423306471575127,4.71,4.2072,3.1298,5.5494,2.5327,2.1568,3.813,2.288,57.300000000000004,66.6,75.4,67.9,58.0,66.0,0.25,0.125,0.125,0.5
S19,1.0,0.5,0.5,2.0,81.66666666666669,3211.85714285714,38.32500871181322,6.965362743856421,0.12324213584887975,16.750440870547738,0.1817445834450504,2.1308975369259064,0.207,1.4543599999999988,0.1423306471575127,4.71,4.2072,3.1298,5.5494,2.5327,2.1568,3.813,2.288,80.0,80.60000000000001,81.7,80.0,80.0,80.48,0.25,0.125,0.125,0.5
S19,1.0,0.5,0.5,2.0,81.66666666666669,3211.85714285714,38.32500871181322,6.965362743856421,0.12324213584887975,16.750440870547738,0.1817445834450504,2.1308975369259064,0.207,1.4543599999999988,0.1423306471575127,4.71,4.2072,3.1298,5.5494,2.5327,2.1568,3.813,2.288,90.19999999999999,89.7,54.3,96.0,95.5,83.44,0.25,0.125,0.125,0.5
S19,1.0,0.5,0.5,2.0,81.66666666666669,3211.85714285714,38.32500871181322,6.965362743856421,0.12324213584887975,16.750440870547738,0.1817445834450504,2.1308975369259064,0.207,1.4543599999999988,0.1423306471575127,4.71,4.2072,3.1298,5.5494,2.5327,2.1568,3.813,2.288,70.0,90.0,80.0,90.0,80.0,81.5,0.25,0.125,0.125,0.5
S19,1.0,0.5,0.5,2.0,81.66666666666669,3211.85714285714,38.32500871181322,6.965362743856421,0.12324213584887975,16.750440870547738,0.1817445834450504,2.1308975369259064,0.207,1.4543599999999988,0.1423306471575127,4.71,4.2072,3.1298,5.5494,2.5327,2.1568,3.813,2.288,79.2,79.0,67.5,80.0,80.0,76.57,0.25,0.125,0.125,0.5
S19,1.0,0.5,0.5,2.0,81.66666666666669,3211.85714285714,38.32500871181322,6.965362743856421,0.12324213584887975,16.750440870547738,0.1817445834450504,2.1308975369259064,0.207,1.4543599999999988,0.1423306471575127,4.71,4.2072,3.1298,5.5494,2.5327,2.1568,3.813,2.288,97.30000000000001,91.89999999999999,93.3,69.4,100.0,87.66,0.25,0.125,0.125,0.5
S19,1.0,0.5,0.5,2.0,81.66666666666669,3211.85714285714,38.32500871181322,6.965362743856421,0.12324213584887975,16.750440870547738,0.1817445834450504,2.1308975369259064,0.207,1.4543599999999988,0.1423306471575127,4.71,4.2072,3.1298,5.5494,2.5327,2.1568,3.813,2.288,64.2,87.4,85.3,99.1,73.0,83.14500000000001,0.25,0.125,0.125,0.5
S19,1.0,0.5,0.5,2.0,81.66666666666669,3211.85714285714,38.32500871181322,6.965362743856421,0.12324213584887975,16.750440870547738,0.1817445834450504,2.1308975369259064,0.207,1.4543599999999988,0.1423306471575127,4.71,4.2072,3.1298,5.5494,2.5327,2.1568,3.813,2.288,80.0,80.0,50.0,80.0,90.0,73.5,0.25,0.125,0.125,0.5
S20,1.0,1.5,0.5,1.0,70.00000000000001,2669.142,44.597514229294916,6.794854174635831,0.1439578803,23.968137920833513,0.15235948218325748,1.5695942074282445,0.2925,1.412,0.2071529745042493,4.85,3.7545,7.5016,4.6014,3.4193,2.4701,2.5316,1.8607,82.89999999999999,82.5,82.0,82.0,88.0,82.8,0.25,0.375,0.125,0.25
S20,1.0,1.5,0.5,1.0,70.00000000000001,2669.142,44.597514229294916,6.794854174635831,0.1439578803,23.968137920833513,0.15235948218325748,1.5695942074282445,0.2925,1.412,0.2071529745042493,4.85,3.7545,7.5016,4.6014,3.4193,2.4701,2.5316,1.8607,100.0,100.0,100.0,100.0,100.0,100.0,0.25,0.375,0.125,0.25
S20,1.0,1.5,0.5,1.0,70.00000000000001,2669.142,44.597514229294916,6.794854174635831,0.1439578803,23.968137920833513,0.15235948218325748,1.5695942074282445,0.2925,1.412,0.2071529745042493,4.85,3.7545,7.5016,4.6014,3.4193,2.4701,2.5316,1.8607,94.3,96.7,100.0,60.7,93.2,85.77,0.25,0.375,0.125,0.25
S20,1.0,1.5,0.5,1.0,70.00000000000001,2669.142,44.597514229294916,6.794854174635831,0.1439578803,23.968137920833513,0.15235948218325748,1.5695942074282445,0.2925,1.412,0.2071529745042493,4.85,3.7545,7.5016,4.6014,3.4193,2.4701,2.5316,1.8607,80.0,80.0,60.0,60.0,90.0,70.0,0.25,0.375,0.125,0.25
S20,1.0,1.5,0.5,1.0,70.00000000000001,2669.142,44.597514229294916,6.794854174635831,0.1439578803,23.968137920833513,0.15235948218325748,1.5695942074282445,0.2925,1.412,0.2071529745042493,4.85,3.7545,7.5016,4.6014,3.4193,2.4701,2.5316,1.8607,58.0,47.599999999999994,96.30000000000001,50.300000000000004,66.6,65.085,0.25,0.375,0.125,0.25
S20,1.0,1.5,0.5,1.0,70.00000000000001,2669.142,44.597514229294916,6.794854174635831,0.1439578803,23.968137920833513,0.15235948218325748,1.5695942074282445,0.2925,1.412,0.2071529745042493,4.85,3.7545,7.5016,4.6014,3.4193,2.4701,2.5316,1.8607,93.5,79.9,81.6,64.2,89.0,79.925,0.25,0.375,0.125,0.25
S20,1.0,1.5,0.5,1.0,70.00000000000001,2669.142,44.597514229294916,6.794854174635831,0.1439578803,23.968137920833513,0.15235948218325748,1.5695942074282445,0.2925,1.412,0.2071529745042493,4.85,3.7545,7.5016,4.6014,3.4193,2.4701,2.5316,1.8607,82.0,82.0,82.0,76.0,86.7,80.67,0.25,0.375,0.125,0.25
S20,1.0,1.5,0.5,1.0,70.00000000000001,2669.142,44.597514229294916,6.794854174635831,0.1439578803,23.968137920833513,0.15235948218325748,1.5695942074282445,0.2925,1.412,0.2071529745042493,4.85,3.7545,7.5016,4.6014,3.4193,2.4701,2.5316,1.8607,83.10000000000001,96.1,82.0,88.5,81.30000000000001,85.55999999999999,0.25,0.375,0.125,0.25
S20,1.0,1.5,0.5,1.0,70.00000000000001,2669.142,44.597514229294916,6.794854174635831,0.1439578803,23.968137920833513,0.15235948218325748,1.5695942074282445,0.2925,1.412,0.2071529745042493,4.85,3.7545,7.5016,4.6014,3.4193,2.4701,2.5316,1.8607,80.0,80.0,90.0,80.0,90.0,83.5,0.25,0.375,0.125,0.25
S20,1.0,1.5,0.5,1.0,70.00000000000001,2669.142,44.597514229294916,6.794854174635831,0.1439578803,23.968137920833513,0.15235948218325748,1.5695942074282445,0.2925,1.412,0.2071529745042493,4.85,3.7545,7.5016,4.6014,3.4193,2.4701,2.5316,1.8607,100.0,100.0,90.0,90.0,100.0,94.5,0.25,0.375,0.125,0.25
S20,1.0,1.5,0.5,1.0,70.00000000000001,2669.142,44.597514229294916,6.794854174635831,0.1439578803,23.968137920833513,0.15235948218325748,1.5695942074282445,0.2925,1.412,0.2071529745042493,4.85,3.7545,7.5016,4.6014,3.4193,2.4701,2.5316,1.8607,84.9,85.3,79.2,82.6,82.0,82.59,0.25,0.375,0.125,0.25
S20,1.0,1.5,0.5,1.0,70.00000000000001,2669.142,44.597514229294916,6.794854174635831,0.1439578803,23.968137920833513,0.15235948218325748,1.5695942074282445,0.2925,1.412,0.2071529745042493,4.85,3.7545,7.5016,4.6014,3.4193,2.4701,2.5316,1.8607,68.3,61.1,87.0,75.9,78.89999999999999,75.59,0.25,0.375,0.125,0.25
S20,1.0,1.5,0.5,1.0,70.00000000000001,2669.142,44.597514229294916,6.794854174635831,0.1439578803,23.968137920833513,0.15235948218325748,1.5695942074282445,0.2925,1.412,0.2071529745042493,4.85,3.7545,7.5016,4.6014,3.4193,2.4701,2.5316,1.8607,80.0,70.0,70.0,80.0,80.0,76.5,0.25,0.375,0.125,0.25
S20,1.0,1.5,0.5,1.0,70.00000000000001,2669.142,44.597514229294916,6.794854174635831,0.1439578803,23.968137920833513,0.15235948218325748,1.5695942074282445,0.2925,1.412,0.2071529745042493,4.85,3.7545,7.5016,4.6014,3.4193,2.4701,2.5316,1.8607,80.0,80.0,80.0,70.0,80.0,77.0,0.25,0.375,0.125,0.25
S20,1.0,1.5,0.5,1.0,70.00000000000001,2669.142,44.597514229294916,6.794854174635831,0.1439578803,23.968137920833513,0.15235948218325748,1.5695942074282445,0.2925,1.412,0.2071529745042493,4.85,3.7545,7.5016,4.6014,3.4193,2.4701,2.5316,1.8607,80.9,96.1,100.0,100.0,100.0,94.835,0.25,0.375,0.125,0.25
S20,1.0,1.5,0.5,1.0,70.00000000000001,2669.142,44.597514229294916,6.794854174635831,0.1439578803,23.968137920833513,0.15235948218325748,1.5695942074282445,0.2925,1.412,0.2071529745042493,4.85,3.7545,7.5016,4.6014,3.4193,2.4701,2.5316,1.8607,70.0,97.10000000000001,90.19999999999999,77.5,75.9,80.60000000000001,0.25,0.375,0.125,0.25
S20,1.0,1.5,0.5,1.0,70.00000000000001,2669.142,44.597514229294916,6.794854174635831,0.1439578803,23.968137920833513,0.15235948218325748,1.5695942074282445,0.2925,1.412,0.2071529745042493,4.85,3.7545,7.5016,4.6014,3.4193,2.4701,2.5316,1.8607,69.1,81.5,82.69999999999999,75.5,98.2,78.57000000000001,0.25,0.375,0.125,0.25
S20,1.0,1.5,0.5,1.0,70.00000000000001,2669.142,44.597514229294916,6.794854174635831,0.1439578803,23.968137920833513,0.15235948218325748,1.5695942074282445,0.2925,1.412,0.2071529745042493,4.85,3.7545,7.5016,4.6014,3.4193,2.4701,2.5316,1.8607,83.10000000000001,96.1,82.0,88.5,85.5,85.98,0.25,0.375,0.125,0.25
S20,1.0,1.5,0.5,1.0,70.00000000000001,2669.142,44.597514229294916,6.794854174635831,0.1439578803,23.968137920833513,0.15235948218325748,1.5695942074282445,0.2925,1.412,0.2071529745042493,4.85,3.7545,7.5016,4.6014,3.4193,2.4701,2.5316,1.8607,100.0,84.3,60.5,67.69999999999999,100.0,78.86,0.25,0.375,0.125,0.25
S20,1.0,1.5,0.5,1.0,70.00000000000001,2669.142,44.597514229294916,6.794854174635831,0.1439578803,23.968137920833513,0.15235948218325748,1.5695942074282445,0.2925,1.412,0.2071529745042493,4.85,3.7545,7.5016,4.6014,3.4193,2.4701,2.5316,1.8607,88.9,97.30000000000001,92.8,73.4,100.0,87.17,0.25,0.375,0.125,0.25
S21,1.0,1.0,0.5,1.5,118.125,2137.71428571429,45.8520153327913,6.897022346397594,0.08368454351602957,16.99670657700682,0.15041917560960846,2.5762226402188766,0.12375,0.7977799999999999,0.15511795231768158,4.87,3.8309,4.0891,4.9034,3.6303,2.3937,10.1945,2.6977,75.0,75.0,70.0,77.41775,76.10000000000001,74.58,0.25,0.25,0.125,0.375
S21,1.0,1.0,0.5,1.5,118.125,2137.71428571429,45.8520153327913,6.897022346397594,0.08368454351602957,16.99670657700682,0.15041917560960846,2.5762226402188766,0.12375,0.7977799999999999,0.15511795231768158,4.87,3.8309,4.0891,4.9034,3.6303,2.3937,10.1945,2.6977,86.6,72.30000000000001,82.10000000000001,68.89999999999999,78.5,77.9,0.25,0.25,0.125,0.375
S21,1.0,1.0,0.5,1.5,118.125,2137.71428571429,45.8520153327913,6.897022346397594,0.08368454351602957,16.99670657700682,0.15041917560960846,2.5762226402188766,0.12375,0.7977799999999999,0.15511795231768158,4.87,3.8309,4.0891,4.9034,3.6303,2.3937,10.1945,2.6977,70.0,70.0,70.0,70.0,70.0,70.0,0.25,0.25,0.125,0.375
S21,1.0,1.0,0.5,1.5,118.125,2137.71428571429,45.8520153327913,6.897022346397594,0.08368454351602957,16.99670657700682,0.15041917560960846,2.5762226402188766,0.12375,0.7977799999999999,0.15511795231768158,4.87,3.8309,4.0891,4.9034,3.6303,2.3937,10.1945,2.6977,86.0,84.0,86.0,72.0,100.0,83.0,0.25,0.25,0.125,0.375
S21,1.0,1.0,0.5,1.5,118.125,2137.71428571429,45.8520153327913,6.897022346397594,0.08368454351602957,16.99670657700682,0.15041917560960846,2.5762226402188766,0.12375,0.7977799999999999,0.15511795231768158,4.87,3.8309,4.0891,4.9034,3.6303,2.3937,10.1945,2.6977,75.0,87.10000000000001,64.80000000000001,70.0,90.0,73.66,0.25,0.25,0.125,0.375
S21,1.0,1.0,0.5,1.5,118.125,2137.71428571429,45.8520153327913,6.897022346397594,0.08368454351602957,16.99670657700682,0.15041917560960846,2.5762226402188766,0.12375,0.7977799999999999,0.15511795231768158,4.87,3.8309,4.0891,4.9034,3.6303,2.3937,10.1945,2.6977,70.9,80.0,80.0,70.0,76.9,74.4,0.25,0.25,0.125,0.375
S21,1.0,1.0,0.5,1.5,118.125,2137.71428571429,45.8520153327913,6.897022346397594,0.08368454351602957,16.99670657700682,0.15041917560960846,2.5762226402188766,0.12375,0.7977799999999999,0.15511795231768158,4.87,3.8309,4.0891,4.9034,3.6303,2.3937,10.1945,2.6977,65.5,83.4,77.1,69.7,80.0,72.9,0.25,0.25,0.125,0.375
S21,1.0,1.0,0.5,1.5,118.125,2137.71428571429,45.8520153327913,6.897022346397594,0.08368454351602957,16.99670657700682,0.15041917560960846,2.5762226402188766,0.12375,0.7977799999999999,0.15511795231768158,4.87,3.8309,4.0891,4.9034,3.6303,2.3937,10.1945,2.6977,70.9,81.19999999999999,69.2,72.6,85.0,73.425,0.25,0.25,0.125,0.375
S21,1.0,1.0,0.5,1.5,118.125,2137.71428571429,45.8520153327913,6.897022346397594,0.08368454351602957,16.99670657700682,0.15041917560960846,2.5762226402188766,0.12375,0.7977799999999999,0.15511795231768158,4.87,3.8309,4.0891,4.9034,3.6303,2.3937,10.1945,2.6977,80.0,70.0,90.0,84.0,100.0,84.7,0.25,0.25,0.125,0.375
S21,1.0,1.0,0.5,1.5,118.125,2137.71428571429,45.8520153327913,6.897022346397594,0.08368454351602957,16.99670657700682,0.15041917560960846,2.5762226402188766,0.12375,0.7977799999999999,0.15511795231768158,4.87,3.8309,4.0891,4.9034,3.6303,2.3937,10.1945,2.6977,90.3,81.1,90.7,80.5,100.0,87.5,0.25,0.25,0.125,0.375
S21,1.0,1.0,0.5,1.5,118.125,2137.71428571429,45.8520153327913,6.897022346397594,0.08368454351602957,16.99670657700682,0.15041917560960846,2.5762226402188766,0.12375,0.7977799999999999,0.15511795231768158,4.87,3.8309,4.0891,4.9034,3.6303,2.3937,10.1945,2.6977,61.1,84.60000000000001,60.7,80.0,75.3,70.44,0.25,0.25,0.125,0.375
S21,1.0,1.0,0.5,1.5,118.125,2137.71428571429,45.8520153327913,6.897022346397594,0.08368454351602957,16.99670657700682,0.15041917560960846,2.5762226402188766,0.12375,0.7977799999999999,0.15511795231768158,4.87,3.8309,4.0891,4.9034,3.6303,2.3937,10.1945,2.6977,94.5,90.7,64.3,80.19999999999999,84.60000000000001,81.28999999999999,0.25,0.25,0.125,0.375
S21,1.0,1.0,0.5,1.5,118.125,2137.71428571429,45.8520153327913,6.897022346397594,0.08368454351602957,16.99670657700682,0.15041917560960846,2.5762226402188766,0.12375,0.7977799999999999,0.15511795231768158,4.87,3.8309,4.0891,4.9034,3.6303,2.3937,10.1945,2.6977,60.0,60.0,80.0,50.0,70.0,63.0,0.25,0.25,0.125,0.375
S21,1.0,1.0,0.5,1.5,118.125,2137.71428571429,45.8520153327913,6.897022346397594,0.08368454351602957,16.99670657700682,0.15041917560960846,2.5762226402188766,0.12375,0.7977799999999999,0.15511795231768158,4.87,3.8309,4.0891,4.9034,3.6303,2.3937,10.1945,2.6977,66.9,70.19999999999999,87.30000000000001,79.1,69.7,76.27,0.25,0.25,0.125,0.375
S21,1.0,1.0,0.5,1.5,118.125,2137.71428571429,45.8520153327913,6.897022346397594,0.08368454351602957,16.99670657700682,0.15041917560960846,2.5762226402188766,0.12375,0.7977799999999999,0.15511795231768158,4.87,3.8309,4.0891,4.9034,3.6303,2.3937,10.1945,2.6977,70.0,81.6,88.0,80.0,78.89999999999999,79.55,0.25,0.25,0.125,0.375
S21,1.0,1.0,0.5,1.5,118.125,2137.71428571429,45.8520153327913,6.897022346397594,0.08368454351602957,16.99670657700682,0.15041917560960846,2.5762226402188766,0.12375,0.7977799999999999,0.15511795231768158,4.87,3.8309,4.0891,4.9034,3.6303,2.3937,10.1945,2.6977,75.0,87.10000000000001,64.80000000000001,80.0,80.0,75.66,0.25,0.25,0.125,0.375
S21,1.0,1.0,0.5,1.5,118.125,2137.71428571429,45.8520153327913,6.897022346397594,0.08368454351602957,16.99670657700682,0.15041917560960846,2.5762226402188766,0.12375,0.7977799999999999,0.15511795231768158,4.87,3.8309,4.0891,4.9034,3.6303,2.3937,10.1945,2.6977,93.2,80.39999999999999,94.60000000000001,88.2,100.0,91.44999999999999,0.25,0.25,0.125,0.375
S21,1.0,1.0,0.5,1.5,118.125,2137.71428571429,45.8520153327913,6.897022346397594,0.08368454351602957,16.99670657700682,0.15041917560960846,2.5762226402188766,0.12375,0.7977799999999999,0.15511795231768158,4.87,3.8309,4.0891,4.9034,3.6303,2.3937,10.1945,2.6977,70.6,84.0,60.0,67.30000000000001,82.2,69.46,0.25,0.25,0.125,0.375
S21,1.0,1.0,0.5,1.5,118.125,2137.71428571429,45.8520153327913,6.897022346397594,0.08368454351602957,16.99670657700682,0.15041917560960846,2.5762226402188766,0.12375,0.7977799999999999,0.15511795231768158,4.87,3.8309,4.0891,4.9034,3.6303,2.3937,10.1945,2.6977,63.7,77.30000000000001,94.1,54.3,90.0,72.47,0.25,0.25,0.125,0.375
S21,1.0,1.0,0.5,1.5,118.125,2137.71428571429,45.8520153327913,6.897022346397594,0.08368454351602957,16.99670657700682,0.15041917560960846,2.5762226402188766,0.12375,0.7977799999999999,0.15511795231768158,4.87,3.8309,4.0891,4.9034,3.6303,2.3937,10.1945,2.6977,80.0,70.0,69.0,65.0,85.0,72.25,0.25,0.25,0.125,0.375
S22,0.5,1.0,2.0,0.5,80.20833333333336,2883.42,38.789638750145194,7.987435635861756,0.18057168872121554,23.564570044435452,0.20591673171567904,2.067777270367931,0.38475000000000004,0.4306599999999996,0.8933961826034468,4.6,3.6581,4.7135,5.1148,3.2198,2.3943,5.8213,1.6461,76.3,75.0,80.0,78.2,80.19999999999999,78.055,0.125,0.25,0.5,0.125
S22,0.5,1.0,2.0,0.5,80.20833333333336,2883.42,38.789638750145194,7.987435635861756,0.18057168872121554,23.564570044435452,0.20591673171567904,2.067777270367931,0.38475000000000004,0.4306599999999996,0.8933961826034468,4.6,3.6581,4.7135,5.1148,3.2198,2.3943,5.8213,1.6461,70.0,70.0,70.0,70.0,70.0,70.0,0.125,0.25,0.5,0.125
S22,0.5,1.0,2.0,0.5,80.20833333333336,2883.42,38.789638750145194,7.987435635861756,0.18057168872121554,23.564570044435452,0.20591673171567904,2.067777270367931,0.38475000000000004,0.4306599999999996,0.8933961826034468,4.6,3.6581,4.7135,5.1148,3.2198,2.3943,5.8213,1.6461,64.9,80.5,89.7,71.2,85.8,76.64,0.125,0.25,0.5,0.125
S22,0.5,1.0,2.0,0.5,80.20833333333336,2883.42,38.789638750145194,7.987435635861756,0.18057168872121554,23.564570044435452,0.20591673171567904,2.067777270367931,0.38475000000000004,0.4306599999999996,0.8933961826034468,4.6,3.6581,4.7135,5.1148,3.2198,2.3943,5.8213,1.6461,70.0,70.0,80.0,80.0,80.0,76.5,0.125,0.25,0.5,0.125
S22,0.5,1.0,2.0,0.5,80.20833333333336,2883.42,38.789638750145194,7.987435635861756,0.18057168872121554,23.564570044435452,0.20591673171567904,2.067777270367931,0.38475000000000004,0.4306599999999996,0.8933961826034468,4.6,3.6581,4.7135,5.1148,3.2198,2.3943,5.8213,1.6461,84.0,83.0,80.7,71.9,73.4,78.38,0.125,0.25,0.5,0.125
S22,0.5,1.0,2.0,0.5,80.20833333333336,2883.42,38.789638750145194,7.987435635861756,0.18057168872121554,23.564570044435452,0.20591673171567904,2.067777270367931,0.38475000000000004,0.4306599999999996,0.8933961826034468,4.6,3.6581,4.7135,5.1148,3.2198,2.3943,5.8213,1.6461,80.0,80.0,80.0,70.0,100.0,79.0,0.125,0.25,0.5,0.125
S22,0.5,1.0,2.0,0.5,80.20833333333336,2883.42,38.789638750145194,7.987435635861756,0.18057168872121554,23.564570044435452,0.20591673171567904,2.067777270367931,0.38475000000000004,0.4306599999999996,0.8933961826034468,4.6,3.6581,4.7135,5.1148,3.2198,2.3943,5.8213,1.6461,51.6,51.1,82.89999999999999,67.30000000000001,86.0,67.52,0.125,0.25,0.5,0.125
S22,0.5,1.0,2.0,0.5,80.20833333333336,2883.42,38.789638750145194,7.987435635861756,0.18057168872121554,23.564570044435452,0.20591673171567904,2.067777270367931,0.38475000000000004,0.4306599999999996,0.8933961826034468,4.6,3.6581,4.7135,5.1148,3.2198,2.3943,5.8213,1.6461,80.0,90.0,70.0,78.0,100.0,79.9,0.125,0.25,0.5,0.125
S22,0.5,1.0,2.0,0.5,80.20833333333336,2883.42,38.789638750145194,7.987435635861756,0.18057168872121554,23.564570044435452,0.20591673171567904,2.067777270367931,0.38475000000000004,0.4306599999999996,0.8933961826034468,4.6,3.6581,4.7135,5.1148,3.2198,2.3943,5.8213,1.6461,90.0,90.0,80.0,80.0,100.0,85.5,0.125,0.25,0.5,0.125
S22,0.5,1.0,2.0,0.5,80.20833333333336,2883.42,38.789638750145194,7.987435635861756,0.18057168872121554,23.564570044435452,0.20591673171567904,2.067777270367931,0.38475000000000004,0.4306599999999996,0.8933961826034468,4.6,3.6581,4.7135,5.1148,3.2198,2.3943,5.8213,1.6461,49.3,50.9,46.7,59.0,100.0,56.790000000000006,0.125,0.25,0.5,0.125
S22,0.5,1.0,2.0,0.5,80.20833333333336,2883.42,38.789638750145194,7.987435635861756,0.18057168872121554,23.564570044435452,0.20591673171567904,2.067777270367931,0.38475000000000004,0.4306599999999996,0.8933961826034468,4.6,3.6581,4.7135,5.1148,3.2198,2.3943,5.8213,1.6461,84.39999999999999,90.1,94.3,78.0,84.3,85.5,0.125,0.25,0.5,0.125
S22,0.5,1.0,2.0,0.5,80.20833333333336,2883.42,38.789638750145194,7.987435635861756,0.18057168872121554,23.564570044435452,0.20591673171567904,2.067777270367931,0.38475000000000004,0.4306599999999996,0.8933961826034468,4.6,3.6581,4.7135,5.1148,3.2198,2.3943,5.8213,1.6461,90.0,90.0,90.0,50.0,80.0,77.0,0.125,0.25,0.5,0.125
S22,0.5,1.0,2.0,0.5,80.20833333333336,2883.42,38.789638750145194,7.987435635861756,0.18057168872121554,23.564570044435452,0.20591673171567904,2.067777270367931,0.38475000000000004,0.4306599999999996,0.8933961826034468,4.6,3.6581,4.7135,5.1148,3.2198,2.3943,5.8213,1.6461,67.30000000000001,82.4,64.9,90.8,66.39999999999999,75.17,0.125,0.25,0.5,0.125
S22,0.5,1.0,2.0,0.5,80.20833333333336,2883.42,38.789638750145194,7.987435635861756,0.18057168872121554,23.564570044435452,0.20591673171567904,2.067777270367931,0.38475000000000004,0.4306599999999996,0.8933961826034468,4.6,3.6581,4.7135,5.1148,3.2198,2.3943,5.8213,1.6461,81.5,81.1,78.7,78.3,76.0,79.25,0.125,0.25,0.5,0.125
S22,0.5,1.0,2.0,0.5,80.20833333333336,2883.42,38.789638750145194,7.987435635861756,0.18057168872121554,23.564570044435452,0.20591673171567904,2.067777270367931,0.38475000000000004,0.4306599999999996,0.8933961826034468,4.6,3.6581,4.7135,5.1148,3.2198,2.3943,5.8213,1.6461,75.5,69.0,67.30000000000001,85.60000000000001,79.0,76.18,0.125,0.25,0.5,0.125
S22,0.5,1.0,2.0,0.5,80.20833333333336,2883.42,38.789638750145194,7.987435635861756,0.18057168872121554,23.564570044435452,0.20591673171567904,2.067777270367931,0.38475000000000004,0.4306599999999996,0.8933961826034468,4.6,3.6581,4.7135,5.1148,3.2198,2.3943,5.8213,1.6461,90.0,90.0,80.0,80.0,100.0,85.5,0.125,0.25,0.5,0.125
S22,0.5,1.0,2.0,0.5,80.20833333333336,2883.42,38.789638750145194,7.987435635861756,0.18057168872121554,23.564570044435452,0.20591673171567904,2.067777270367931,0.38475000000000004,0.4306599999999996,0.8933961826034468,4.6,3.6581,4.7135,5.1148,3.2198,2.3943,5.8213,1.6461,72.30000000000001,83.10000000000001,72.5,70.9,88.2,74.6,0.125,0.25,0.5,0.125
S22,0.5,1.0,2.0,0.5,80.20833333333336,2883.42,38.789638750145194,7.987435635861756,0.18057168872121554,23.564570044435452,0.20591673171567904,2.067777270367931,0.38475000000000004,0.4306599999999996,0.8933961826034468,4.6,3.6581,4.7135,5.1148,3.2198,2.3943,5.8213,1.6461,94.5,80.19999999999999,97.6,98.10000000000001,100.0,95.47,0.125,0.25,0.5,0.125
S22,0.5,1.0,2.0,0.5,80.20833333333336,2883.42,38.789638750145194,7.987435635861756,0.18057168872121554,23.564570044435452,0.20591673171567904,2.067777270367931,0.38475000000000004,0.4306599999999996,0.8933961826034468,4.6,3.6581,4.7135,5.1148,3.2198,2.3943,5.8213,1.6461,66.3,54.2,88.9,65.19999999999999,79.2,71.7,0.125,0.25,0.5,0.125
S22,0.5,1.0,2.0,0.5,80.20833333333336,2883.42,38.789638750145194,7.987435635861756,0.18057168872121554,23.564570044435452,0.20591673171567904,2.067777270367931,0.38475000000000004,0.4306599999999996,0.8933961826034468,4.6,3.6581,4.7135,5.1148,3.2198,2.3943,5.8213,1.6461,80.0,70.0,70.0,60.0,70.0,69.5,0.125,0.25,0.5,0.125
S23,0.5,2.0,1.0,0.5,88.54166666666667,2834.857,45.43384829829248,7.61988036173974,0.17356868599968533,19.85745117932364,0.1677137343002951,1.9488040301000498,0.21825,0.5012600000000004,0.4354027849818454,4.97,4.3945,4.7713,6.1508,3.8258,2.622,4.3924,2.288,70.1,79.2,86.0,77.0,82.2,78.25999999999999,0.125,0.5,0.25,0.125
S23,0.5,2.0,1.0,0.5,88.54166666666667,2834.857,45.43384829829248,7.61988036173974,0.17356868599968533,19.85745117932364,0.1677137343002951,1.9488040301000498,0.21825,0.5012600000000004,0.4354027849818454,4.97,4.3945,4.7713,6.1508,3.8258,2.622,4.3924,2.288,60.0,70.0,60.0,73.0,76.0,66.5,0.125,0.5,0.25,0.125
S23,0.5,2.0,1.0,0.5,88.54166666666667,2834.857,45.43384829829248,7.61988036173974,0.17356868599968533,19.85745117932364,0.1677137343002951,1.9488040301000498,0.21825,0.5012600000000004,0.4354027849818454,4.97,4.3945,4.7713,6.1508,3.8258,2.622,4.3924,2.288,90.0,74.0,90.0,91.8,100.0,89.94,0.125,0.5,0.25,0.125
S23,0.5,2.0,1.0,0.5,88.54166666666667,2834.857,45.43384829829248,7.61988036173974,0.17356868599968533,19.85745117932364,0.1677137343002951,1.9488040301000498,0.21825,0.5012600000000004,0.4354027849818454,4.97,4.3945,4.7713,6.1508,3.8258,2.622,4.3924,2.288,73.4,73.3,67.8,49.2,76.10000000000001,65.0,0.125,0.5,0.25,0.125
S23,0.5,2.0,1.0,0.5,88.54166666666667,2834.857,45.43384829829248,7.61988036173974,0.17356868599968533,19.85745117932364,0.1677137343002951,1.9488040301000498,0.21825,0.5012600000000004,0.4354027849818454,4.97,4.3945,4.7713,6.1508,3.8258,2.622,4.3924,2.288,97.8,90.0,80.0,30.0,90.0,71.44999999999999,0.125,0.5,0.25,0.125
S23,0.5,2.0,1.0,0.5,88.54166666666667,2834.857,45.43384829829248,7.61988036173974,0.17356868599968533,19.85745117932364,0.1677137343002951,1.9488040301000498,0.21825,0.5012600000000004,0.4354027849818454,4.97,4.3945,4.7713,6.1508,3.8258,2.622,4.3924,2.288,80.0,80.0,76.0,70.0,87.0,76.7,0.125,0.5,0.25,0.125
S23,0.5,2.0,1.0,0.5,88.54166666666667,2834.857,45.43384829829248,7.61988036173974,0.17356868599968533,19.85745117932364,0.1677137343002951,1.9488040301000498,0.21825,0.5012600000000004,0.4354027849818454,4.97,4.3945,4.7713,6.1508,3.8258,2.622,4.3924,2.288,82.5,82.5,80.0,81.4,82.5,81.53999999999999,0.125,0.5,0.25,0.125
S23,0.5,2.0,1.0,0.5,88.54166666666667,2834.857,45.43384829829248,7.61988036173974,0.17356868599968533,19.85745117932364,0.1677137343002951,1.9488040301000498,0.21825,0.5012600000000004,0.4354027849818454,4.97,4.3945,4.7713,6.1508,3.8258,2.622,4.3924,2.288,91.1,80.60000000000001,95.39999999999999,75.0,100.0,87.18,0.125,0.5,0.25,0.125
S23,0.5,2.0,1.0,0.5,88.54166666666667,2834.857,45.43384829829248,7.61988036173974,0.17356868599968533,19.85745117932364,0.1677137343002951,1.9488040301000498,0.21825,0.5012600000000004,0.4354027849818454,4.97,4.3945,4.7713,6.1508,3.8258,2.622,4.3924,2.288,80.0,80.0,90.0,90.0,90.0,86.5,0.125,0.5,0.25,0.125
S23,0.5,2.0,1.0,0.5,88.54166666666667,2834.857,45.43384829829248,7.61988036173974,0.17356868599968533,19.85745117932364,0.1677137343002951,1.9488040301000498,0.21825,0.5012600000000004,0.4354027849818454,4.97,4.3945,4.7713,6.1508,3.8258,2.622,4.3924,2.288,95.19999999999999,99.1,93.10000000000001,93.80000000000001,100.0,95.1,0.125,0.5,0.25,0.125
S23,0.5,2.0,1.0,0.5,88.54166666666667,2834.857,45.43384829829248,7.61988036173974,0.17356868599968533,19.85745117932364,0.1677137343002951,1.9488040301000498,0.21825,0.5012600000000004,0.4354027849818454,4.97,4.3945,4.7713,6.1508,3.8258,2.622,4.3924,2.288,93.10000000000001,85.19999999999999,92.69999999999999,70.19999999999999,79.0,83.93,0.125,0.5,0.25,0.125
S23,0.5,2.0,1.0,0.5,88.54166666666667,2834.857,45.43384829829248,7.61988036173974,0.17356868599968533,19.85745117932364,0.1677137343002951,1.9488040301000498,0.21825,0.5012600000000004,0.4354027849818454,4.97,4.3945,4.7713,6.1508,3.8258,2.622,4.3924,2.288,70.0,70.0,60.0,80.0,80.0,71.5,0.125,0.5,0.25,0.125
S23,0.5,2.0,1.0,0.5,88.54166666666667,2834.857,45.43384829829248,7.61988036173974,0.17356868599968533,19.85745117932364,0.1677137343002951,1.9488040301000498,0.21825,0.5012600000000004,0.4354027849818454,4.97,4.3945,4.7713,6.1508,3.8258,2.622,4.3924,2.288,81.89999999999999,84.39999999999999,68.5,84.3,83.3,79.66,0.125,0.5,0.25,0.125
S23,0.5,2.0,1.0,0.5,88.54166666666667,2834.857,45.43384829829248,7.61988036173974,0.17356868599968533,19.85745117932364,0.1677137343002951,1.9488040301000498,0.21825,0.5012600000000004,0.4354027849818454,4.97,4.3945,4.7713,6.1508,3.8258,2.622,4.3924,2.288,80.0,80.0,80.0,80.0,100.0,82.0,0.125,0.5,0.25,0.125
S23,0.5,2.0,1.0,0.5,88.54166666666667,2834.857,45.43384829829248,7.61988036173974,0.17356868599968533,19.85745117932364,0.1677137343002951,1.9488040301000498,0.21825,0.5012600000000004,0.4354027849818454,4.97,4.3945,4.7713,6.1508,3.8258,2.622,4.3924,2.288,70.9,87.69999999999999,70.19999999999999,64.1,90.0,72.27000000000001,0.125,0.5,0.25,0.125
S23,0.5,2.0,1.0,0.5,88.54166666666667,2834.857,45.43384829829248,7.61988036173974,0.17356868599968533,19.85745117932364,0.1677137343002951,1.9488040301000498,0.21825,0.5012600000000004,0.4354027849818454,4.97,4.3945,4.7713,6.1508,3.8258,2.622,4.3924,2.288,80.0,80.0,94.2,60.599999999999994,89.2,78.65,0.125,0.5,0.25,0.125
S23,0.5,2.0,1.0,0.5,88.54166666666667,2834.857,45.43384829829248,7.61988036173974,0.17356868599968533,19.85745117932364,0.1677137343002951,1.9488040301000498,0.21825,0.5012600000000004,0.4354027849818454,4.97,4.3945,4.7713,6.1508,3.8258,2.622,4.3924,2.288,80.60000000000001,98.5,57.300000000000004,71.10000000000001,76.9,73.3,0.125,0.5,0.25,0.125
S23,0.5,2.0,1.0,0.5,88.54166666666667,2834.857,45.43384829829248,7.61988036173974,0.17356868599968533,19.85745117932364,0.1677137343002951,1.9488040301000498,0.21825,0.5012600000000004,0.4354027849818454,4.97,4.3945,4.7713,6.1508,3.8258,2.622,4.3924,2.288,71.10000000000001,54.6,84.5,69.0,77.4,72.8,0.125,0.5,0.25,0.125
S23,0.5,2.0,1.0,0.5,88.54166666666667,2834.857,45.43384829829248,7.61988036173974,0.17356868599968533,19.85745117932364,0.1677137343002951,1.9488040301000498,0.21825,0.5012600000000004,0.4354027849818454,4.97,4.3945,4.7713,6.1508,3.8258,2.622,4.3924,2.288,95.3,94.39999999999999,86.1,93.80000000000001,100.0,92.92999999999999,0.125,0.5,0.25,0.125
S23,0.5,2.0,1.0,0.5,88.54166666666667,2834.857,45.43384829829248,7.61988036173974,0.17356868599968533,19.85745117932364,0.1677137343002951,1.9488040301000498,0.21825,0.5012600000000004,0.4354027849818454,4.97,4.3945,4.7713,6.1508,3.8258,2.622,4.3924,2.288,60.099999999999994,84.7,74.3,89.9,69.4,75.98,0.125,0.5,0.25,0.125
S24,0.5,1.5,1.0,1.0,127.9166666666667,2549.14,44.992449761877104,8.94026446855583,0.0432652337068045,19.84581613597861,0.1987058832286806,2.8430696115385286,0.33299999999999996,1.863840000000003,0.17866340458408417,4.71,3.2018,5.603,4.4774,2.7375,2.2314,3.7141,2.2671,87.10000000000001,81.19999999999999,79.3,85.8,80.0,83.46000000000001,0.125,0.375,0.25,0.25
S24,0.5,1.5,1.0,1.0,127.9166666666667,2549.14,44.992449761877104,8.94026446855583,0.0432652337068045,19.84581613597861,0.1987058832286806,2.8430696115385286,0.33299999999999996,1.863840000000003,0.17866340458408417,4.71,3.2018,5.603,4.4774,2.7375,2.2314,3.7141,2.2671,81.5,88.2,70.6,79.9,100.0,80.815,0.125,0.375,0.25,0.25
S24,0.5,1.5,1.0,1.0,127.9166666666667,2549.14,44.992449761877104,8.94026446855583,0.0432652337068045,19.84581613597861,0.1987058832286806,2.8430696115385286,0.33299999999999996,1.863840000000003,0.17866340458408417,4.71,3.2018,5.603,4.4774,2.7375,2.2314,3.7141,2.2671,90.0,71.0,80.0,82.2,100.0,84.26,0.125,0.375,0.25,0.25
S24,0.5,1.5,1.0,1.0,127.9166666666667,2549.14,44.992449761877104,8.94026446855583,0.0432652337068045,19.84581613597861,0.1987058832286806,2.8430696115385286,0.33299999999999996,1.863840000000003,0.17866340458408417,4.71,3.2018,5.603,4.4774,2.7375,2.2314,3.7141,2.2671,90.0,80.0,80.0,80.0,78.2,82.32,0.125,0.375,0.25,0.25
S24,0.5,1.5,1.0,1.0,127.9166666666667,2549.14,44.992449761877104,8.94026446855583,0.0432652337068045,19.84581613597861,0.1987058832286806,2.8430696115385286,0.33299999999999996,1.863840000000003,0.17866340458408417,4.71,3.2018,5.603,4.4774,2.7375,2.2314,3.7141,2.2671,79.1,60.5,64.3,60.8,90.0,69.14,0.125,0.375,0.25,0.25
S24,0.5,1.5,1.0,1.0,127.9166666666667,2549.14,44.992449761877104,8.94026446855583,0.0432652337068045,19.84581613597861,0.1987058832286806,2.8430696115385286,0.33299999999999996,1.863840000000003,0.17866340458408417,4.71,3.2018,5.603,4.4774,2.7375,2.2314,3.7141,2.2671,100.0,90.0,70.0,76.0,97.30000000000001,84.03,0.125,0.375,0.25,0.25
S24,0.5,1.5,1.0,1.0,127.9166666666667,2549.14,44.992449761877104,8.94026446855583,0.0432652337068045,19.84581613597861,0.1987058832286806,2.8430696115385286,0.33299999999999996,1.863840000000003,0.17866340458408417,4.71,3.2018,5.603,4.4774,2.7375,2.2314,3.7141,2.2671,88.3,85.0,80.0,81.6,79.2,82.975,0.125,0.375,0.25,0.25
S24,0.5,1.5,1.0,1.0,127.9166666666667,2549.14,44.992449761877104,8.94026446855583,0.0432652337068045,19.84581613597861,0.1987058832286806,2.8430696115385286,0.33299999999999996,1.863840000000003,0.17866340458408417,4.71,3.2018,5.603,4.4774,2.7375,2.2314,3.7141,2.2671,90.0,70.0,100.0,70.0,80.0,83.5,0.125,0.375,0.25,0.25
S24,0.5,1.5,1.0,1.0,127.9166666666667,2549.14,44.992449761877104,8.94026446855583,0.0432652337068045,19.84581613597861,0.1987058832286806,2.8430696115385286,0.33299999999999996,1.863840000000003,0.17866340458408417,4.71,3.2018,5.603,4.4774,2.7375,2.2314,3.7141,2.2671,74.0,75.5,79.0,60.099999999999994,80.0,71.8,0.125,0.375,0.25,0.25
S24,0.5,1.5,1.0,1.0,127.9166666666667,2549.14,44.992449761877104,8.94026446855583,0.0432652337068045,19.84581613597861,0.1987058832286806,2.8430696115385286,0.33299999999999996,1.863840000000003,0.17866340458408417,4.71,3.2018,5.603,4.4774,2.7375,2.2314,3.7141,2.2671,100.0,100.0,90.0,96.89999999999999,95.0,96.07,0.125,0.375,0.25,0.25
S24,0.5,1.5,1.0,1.0,127.9166666666667,2549.14,44.992449761877104,8.94026446855583,0.0432652337068045,19.84581613597861,0.1987058832286806,2.8430696115385286,0.33299999999999996,1.863840000000003,0.17866340458408417,4.71,3.2018,5.603,4.4774,2.7375,2.2314,3.7141,2.2671,89.9,100.0,71.2,80.7,85.3,83.01500000000001,0.125,0.375,0.25,0.25
S24,0.5,1.5,1.0,1.0,127.9166666666667,2549.14,44.992449761877104,8.94026446855583,0.0432652337068045,19.84581613597861,0.1987058832286806,2.8430696115385286,0.33299999999999996,1.863840000000003,0.17866340458408417,4.71,3.2018,5.603,4.4774,2.7375,2.2314,3.7141,2.2671,87.10000000000001,81.19999999999999,79.3,85.8,87.30000000000001,84.19,0.125,0.375,0.25,0.25
S24,0.5,1.5,1.0,1.0,127.9166666666667,2549.14,44.992449761877104,8.94026446855583,0.0432652337068045,19.84581613597861,0.1987058832286806,2.8430696115385286,0.33299999999999996,1.863840000000003,0.17866340458408417,4.71,3.2018,5.603,4.4774,2.7375,2.2314,3.7141,2.2671,70.0,60.0,80.0,60.0,80.0,69.5,0.125,0.375,0.25,0.25
S24,0.5,1.5,1.0,1.0,127.9166666666667,2549.14,44.992449761877104,8.94026446855583,0.0432652337068045,19.84581613597861,0.1987058832286806,2.8430696115385286,0.33299999999999996,1.863840000000003,0.17866340458408417,4.71,3.2018,5.603,4.4774,2.7375,2.2314,3.7141,2.2671,79.1,90.7,91.30000000000001,77.0,100.0,84.77000000000001,0.125,0.375,0.25,0.25
S24,0.5,1.5,1.0,1.0,127.9166666666667,2549.14,44.992449761877104,8.94026446855583,0.0432652337068045,19.84581613597861,0.1987058832286806,2.8430696115385286,0.33299999999999996,1.863840000000003,0.17866340458408417,4.71,3.2018,5.603,4.4774,2.7375,2.2314,3.7141,2.2671,70.0,90.0,60.0,60.0,71.0,66.6,0.125,0.375,0.25,0.25
S24,0.5,1.5,1.0,1.0,127.9166666666667,2549.14,44.992449761877104,8.94026446855583,0.0432652337068045,19.84581613597861,0.1987058832286806,2.8430696115385286,0.33299999999999996,1.863840000000003,0.17866340458408417,4.71,3.2018,5.603,4.4774,2.7375,2.2314,3.7141,2.2671,70.0,90.0,90.0,100.0,80.0,87.0,0.125,0.375,0.25,0.25
S24,0.5,1.5,1.0,1.0,127.9166666666667,2549.14,44.992449761877104,8.94026446855583,0.0432652337068045,19.84581613597861,0.1987058832286806,2.8430696115385286,0.33299999999999996,1.863840000000003,0.17866340458408417,4.71,3.2018,5.603,4.4774,2.7375,2.2314,3.7141,2.2671,90.0,80.0,70.0,60.0,80.0,74.0,0.125,0.375,0.25,0.25
S24,0.5,1.5,1.0,1.0,127.9166666666667,2549.14,44.992449761877104,8.94026446855583,0.0432652337068045,19.84581613597861,0.1987058832286806,2.8430696115385286,0.33299999999999996,1.863840000000003,0.17866340458408417,4.71,3.2018,5.603,4.4774,2.7375,2.2314,3.7141,2.2671,88.3,85.0,80.0,81.6,86.89999999999999,83.74499999999999,0.125,0.375,0.25,0.25
S24,0.5,1.5,1.0,1.0,127.9166666666667,2549.14,44.992449761877104,8.94026446855583,0.0432652337068045,19.84581613597861,0.1987058832286806,2.8430696115385286,0.33299999999999996,1.863840000000003,0.17866340458408417,4.71,3.2018,5.603,4.4774,2.7375,2.2314,3.7141,2.2671,100.0,100.0,100.0,100.0,90.0,99.0,0.125,0.375,0.25,0.25
S24,0.5,1.5,1.0,1.0,127.9166666666667,2549.14,44.992449761877104,8.94026446855583,0.0432652337068045,19.84581613597861,0.1987058832286806,2.8430696115385286,0.33299999999999996,1.863840000000003,0.17866340458408417,4.71,3.2018,5.603,4.4774,2.7375,2.2314,3.7141,2.2671,80.0,70.0,90.0,100.0,83.9,87.89,0.125,0.375,0.25,0.25
S25,2.0,0.5,1.0,0.5,74.79166666666669,2846.28,50.449322,8.652695227289176,0.2732872,32.065926396745695,0.17151261670650747,1.482510838632612,0.17100000000000004,2.541599999999999,0.06728045325779042,4.79,4.0054,4.3753,4.4161,2.4719,2.2213,5.3924,1.5733,74.2,74.2,55.7,42.599999999999994,100.0,62.67,0.5,0.125,0.25,0.125
S25,2.0,0.5,1.0,0.5,74.79166666666669,2846.28,50.449322,8.652695227289176,0.2732872,32.065926396745695,0.17151261670650747,1.482510838632612,0.17100000000000004,2.541599999999999,0.06728045325779042,4.79,4.0054,4.3753,4.4161,2.4719,2.2213,5.3924,1.5733,74.80000000000001,73.3,30.0,20.0,93.9,48.92,0.5,0.125,0.25,0.125
S25,2.0,0.5,1.0,0.5,74.79166666666669,2846.28,50.449322,8.652695227289176,0.2732872,32.065926396745695,0.17151261670650747,1.482510838632612,0.17100000000000004,2.541599999999999,0.06728045325779042,4.79,4.0054,4.3753,4.4161,2.4719,2.2213,5.3924,1.5733,50.199999999999996,44.400000000000006,57.300000000000004,31.9,67.2,47.599999999999994,0.5,0.125,0.25,0.125
S25,2.0,0.5,1.0,0.5,74.79166666666669,2846.28,50.449322,8.652695227289176,0.2732872,32.065926396745695,0.17151261670650747,1.482510838632612,0.17100000000000004,2.541599999999999,0.06728045325779042,4.79,4.0054,4.3753,4.4161,2.4719,2.2213,5.3924,1.5733,43.7,55.099999999999994,58.8,31.9,72.8,47.980000000000004,0.5,0.125,0.25,0.125
S25,2.0,0.5,1.0,0.5,74.79166666666669,2846.28,50.449322,8.652695227289176,0.2732872,32.065926396745695,0.17151261670650747,1.482510838632612,0.17100000000000004,2.541599999999999,0.06728045325779042,4.79,4.0054,4.3753,4.4161,2.4719,2.2213,5.3924,1.5733,80.0,70.0,70.0,60.0,80.0,70.5,0.5,0.125,0.25,0.125
S25,2.0,0.5,1.0,0.5,74.79166666666669,2846.28,50.449322,8.652695227289176,0.2732872,32.065926396745695,0.17151261670650747,1.482510838632612,0.17100000000000004,2.541599999999999,0.06728045325779042,4.79,4.0054,4.3753,4.4161,2.4719,2.2213,5.3924,1.5733,74.2,74.2,55.7,42.599999999999994,100.0,62.67,0.5,0.125,0.25,0.125
S25,2.0,0.5,1.0,0.5,74.79166666666669,2846.28,50.449322,8.652695227289176,0.2732872,32.065926396745695,0.17151261670650747,1.482510838632612,0.17100000000000004,2.541599999999999,0.06728045325779042,4.79,4.0054,4.3753,4.4161,2.4719,2.2213,5.3924,1.5733,73.0,60.4,60.300000000000004,51.6,74.0,62.24,0.5,0.125,0.25,0.125
S25,2.0,0.5,1.0,0.5,74.79166666666669,2846.28,50.449322,8.652695227289176,0.2732872,32.065926396745695,0.17151261670650747,1.482510838632612,0.17100000000000004,2.541599999999999,0.06728045325779042,4.79,4.0054,4.3753,4.4161,2.4719,2.2213,5.3924,1.5733,58.6,67.1,54.900000000000006,62.699999999999996,63.5,60.24,0.5,0.125,0.25,0.125
S25,2.0,0.5,1.0,0.5,74.79166666666669,2846.28,50.449322,8.652695227289176,0.2732872,32.065926396745695,0.17151261670650747,1.482510838632612,0.17100000000000004,2.541599999999999,0.06728045325779042,4.79,4.0054,4.3753,4.4161,2.4719,2.2213,5.3924,1.5733,60.0,80.0,50.0,60.0,70.7,60.57000000000001,0.5,0.125,0.25,0.125
S25,2.0,0.5,1.0,0.5,74.79166666666669,2846.28,50.449322,8.652695227289176,0.2732872,32.065926396745695,0.17151261670650747,1.482510838632612,0.17100000000000004,2.541599999999999,0.06728045325779042,4.79,4.0054,4.3753,4.4161,2.4719,2.2213,5.3924,1.5733,79.4,78.3,87.8,47.800000000000004,76.10000000000001,71.58,0.5,0.125,0.25,0.125
S25,2.0,0.5,1.0,0.5,74.79166666666669,2846.28,50.449322,8.652695227289176,0.2732872,32.065926396745695,0.17151261670650747,1.482510838632612,0.17100000000000004,2.541599999999999,0.06728045325779042,4.79,4.0054,4.3753,4.4161,2.4719,2.2213,5.3924,1.5733,69.0,74.5,82.2,43.099999999999994,67.30000000000001,64.9,0.5,0.125,0.25,0.125
S25,2.0,0.5,1.0,0.5,74.79166666666669,2846.28,50.449322,8.652695227289176,0.2732872,32.065926396745695,0.17151261670650747,1.482510838632612,0.17100000000000004,2.541599999999999,0.06728045325779042,4.79,4.0054,4.3753,4.4161,2.4719,2.2213,5.3924,1.5733,70.0,60.0,50.0,50.0,73.1,58.3,0.5,0.125,0.25,0.125
S25,2.0,0.5,1.0,0.5,74.79166666666669,2846.28,50.449322,8.652695227289176,0.2732872,32.065926396745695,0.17151261670650747,1.482510838632612,0.17100000000000004,2.541599999999999,0.06728045325779042,4.79,4.0054,4.3753,4.4161,2.4719,2.2213,5.3924,1.5733,53.099999999999994,60.8,78.1,54.400000000000006,86.0,63.8,0.5,0.125,0.25,0.125
S25,2.0,0.5,1.0,0.5,74.79166666666669,2846.28,50.449322,8.652695227289176,0.2732872,32.065926396745695,0.17151261670650747,1.482510838632612,0.17100000000000004,2.541599999999999,0.06728045325779042,4.79,4.0054,4.3753,4.4161,2.4719,2.2213,5.3924,1.5733,64.3,55.7,80.19999999999999,37.3,79.9,60.875,0.5,0.125,0.25,0.125
S25,2.0,0.5,1.0,0.5,74.79166666666669,2846.28,50.449322,8.652695227289176,0.2732872,32.065926396745695,0.17151261670650747,1.482510838632612,0.17100000000000004,2.541599999999999,0.06728045325779042,4.79,4.0054,4.3753,4.4161,2.4719,2.2213,5.3924,1.5733,73.1,69.1,55.7,41.900000000000006,100.0,61.68,0.5,0.125,0.25,0.125
S25,2.0,0.5,1.0,0.5,74.79166666666669,2846.28,50.449322,8.652695227289176,0.2732872,32.065926396745695,0.17151261670650747,1.482510838632612,0.17100000000000004,2.541599999999999,0.06728045325779042,4.79,4.0054,4.3753,4.4161,2.4719,2.2213,5.3924,1.5733,61.900000000000006,54.6,68.2,54.6,66.6,61.025,0.5,0.125,0.25,0.125
S25,2.0,0.5,1.0,0.5,74.79166666666669,2846.28,50.449322,8.652695227289176,0.2732872,32.065926396745695,0.17151261670650747,1.482510838632612,0.17100000000000004,2.541599999999999,0.06728045325779042,4.79,4.0054,4.3753,4.4161,2.4719,2.2213,5.3924,1.5733,93.4,80.60000000000001,36.6,61.7,100.0,69.07,0.5,0.125,0.25,0.125
S25,2.0,0.5,1.0,0.5,74.79166666666669,2846.28,50.449322,8.652695227289176,0.2732872,32.065926396745695,0.17151261670650747,1.482510838632612,0.17100000000000004,2.541599999999999,0.06728045325779042,4.79,4.0054,4.3753,4.4161,2.4719,2.2213,5.3924,1.5733,70.0,70.0,60.0,58.3,70.0,63.99,0.5,0.125,0.25,0.125
S25,2.0,0.5,1.0,0.5,74.79166666666669,2846.28,50.449322,8.652695227289176,0.2732872,32.065926396745695,0.17151261670650747,1.482510838632612,0.17100000000000004,2.541599999999999,0.06728045325779042,4.79,4.0054,4.3753,4.4161,2.4719,2.2213,5.3924,1.5733,69.2,76.10000000000001,82.69999999999999,31.6,77.0,62.765,0.5,0.125,0.25,0.125
S25,2.0,0.5,1.0,0.5,74.79166666666669,2846.28,50.449322,8.652695227289176,0.2732872,32.065926396745695,0.17151261670650747,1.482510838632612,0.17100000000000004,2.541599999999999,0.06728045325779042,4.79,4.0054,4.3753,4.4161,2.4719,2.2213,5.3924,1.5733,59.699999999999996,55.099999999999994,60.300000000000004,45.300000000000004,65.5,55.650000000000006,0.5,0.125,0.25,0.125
S26,2.0,1.0,0.5,0.5,74.58333333333334,1874.8571428571424,54.95573821,8.914612910562719,0.317593111,28.16942857655441,0.16221441474405623,1.3571527880915957,0.10799999999999998,1.8497200000000007,0.05838721536232508,4.93,3.989,4.1493,0.4058,2.6095,2.2171,4.745,1.9509,74.2,74.2,55.7,42.599999999999994,90.9,61.760000000000005,0.5,0.25,0.125,0.125
S26,2.0,1.0,0.5,0.5,74.58333333333334,1874.8571428571424,54.95573821,8.914612910562719,0.317593111,28.16942857655441,0.16221441474405623,1.3571527880915957,0.10799999999999998,1.8497200000000007,0.05838721536232508,4.93,3.989,4.1493,0.4058,2.6095,2.2171,4.745,1.9509,70.0,70.0,30.0,20.0,100.0,48.0,0.5,0.25,0.125,0.125
S26,2.0,1.0,0.5,0.5,74.58333333333334,1874.8571428571424,54.95573821,8.914612910562719,0.317593111,28.16942857655441,0.16221441474405623,1.3571527880915957,0.10799999999999998,1.8497200000000007,0.05838721536232508,4.93,3.989,4.1493,0.4058,2.6095,2.2171,4.745,1.9509,70.0,60.0,50.0,50.0,90.0,60.0,0.5,0.25,0.125,0.125
S26,2.0,1.0,0.5,0.5,74.58333333333334,1874.8571428571424,54.95573821,8.914612910562719,0.317593111,28.16942857655441,0.16221441474405623,1.3571527880915957,0.10799999999999998,1.8497200000000007,0.05838721536232508,4.93,3.989,4.1493,0.4058,2.6095,2.2171,4.745,1.9509,68.1,66.7,51.0,47.300000000000004,51.900000000000006,55.8,0.5,0.25,0.125,0.125
S26,2.0,1.0,0.5,0.5,74.58333333333334,1874.8571428571424,54.95573821,8.914612910562719,0.317593111,28.16942857655441,0.16221441474405623,1.3571527880915957,0.10799999999999998,1.8497200000000007,0.05838721536232508,4.93,3.989,4.1493,0.4058,2.6095,2.2171,4.745,1.9509,60.9,64.6,61.8,41.900000000000006,74.3,57.13,0.5,0.25,0.125,0.125
S26,2.0,1.0,0.5,0.5,74.58333333333334,1874.8571428571424,54.95573821,8.914612910562719,0.317593111,28.16942857655441,0.16221441474405623,1.3571527880915957,0.10799999999999998,1.8497200000000007,0.05838721536232508,4.93,3.989,4.1493,0.4058,2.6095,2.2171,4.745,1.9509,74.2,74.2,55.7,42.599999999999994,99.0,62.56999999999999,0.5,0.25,0.125,0.125
S26,2.0,1.0,0.5,0.5,74.58333333333334,1874.8571428571424,54.95573821,8.914612910562719,0.317593111,28.16942857655441,0.16221441474405623,1.3571527880915957,0.10799999999999998,1.8497200000000007,0.05838721536232508,4.93,3.989,4.1493,0.4058,2.6095,2.2171,4.745,1.9509,70.0,70.0,60.0,51.6,100.0,64.98,0.5,0.25,0.125,0.125
S26,2.0,1.0,0.5,0.5,74.58333333333334,1874.8571428571424,54.95573821,8.914612910562719,0.317593111,28.16942857655441,0.16221441474405623,1.3571527880915957,0.10799999999999998,1.8497200000000007,0.05838721536232508,4.93,3.989,4.1493,0.4058,2.6095,2.2171,4.745,1.9509,53.0,70.5,61.7,31.9,66.9,51.900000000000006,0.5,0.25,0.125,0.125
S26,2.0,1.0,0.5,0.5,74.58333333333334,1874.8571428571424,54.95573821,8.914612910562719,0.317593111,28.16942857655441,0.16221441474405623,1.3571527880915957,0.10799999999999998,1.8497200000000007,0.05838721536232508,4.93,3.989,4.1493,0.4058,2.6095,2.2171,4.745,1.9509,64.2,59.1,63.3,47.0,88.69999999999999,60.75,0.5,0.25,0.125,0.125
S26,2.0,1.0,0.5,0.5,74.58333333333334,1874.8571428571424,54.95573821,8.914612910562719,0.317593111,28.16942857655441,0.16221441474405623,1.3571527880915957,0.10799999999999998,1.8497200000000007,0.05838721536232508,4.93,3.989,4.1493,0.4058,2.6095,2.2171,4.745,1.9509,90.3,95.0,76.10000000000001,30.0,100.0,67.71,0.5,0.25,0.125,0.125
S26,2.0,1.0,0.5,0.5,74.58333333333334,1874.8571428571424,54.95573821,8.914612910562719,0.317593111,28.16942857655441,0.16221441474405623,1.3571527880915957,0.10799999999999998,1.8497200000000007,0.05838721536232508,4.93,3.989,4.1493,0.4058,2.6095,2.2171,4.745,1.9509,76.7,70.8,66.7,66.3,60.7,68.89,0.5,0.25,0.125,0.125
S26,2.0,1.0,0.5,0.5,74.58333333333334,1874.8571428571424,54.95573821,8.914612910562719,0.317593111,28.16942857655441,0.16221441474405623,1.3571527880915957,0.10799999999999998,1.8497200000000007,0.05838721536232508,4.93,3.989,4.1493,0.4058,2.6095,2.2171,4.745,1.9509,67.9,55.8,67.30000000000001,41.900000000000006,80.0,59.900000000000006,0.5,0.25,0.125,0.125
S26,2.0,1.0,0.5,0.5,74.58333333333334,1874.8571428571424,54.95573821,8.914612910562719,0.317593111,28.16942857655441,0.16221441474405623,1.3571527880915957,0.10799999999999998,1.8497200000000007,0.05838721536232508,4.93,3.989,4.1493,0.4058,2.6095,2.2171,4.745,1.9509,46.5,52.800000000000004,60.5,31.8,76.3,49.2,0.5,0.25,0.125,0.125
S26,2.0,1.0,0.5,0.5,74.58333333333334,1874.8571428571424,54.95573821,8.914612910562719,0.317593111,28.16942857655441,0.16221441474405623,1.3571527880915957,0.10799999999999998,1.8497200000000007,0.05838721536232508,4.93,3.989,4.1493,0.4058,2.6095,2.2171,4.745,1.9509,74.5,74.4,55.4,46.4,84.39999999999999,62.27,0.5,0.25,0.125,0.125
S26,2.0,1.0,0.5,0.5,74.58333333333334,1874.8571428571424,54.95573821,8.914612910562719,0.317593111,28.16942857655441,0.16221441474405623,1.3571527880915957,0.10799999999999998,1.8497200000000007,0.05838721536232508,4.93,3.989,4.1493,0.4058,2.6095,2.2171,4.745,1.9509,66.0,74.3,58.8,59.900000000000006,70.0,63.6,0.5,0.25,0.125,0.125
S26,2.0,1.0,0.5,0.5,74.58333333333334,1874.8571428571424,54.95573821,8.914612910562719,0.317593111,28.16942857655441,0.16221441474405623,1.3571527880915957,0.10799999999999998,1.8497200000000007,0.05838721536232508,4.93,3.989,4.1493,0.4058,2.6095,2.2171,4.745,1.9509,88.6,73.89999999999999,91.19999999999999,60.300000000000004,100.0,80.42999999999999,0.5,0.25,0.125,0.125
S26,2.0,1.0,0.5,0.5,74.58333333333334,1874.8571428571424,54.95573821,8.914612910562719,0.317593111,28.16942857655441,0.16221441474405623,1.3571527880915957,0.10799999999999998,1.8497200000000007,0.05838721536232508,4.93,3.989,4.1493,0.4058,2.6095,2.2171,4.745,1.9509,75.3,60.5,75.3,47.1,78.2,65.65,0.5,0.25,0.125,0.125
S26,2.0,1.0,0.5,0.5,74.58333333333334,1874.8571428571424,54.95573821,8.914612910562719,0.317593111,28.16942857655441,0.16221441474405623,1.3571527880915957,0.10799999999999998,1.8497200000000007,0.05838721536232508,4.93,3.989,4.1493,0.4058,2.6095,2.2171,4.745,1.9509,54.3,55.0,89.0,27.3,78.7,57.38,0.5,0.25,0.125,0.125
S26,2.0,1.0,0.5,0.5,74.58333333333334,1874.8571428571424,54.95573821,8.914612910562719,0.317593111,28.16942857655441,0.16221441474405623,1.3571527880915957,0.10799999999999998,1.8497200000000007,0.05838721536232508,4.93,3.989,4.1493,0.4058,2.6095,2.2171,4.745,1.9509,76.10000000000001,63.4,80.19999999999999,47.300000000000004,100.0,69.6,0.5,0.25,0.125,0.125
S26,2.0,1.0,0.5,0.5,74.58333333333334,1874.8571428571424,54.95573821,8.914612910562719,0.317593111,28.16942857655441,0.16221441474405623,1.3571527880915957,0.10799999999999998,1.8497200000000007,0.05838721536232508,4.93,3.989,4.1493,0.4058,2.6095,2.2171,4.745,1.9509,67.6,69.1,71.3,60.0,78.3,67.465,0.5,0.25,0.125,0.125
S27,1.5,1.0,1.0,0.5,75.00000000000001,1867.71,44.8013706586131,9.85529686126935,0.249911542,24.552732316881187,0.21997757471231877,1.6740559250184726,0.23850000000000002,0.26827999999999946,0.8889965707469826,4.73,5.0181,2.3347,0.4145,2.2518,2.3213,5.8976,1.8247,74.2,74.2,55.7,47.1,67.30000000000001,60.75,0.375,0.25,0.25,0.125
S27,1.5,1.0,1.0,0.5,75.00000000000001,1867.71,44.8013706586131,9.85529686126935,0.249911542,24.552732316881187,0.21997757471231877,1.6740559250184726,0.23850000000000002,0.26827999999999946,0.8889965707469826,4.73,5.0181,2.3347,0.4145,2.2518,2.3213,5.8976,1.8247,69.1,51.900000000000006,60.0,47.5,66.3,58.3,0.375,0.25,0.25,0.125
S27,1.5,1.0,1.0,0.5,75.00000000000001,1867.71,44.8013706586131,9.85529686126935,0.249911542,24.552732316881187,0.21997757471231877,1.6740559250184726,0.23850000000000002,0.26827999999999946,0.8889965707469826,4.73,5.0181,2.3347,0.4145,2.2518,2.3213,5.8976,1.8247,70.0,60.0,50.0,50.0,100.0,61.0,0.375,0.25,0.25,0.125
S27,1.5,1.0,1.0,0.5,75.00000000000001,1867.71,44.8013706586131,9.85529686126935,0.249911542,24.552732316881187,0.21997757471231877,1.6740559250184726,0.23850000000000002,0.26827999999999946,0.8889965707469826,4.73,5.0181,2.3347,0.4145,2.2518,2.3213,5.8976,1.8247,64.3,58.2,66.6,25.7,77.9,54.0,0.375,0.25,0.25,0.125
S27,1.5,1.0,1.0,0.5,75.00000000000001,1867.71,44.8013706586131,9.85529686126935,0.249911542,24.552732316881187,0.21997757471231877,1.6740559250184726,0.23850000000000002,0.26827999999999946,0.8889965707469826,4.73,5.0181,2.3347,0.4145,2.2518,2.3213,5.8976,1.8247,70.0,80.0,60.0,40.0,100.0,62.5,0.375,0.25,0.25,0.125
S27,1.5,1.0,1.0,0.5,75.00000000000001,1867.71,44.8013706586131,9.85529686126935,0.249911542,24.552732316881187,0.21997757471231877,1.6740559250184726,0.23850000000000002,0.26827999999999946,0.8889965707469826,4.73,5.0181,2.3347,0.4145,2.2518,2.3213,5.8976,1.8247,57.300000000000004,67.4,61.900000000000006,33.6,69.4,53.56,0.375,0.25,0.25,0.125
S27,1.5,1.0,1.0,0.5,75.00000000000001,1867.71,44.8013706586131,9.85529686126935,0.249911542,24.552732316881187,0.21997757471231877,1.6740559250184726,0.23850000000000002,0.26827999999999946,0.8889965707469826,4.73,5.0181,2.3347,0.4145,2.2518,2.3213,5.8976,1.8247,80.60000000000001,67.9,38.199999999999996,37.9,100.0,57.86,0.375,0.25,0.25,0.125
S27,1.5,1.0,1.0,0.5,75.00000000000001,1867.71,44.8013706586131,9.85529686126935,0.249911542,24.552732316881187,0.21997757471231877,1.6740559250184726,0.23850000000000002,0.26827999999999946,0.8889965707469826,4.73,5.0181,2.3347,0.4145,2.2518,2.3213,5.8976,1.8247,70.0,70.0,60.0,60.0,100.0,67.5,0.375,0.25,0.25,0.125
S27,1.5,1.0,1.0,0.5,75.00000000000001,1867.71,44.8013706586131,9.85529686126935,0.249911542,24.552732316881187,0.21997757471231877,1.6740559250184726,0.23850000000000002,0.26827999999999946,0.8889965707469826,4.73,5.0181,2.3347,0.4145,2.2518,2.3213,5.8976,1.8247,80.0,80.0,50.0,60.0,77.9,66.28999999999999,0.375,0.25,0.25,0.125
S27,1.5,1.0,1.0,0.5,75.00000000000001,1867.71,44.8013706586131,9.85529686126935,0.249911542,24.552732316881187,0.21997757471231877,1.6740559250184726,0.23850000000000002,0.26827999999999946,0.8889965707469826,4.73,5.0181,2.3347,0.4145,2.2518,2.3213,5.8976,1.8247,90.0,90.0,74.0,20.0,100.0,66.0,0.375,0.25,0.25,0.125
S27,1.5,1.0,1.0,0.5,75.00000000000001,1867.71,44.8013706586131,9.85529686126935,0.249911542,24.552732316881187,0.21997757471231877,1.6740559250184726,0.23850000000000002,0.26827999999999946,0.8889965707469826,4.73,5.0181,2.3347,0.4145,2.2518,2.3213,5.8976,1.8247,61.8,57.300000000000004,80.5,59.3,70.3,66.125,0.375,0.25,0.25,0.125
S27,1.5,1.0,1.0,0.5,75.00000000000001,1867.71,44.8013706586131,9.85529686126935,0.249911542,24.552732316881187,0.21997757471231877,1.6740559250184726,0.23850000000000002,0.26827999999999946,0.8889965707469826,4.73,5.0181,2.3347,0.4145,2.2518,2.3213,5.8976,1.8247,61.0,63.4,91.19999999999999,40.199999999999996,66.6,63.11,0.375,0.25,0.25,0.125
S27,1.5,1.0,1.0,0.5,75.00000000000001,1867.71,44.8013706586131,9.85529686126935,0.249911542,24.552732316881187,0.21997757471231877,1.6740559250184726,0.23850000000000002,0.26827999999999946,0.8889965707469826,4.73,5.0181,2.3347,0.4145,2.2518,2.3213,5.8976,1.8247,63.7,66.5,70.7,58.2,79.80000000000001,65.69,0.375,0.25,0.25,0.125
S27,1.5,1.0,1.0,0.5,75.00000000000001,1867.71,44.8013706586131,9.85529686126935,0.249911542,24.552732316881187,0.21997757471231877,1.6740559250184726,0.23850000000000002,0.26827999999999946,0.8889965707469826,4.73,5.0181,2.3347,0.4145,2.2518,2.3213,5.8976,1.8247,74.6,65.1,70.0,63.5,100.0,71.7,0.375,0.25,0.25,0.125
S27,1.5,1.0,1.0,0.5,75.00000000000001,1867.71,44.8013706586131,9.85529686126935,0.249911542,24.552732316881187,0.21997757471231877,1.6740559250184726,0.23850000000000002,0.26827999999999946,0.8889965707469826,4.73,5.0181,2.3347,0.4145,2.2518,2.3213,5.8976,1.8247,74.0,73.0,56.022,47.699999999999996,100.0,64.1,0.375,0.25,0.25,0.125
S27,1.5,1.0,1.0,0.5,75.00000000000001,1867.71,44.8013706586131,9.85529686126935,0.249911542,24.552732316881187,0.21997757471231877,1.6740559250184726,0.23850000000000002,0.26827999999999946,0.8889965707469826,4.73,5.0181,2.3347,0.4145,2.2518,2.3213,5.8976,1.8247,70.0,80.0,60.0,48.0,100.0,64.9,0.375,0.25,0.25,0.125
S27,1.5,1.0,1.0,0.5,75.00000000000001,1867.71,44.8013706586131,9.85529686126935,0.249911542,24.552732316881187,0.21997757471231877,1.6740559250184726,0.23850000000000002,0.26827999999999946,0.8889965707469826,4.73,5.0181,2.3347,0.4145,2.2518,2.3213,5.8976,1.8247,57.599999999999994,68.3,73.89999999999999,57.699999999999996,63.4,63.35,0.375,0.25,0.25,0.125
S27,1.5,1.0,1.0,0.5,75.00000000000001,1867.71,44.8013706586131,9.85529686126935,0.249911542,24.552732316881187,0.21997757471231877,1.6740559250184726,0.23850000000000002,0.26827999999999946,0.8889965707469826,4.73,5.0181,2.3347,0.4145,2.2518,2.3213,5.8976,1.8247,67.69999999999999,62.800000000000004,68.1,53.8,74.6,63.83,0.375,0.25,0.25,0.125
S27,1.5,1.0,1.0,0.5,75.00000000000001,1867.71,44.8013706586131,9.85529686126935,0.249911542,24.552732316881187,0.21997757471231877,1.6740559250184726,0.23850000000000002,0.26827999999999946,0.8889965707469826,4.73,5.0181,2.3347,0.4145,2.2518,2.3213,5.8976,1.8247,50.8,58.5,51.2,67.30000000000001,71.6,58.7,0.375,0.25,0.25,0.125
S27,1.5,1.0,1.0,0.5,75.00000000000001,1867.71,44.8013706586131,9.85529686126935,0.249911542,24.552732316881187,0.21997757471231877,1.6740559250184726,0.23850000000000002,0.26827999999999946,0.8889965707469826,4.73,5.0181,2.3347,0.4145,2.2518,2.3213,5.8976,1.8247,61.4,70.19999999999999,66.5,53.7,60.8,61.185,0.375,0.25,0.25,0.125
S28,2.0,0.5,0.5,1.0,74.79166666666669,1774.85714285714,40.7316761528633,8.71947632,0.207915442,21.13186830239341,0.21407113930878707,1.8362039997072175,0.32175000000000004,1.5602599999999998,0.20621563072821203,4.91,4.3963,5.1542,0.6578,2.3299,2.3609,2.7346,1.9275,75.8,73.1,52.699999999999996,47.1,84.2,61.900000000000006,0.5,0.125,0.125,0.25
S28,2.0,0.5,0.5,1.0,74.79166666666669,1774.85714285714,40.7316761528633,8.71947632,0.207915442,21.13186830239341,0.21407113930878707,1.8362039997072175,0.32175000000000004,1.5602599999999998,0.20621563072821203,4.91,4.3963,5.1542,0.6578,2.3299,2.3609,2.7346,1.9275,90.7,59.800000000000004,37.1,35.0,76.6,56.09,0.5,0.125,0.125,0.25
S28,2.0,0.5,0.5,1.0,74.79166666666669,1774.85714285714,40.7316761528633,8.71947632,0.207915442,21.13186830239341,0.21407113930878707,1.8362039997072175,0.32175000000000004,1.5602599999999998,0.20621563072821203,4.91,4.3963,5.1542,0.6578,2.3299,2.3609,2.7346,1.9275,70.0,60.0,50.0,50.0,71.0,58.099999999999994,0.5,0.125,0.125,0.25
S28,2.0,0.5,0.5,1.0,74.79166666666669,1774.85714285714,40.7316761528633,8.71947632,0.207915442,21.13186830239341,0.21407113930878707,1.8362039997072175,0.32175000000000004,1.5602599999999998,0.20621563072821203,4.91,4.3963,5.1542,0.6578,2.3299,2.3609,2.7346,1.9275,74.2,74.2,55.7,47.1,100.0,64.0,0.5,0.125,0.125,0.25
S28,2.0,0.5,0.5,1.0,74.79166666666669,1774.85714285714,40.7316761528633,8.71947632,0.207915442,21.13186830239341,0.21407113930878707,1.8362039997072175,0.32175000000000004,1.5602599999999998,0.20621563072821203,4.91,4.3963,5.1542,0.6578,2.3299,2.3609,2.7346,1.9275,68.4,70.5,67.2,39.2,61.7,58.8,0.5,0.125,0.125,0.25
S28,2.0,0.5,0.5,1.0,74.79166666666669,1774.85714285714,40.7316761528633,8.71947632,0.207915442,21.13186830239341,0.21407113930878707,1.8362039997072175,0.32175000000000004,1.5602599999999998,0.20621563072821203,4.91,4.3963,5.1542,0.6578,2.3299,2.3609,2.7346,1.9275,64.9,70.7,56.7,47.300000000000004,75.5,59.21,0.5,0.125,0.125,0.25
S28,2.0,0.5,0.5,1.0,74.79166666666669,1774.85714285714,40.7316761528633,8.71947632,0.207915442,21.13186830239341,0.21407113930878707,1.8362039997072175,0.32175000000000004,1.5602599999999998,0.20621563072821203,4.91,4.3963,5.1542,0.6578,2.3299,2.3609,2.7346,1.9275,51.0,60.300000000000004,89.3,51.3,66.2,63.114999999999995,0.5,0.125,0.125,0.25
S28,2.0,0.5,0.5,1.0,74.79166666666669,1774.85714285714,40.7316761528633,8.71947632,0.207915442,21.13186830239341,0.21407113930878707,1.8362039997072175,0.32175000000000004,1.5602599999999998,0.20621563072821203,4.91,4.3963,5.1542,0.6578,2.3299,2.3609,2.7346,1.9275,70.19999999999999,71.10000000000001,63.4,36.3,69.0,58.3,0.5,0.125,0.125,0.25
S28,2.0,0.5,0.5,1.0,74.79166666666669,1774.85714285714,40.7316761528633,8.71947632,0.207915442,21.13186830239341,0.21407113930878707,1.8362039997072175,0.32175000000000004,1.5602599999999998,0.20621563072821203,4.91,4.3963,5.1542,0.6578,2.3299,2.3609,2.7346,1.9275,80.0,80.0,50.0,60.0,100.0,68.5,0.5,0.125,0.125,0.25
S28,2.0,0.5,0.5,1.0,74.79166666666669,1774.85714285714,40.7316761528633,8.71947632,0.207915442,21.13186830239341,0.21407113930878707,1.8362039997072175,0.32175000000000004,1.5602599999999998,0.20621563072821203,4.91,4.3963,5.1542,0.6578,2.3299,2.3609,2.7346,1.9275,92.30000000000001,75.19999999999999,70.19999999999999,20.0,100.0,64.14,0.5,0.125,0.125,0.25
S28,2.0,0.5,0.5,1.0,74.79166666666669,1774.85714285714,40.7316761528633,8.71947632,0.207915442,21.13186830239341,0.21407113930878707,1.8362039997072175,0.32175000000000004,1.5602599999999998,0.20621563072821203,4.91,4.3963,5.1542,0.6578,2.3299,2.3609,2.7346,1.9275,64.2,52.800000000000004,72.8,48.5,74.6,61.54,0.5,0.125,0.125,0.25
S28,2.0,0.5,0.5,1.0,74.79166666666669,1774.85714285714,40.7316761528633,8.71947632,0.207915442,21.13186830239341,0.21407113930878707,1.8362039997072175,0.32175000000000004,1.5602599999999998,0.20621563072821203,4.91,4.3963,5.1542,0.6578,2.3299,2.3609,2.7346,1.9275,73.1,70.0,80.0,61.5,80.0,71.7,0.5,0.125,0.125,0.25
S28,2.0,0.5,0.5,1.0,74.79166666666669,1774.85714285714,40.7316761528633,8.71947632,0.207915442,21.13186830239341,0.21407113930878707,1.8362039997072175,0.32175000000000004,1.5602599999999998,0.20621563072821203,4.91,4.3963,5.1542,0.6578,2.3299,2.3609,2.7346,1.9275,51.8,94.39999999999999,76.0,20.0,55.7,52.9,0.5,0.125,0.125,0.25
S28,2.0,0.5,0.5,1.0,74.79166666666669,1774.85714285714,40.7316761528633,8.71947632,0.207915442,21.13186830239341,0.21407113930878707,1.8362039997072175,0.32175000000000004,1.5602599999999998,0.20621563072821203,4.91,4.3963,5.1542,0.6578,2.3299,2.3609,2.7346,1.9275,88.10000000000001,70.1,77.30000000000001,41.8,100.0,70.9,0.5,0.125,0.125,0.25
S28,2.0,0.5,0.5,1.0,74.79166666666669,1774.85714285714,40.7316761528633,8.71947632,0.207915442,21.13186830239341,0.21407113930878707,1.8362039997072175,0.32175000000000004,1.5602599999999998,0.20621563072821203,4.91,4.3963,5.1542,0.6578,2.3299,2.3609,2.7346,1.9275,74.03,73.879,56.022,47.699999999999996,84.60000000000001,62.67,0.5,0.125,0.125,0.25
S28,2.0,0.5,0.5,1.0,74.79166666666669,1774.85714285714,40.7316761528633,8.71947632,0.207915442,21.13186830239341,0.21407113930878707,1.8362039997072175,0.32175000000000004,1.5602599999999998,0.20621563072821203,4.91,4.3963,5.1542,0.6578,2.3299,2.3609,2.7346,1.9275,62.199999999999996,80.0,50.0,63.0,100.0,64.95,0.5,0.125,0.125,0.25
S28,2.0,0.5,0.5,1.0,74.79166666666669,1774.85714285714,40.7316761528633,8.71947632,0.207915442,21.13186830239341,0.21407113930878707,1.8362039997072175,0.32175000000000004,1.5602599999999998,0.20621563072821203,4.91,4.3963,5.1542,0.6578,2.3299,2.3609,2.7346,1.9275,64.9,71.10000000000001,67.2,35.2,84.7,59.1,0.5,0.125,0.125,0.25
S28,2.0,0.5,0.5,1.0,74.79166666666669,1774.85714285714,40.7316761528633,8.71947632,0.207915442,21.13186830239341,0.21407113930878707,1.8362039997072175,0.32175000000000004,1.5602599999999998,0.20621563072821203,4.91,4.3963,5.1542,0.6578,2.3299,2.3609,2.7346,1.9275,70.9,59.2,82.5,55.5,84.0,69.32000000000001,0.5,0.125,0.125,0.25
S28,2.0,0.5,0.5,1.0,74.79166666666669,1774.85714285714,40.7316761528633,8.71947632,0.207915442,21.13186830239341,0.21407113930878707,1.8362039997072175,0.32175000000000004,1.5602599999999998,0.20621563072821203,4.91,4.3963,5.1542,0.6578,2.3299,2.3609,2.7346,1.9275,60.199999999999996,63.0,70.0,51.7,66.39999999999999,61.0,0.5,0.125,0.125,0.25
S28,2.0,0.5,0.5,1.0,74.79166666666669,1774.85714285714,40.7316761528633,8.71947632,0.207915442,21.13186830239341,0.21407113930878707,1.8362039997072175,0.32175000000000004,1.5602599999999998,0.20621563072821203,4.91,4.3963,5.1542,0.6578,2.3299,2.3609,2.7346,1.9275,70.8,63.7,74.3,36.7,100.0,63.650000000000006,0.5,0.125,0.125,0.25
S29,1.0,1.0,1.5,0.5,73.95833333333334,2709.14,50.45185271227785,8.887749919877594,0.268219961,21.815130675088792,0.17616300377636462,1.4659190764531629,0.17100000000000004,2.0615200000000002,0.08294850401645389,5.03,4.0581,3.1721,0.8948,3.0578,2.4109,4.6512,2.3127,74.2,74.2,56.7,49.5,72.6,62.199999999999996,0.25,0.25,0.375,0.125
S29,1.0,1.0,1.5,0.5,73.95833333333334,2709.14,50.45185271227785,8.887749919877594,0.268219961,21.815130675088792,0.17616300377636462,1.4659190764531629,0.17100000000000004,2.0615200000000002,0.08294850401645389,5.03,4.0581,3.1721,0.8948,3.0578,2.4109,4.6512,2.3127,77.0,75.0,32.0,40.0,100.0,56.7,0.25,0.25,0.375,0.125
S29,1.0,1.0,1.5,0.5,73.95833333333334,2709.14,50.45185271227785,8.887749919877594,0.268219961,21.815130675088792,0.17616300377636462,1.4659190764531629,0.17100000000000004,2.0615200000000002,0.08294850401645389,5.03,4.0581,3.1721,0.8948,3.0578,2.4109,4.6512,2.3127,63.3,66.2,48.9,54.900000000000006,94.60000000000001,57.0,0.25,0.25,0.375,0.125
S29,1.0,1.0,1.5,0.5,73.95833333333334,2709.14,50.45185271227785,8.887749919877594,0.268219961,21.815130675088792,0.17616300377636462,1.4659190764531629,0.17100000000000004,2.0615200000000002,0.08294850401645389,5.03,4.0581,3.1721,0.8948,3.0578,2.4109,4.6512,2.3127,70.0,60.0,50.0,61.2,100.0,64.36,0.25,0.25,0.375,0.125
S29,1.0,1.0,1.5,0.5,73.95833333333334,2709.14,50.45185271227785,8.887749919877594,0.268219961,21.815130675088792,0.17616300377636462,1.4659190764531629,0.17100000000000004,2.0615200000000002,0.08294850401645389,5.03,4.0581,3.1721,0.8948,3.0578,2.4109,4.6512,2.3127,70.0,80.0,45.199999999999996,47.0,64.3,60.5,0.25,0.25,0.375,0.125
S29,1.0,1.0,1.5,0.5,73.95833333333334,2709.14,50.45185271227785,8.887749919877594,0.268219961,21.815130675088792,0.17616300377636462,1.4659190764531629,0.17100000000000004,2.0615200000000002,0.08294850401645389,5.03,4.0581,3.1721,0.8948,3.0578,2.4109,4.6512,2.3127,87.69999999999999,95.3,50.199999999999996,23.3,85.19999999999999,64.0,0.25,0.25,0.375,0.125
S29,1.0,1.0,1.5,0.5,73.95833333333334,2709.14,50.45185271227785,8.887749919877594,0.268219961,21.815130675088792,0.17616300377636462,1.4659190764531629,0.17100000000000004,2.0615200000000002,0.08294850401645389,5.03,4.0581,3.1721,0.8948,3.0578,2.4109,4.6512,2.3127,63.8,70.0,46.900000000000006,60.0,71.6,64.5,0.25,0.25,0.375,0.125
S29,1.0,1.0,1.5,0.5,73.95833333333334,2709.14,50.45185271227785,8.887749919877594,0.268219961,21.815130675088792,0.17616300377636462,1.4659190764531629,0.17100000000000004,2.0615200000000002,0.08294850401645389,5.03,4.0581,3.1721,0.8948,3.0578,2.4109,4.6512,2.3127,70.0,70.0,57.300000000000004,48.099999999999994,72.0,64.5,0.25,0.25,0.375,0.125
S29,1.0,1.0,1.5,0.5,73.95833333333334,2709.14,50.45185271227785,8.887749919877594,0.268219961,21.815130675088792,0.17616300377636462,1.4659190764531629,0.17100000000000004,2.0615200000000002,0.08294850401645389,5.03,4.0581,3.1721,0.8948,3.0578,2.4109,4.6512,2.3127,81.30000000000001,80.19999999999999,54.699999999999996,68.3,100.0,72.5,0.25,0.25,0.375,0.125
S29,1.0,1.0,1.5,0.5,73.95833333333334,2709.14,50.45185271227785,8.887749919877594,0.268219961,21.815130675088792,0.17616300377636462,1.4659190764531629,0.17100000000000004,2.0615200000000002,0.08294850401645389,5.03,4.0581,3.1721,0.8948,3.0578,2.4109,4.6512,2.3127,68.1,59.3,43.8,36.0,68.89999999999999,69.0,0.25,0.25,0.375,0.125
S29,1.0,1.0,1.5,0.5,73.95833333333334,2709.14,50.45185271227785,8.887749919877594,0.268219961,21.815130675088792,0.17616300377636462,1.4659190764531629,0.17100000000000004,2.0615200000000002,0.08294850401645389,5.03,4.0581,3.1721,0.8948,3.0578,2.4109,4.6512,2.3127,88.0,72.9,63.9,46.900000000000006,63.4,65.6,0.25,0.25,0.375,0.125
S29,1.0,1.0,1.5,0.5,73.95833333333334,2709.14,50.45185271227785,8.887749919877594,0.268219961,21.815130675088792,0.17616300377636462,1.4659190764531629,0.17100000000000004,2.0615200000000002,0.08294850401645389,5.03,4.0581,3.1721,0.8948,3.0578,2.4109,4.6512,2.3127,76.5,60.8,67.69999999999999,67.9,75.9,70.0,0.25,0.25,0.375,0.125
S29,1.0,1.0,1.5,0.5,73.95833333333334,2709.14,50.45185271227785,8.887749919877594,0.268219961,21.815130675088792,0.17616300377636462,1.4659190764531629,0.17100000000000004,2.0615200000000002,0.08294850401645389,5.03,4.0581,3.1721,0.8948,3.0578,2.4109,4.6512,2.3127,61.8,66.0,59.3,53.099999999999994,74.4,60.199999999999996,0.25,0.25,0.375,0.125
S29,1.0,1.0,1.5,0.5,73.95833333333334,2709.14,50.45185271227785,8.887749919877594,0.268219961,21.815130675088792,0.17616300377636462,1.4659190764531629,0.17100000000000004,2.0615200000000002,0.08294850401645389,5.03,4.0581,3.1721,0.8948,3.0578,2.4109,4.6512,2.3127,70.0,70.5,49.699999999999996,43.9,100.0,60.14,0.25,0.25,0.375,0.125
S29,1.0,1.0,1.5,0.5,73.95833333333334,2709.14,50.45185271227785,8.887749919877594,0.268219961,21.815130675088792,0.17616300377636462,1.4659190764531629,0.17100000000000004,2.0615200000000002,0.08294850401645389,5.03,4.0581,3.1721,0.8948,3.0578,2.4109,4.6512,2.3127,73.3,71.3,60.0,58.3,67.1,64.65,0.25,0.25,0.375,0.125
S29,1.0,1.0,1.5,0.5,73.95833333333334,2709.14,50.45185271227785,8.887749919877594,0.268219961,21.815130675088792,0.17616300377636462,1.4659190764531629,0.17100000000000004,2.0615200000000002,0.08294850401645389,5.03,4.0581,3.1721,0.8948,3.0578,2.4109,4.6512,2.3127,70.0,63.099999999999994,48.8,50.099999999999994,71.39999999999999,58.17999999999999,0.25,0.25,0.375,0.125
S29,1.0,1.0,1.5,0.5,73.95833333333334,2709.14,50.45185271227785,8.887749919877594,0.268219961,21.815130675088792,0.17616300377636462,1.4659190764531629,0.17100000000000004,2.0615200000000002,0.08294850401645389,5.03,4.0581,3.1721,0.8948,3.0578,2.4109,4.6512,2.3127,64.5,60.7,35.9,52.800000000000004,100.0,57.0,0.25,0.25,0.375,0.125
S29,1.0,1.0,1.5,0.5,73.95833333333334,2709.14,50.45185271227785,8.887749919877594,0.268219961,21.815130675088792,0.17616300377636462,1.4659190764531629,0.17100000000000004,2.0615200000000002,0.08294850401645389,5.03,4.0581,3.1721,0.8948,3.0578,2.4109,4.6512,2.3127,73.3,71.3,60.0,58.3,63.7,64.315,0.25,0.25,0.375,0.125
S29,1.0,1.0,1.5,0.5,73.95833333333334,2709.14,50.45185271227785,8.887749919877594,0.268219961,21.815130675088792,0.17616300377636462,1.4659190764531629,0.17100000000000004,2.0615200000000002,0.08294850401645389,5.03,4.0581,3.1721,0.8948,3.0578,2.4109,4.6512,2.3127,58.8,80.0,57.9,64.4,80.1,64.5,0.25,0.25,0.375,0.125
S29,1.0,1.0,1.5,0.5,73.95833333333334,2709.14,50.45185271227785,8.887749919877594,0.268219961,21.815130675088792,0.17616300377636462,1.4659190764531629,0.17100000000000004,2.0615200000000002,0.08294850401645389,5.03,4.0581,3.1721,0.8948,3.0578,2.4109,4.6512,2.3127,90.0,90.0,90.0,20.0,67.0,66.7,0.25,0.25,0.375,0.125
S30,1.5,0.5,1.0,1.0,75.00000000000001,1862.0,42.44839447,7.860711580013854,0.318378114,20.38534047447534,0.18518277730314012,1.7668512775672955,0.225,2.103879999999998,0.10694526303781596,4.89,4.2309,3.0526,4.283,2.8903,2.4152,2.1739,2.0823,75.5,76.7,55.7,52.400000000000006,72.5,63.4,0.375,0.125,0.25,0.25
S30,1.5,0.5,1.0,1.0,75.00000000000001,1862.0,42.44839447,7.860711580013854,0.318378114,20.38534047447534,0.18518277730314012,1.7668512775672955,0.225,2.103879999999998,0.10694526303781596,4.89,4.2309,3.0526,4.283,2.8903,2.4152,2.1739,2.0823,70.0,80.0,60.0,40.0,100.0,62.5,0.375,0.125,0.25,0.25
S30,1.5,0.5,1.0,1.0,75.00000000000001,1862.0,42.44839447,7.860711580013854,0.318378114,20.38534047447534,0.18518277730314012,1.7668512775672955,0.225,2.103879999999998,0.10694526303781596,4.89,4.2309,3.0526,4.283,2.8903,2.4152,2.1739,2.0823,71.8,62.1,51.0,62.0,72.2,62.73,0.375,0.125,0.25,0.25
S30,1.5,0.5,1.0,1.0,75.00000000000001,1862.0,42.44839447,7.860711580013854,0.318378114,20.38534047447534,0.18518277730314012,1.7668512775672955,0.225,2.103879999999998,0.10694526303781596,4.89,4.2309,3.0526,4.283,2.8903,2.4152,2.1739,2.0823,69.2,70.0,61.0,62.199999999999996,71.0,65.31,0.375,0.125,0.25,0.25
S30,1.5,0.5,1.0,1.0,75.00000000000001,1862.0,42.44839447,7.860711580013854,0.318378114,20.38534047447534,0.18518277730314012,1.7668512775672955,0.225,2.103879999999998,0.10694526303781596,4.89,4.2309,3.0526,4.283,2.8903,2.4152,2.1739,2.0823,71.10000000000001,70.19999999999999,59.900000000000006,59.1,64.9,63.99,0.375,0.125,0.25,0.25
S30,1.5,0.5,1.0,1.0,75.00000000000001,1862.0,42.44839447,7.860711580013854,0.318378114,20.38534047447534,0.18518277730314012,1.7668512775672955,0.225,2.103879999999998,0.10694526303781596,4.89,4.2309,3.0526,4.283,2.8903,2.4152,2.1739,2.0823,73.2,68.2,55.300000000000004,61.0,71.10000000000001,64.35,0.375,0.125,0.25,0.25
S30,1.5,0.5,1.0,1.0,75.00000000000001,1862.0,42.44839447,7.860711580013854,0.318378114,20.38534047447534,0.18518277730314012,1.7668512775672955,0.225,2.103879999999998,0.10694526303781596,4.89,4.2309,3.0526,4.283,2.8903,2.4152,2.1739,2.0823,82.6,87.89999999999999,90.19999999999999,24.4,70.3,66.34,0.375,0.125,0.25,0.25
S30,1.5,0.5,1.0,1.0,75.00000000000001,1862.0,42.44839447,7.860711580013854,0.318378114,20.38534047447534,0.18518277730314012,1.7668512775672955,0.225,2.103879999999998,0.10694526303781596,4.89,4.2309,3.0526,4.283,2.8903,2.4152,2.1739,2.0823,70.5,61.0,76.8,49.400000000000006,69.6,64.7,0.375,0.125,0.25,0.25
S30,1.5,0.5,1.0,1.0,75.00000000000001,1862.0,42.44839447,7.860711580013854,0.318378114,20.38534047447534,0.18518277730314012,1.7668512775672955,0.225,2.103879999999998,0.10694526303781596,4.89,4.2309,3.0526,4.283,2.8903,2.4152,2.1739,2.0823,73.3,61.900000000000006,57.300000000000004,33.7,66.2,55.57000000000001,0.375,0.125,0.25,0.25
S30,1.5,0.5,1.0,1.0,75.00000000000001,1862.0,42.44839447,7.860711580013854,0.318378114,20.38534047447534,0.18518277730314012,1.7668512775672955,0.225,2.103879999999998,0.10694526303781596,4.89,4.2309,3.0526,4.283,2.8903,2.4152,2.1739,2.0823,81.0,70.1,60.5,42.5,100.0,65.13,0.375,0.125,0.25,0.25
S30,1.5,0.5,1.0,1.0,75.00000000000001,1862.0,42.44839447,7.860711580013854,0.318378114,20.38534047447534,0.18518277730314012,1.7668512775672955,0.225,2.103879999999998,0.10694526303781596,4.89,4.2309,3.0526,4.283,2.8903,2.4152,2.1739,2.0823,64.9,70.0,63.7,69.2,69.1,66.82000000000001,0.375,0.125,0.25,0.25
S30,1.5,0.5,1.0,1.0,75.00000000000001,1862.0,42.44839447,7.860711580013854,0.318378114,20.38534047447534,0.18518277730314012,1.7668512775672955,0.225,2.103879999999998,0.10694526303781596,4.89,4.2309,3.0526,4.283,2.8903,2.4152,2.1739,2.0823,83.69999999999999,62.800000000000004,68.2,52.800000000000004,73.3,67.425,0.375,0.125,0.25,0.25
S30,1.5,0.5,1.0,1.0,75.00000000000001,1862.0,42.44839447,7.860711580013854,0.318378114,20.38534047447534,0.18518277730314012,1.7668512775672955,0.225,2.103879999999998,0.10694526303781596,4.89,4.2309,3.0526,4.283,2.8903,2.4152,2.1739,2.0823,75.0,53.3,69.1,60.0,72.0,66.39999999999999,0.375,0.125,0.25,0.25
S30,1.5,0.5,1.0,1.0,75.00000000000001,1862.0,42.44839447,7.860711580013854,0.318378114,20.38534047447534,0.18518277730314012,1.7668512775672955,0.225,2.103879999999998,0.10694526303781596,4.89,4.2309,3.0526,4.283,2.8903,2.4152,2.1739,2.0823,62.199999999999996,50.199999999999996,68.2,32.7,77.30000000000001,55.099999999999994,0.375,0.125,0.25,0.25
S30,1.5,0.5,1.0,1.0,75.00000000000001,1862.0,42.44839447,7.860711580013854,0.318378114,20.38534047447534,0.18518277730314012,1.7668512775672955,0.225,2.103879999999998,0.10694526303781596,4.89,4.2309,3.0526,4.283,2.8903,2.4152,2.1739,2.0823,74.3,80.0,60.0,51.4,70.0,63.99,0.375,0.125,0.25,0.25
S30,1.5,0.5,1.0,1.0,75.00000000000001,1862.0,42.44839447,7.860711580013854,0.318378114,20.38534047447534,0.18518277730314012,1.7668512775672955,0.225,2.103879999999998,0.10694526303781596,4.89,4.2309,3.0526,4.283,2.8903,2.4152,2.1739,2.0823,74.2,61.8,69.1,68.7,63.3,68.945,0.375,0.125,0.25,0.25
S30,1.5,0.5,1.0,1.0,75.00000000000001,1862.0,42.44839447,7.860711580013854,0.318378114,20.38534047447534,0.18518277730314012,1.7668512775672955,0.225,2.103879999999998,0.10694526303781596,4.89,4.2309,3.0526,4.283,2.8903,2.4152,2.1739,2.0823,64.1,62.199999999999996,73.7,56.6,64.5,64.1,0.375,0.125,0.25,0.25
