sample_code,target,model,feature_set,y_true,y_pred,abs_error,signed_error
S1,appearance,ridge,chemistry_a,72.06,72.7713569882024,0.7113569882023967,0.7113569882023967
S10,appearance,ridge,chemistry_a,67.825,77.0421765610325,9.217176561032502,9.217176561032502
S11,appearance,ridge,chemistry_a,70.955,70.66570983278761,0.28929016721238554,-0.28929016721238554
S12,appearance,ridge,chemistry_a,80.85,73.00796882600483,7.842031173995167,-7.842031173995167
S13,appearance,ridge,chemistry_a,75.295,71.12979093367747,4.165209066322532,-4.165209066322532
S14,appearance,ridge,chemistry_a,75.72,76.37113021598606,0.6511302159860577,0.6511302159860577
S15,appearance,ridge,chemistry_a,85.19,74.23273653800689,10.957263461993108,-10.957263461993108
S16,appearance,ridge,chemistry_a,85.025,82.8221934697329,2.202806530267111,-2.202806530267111
S17,appearance,ridge,chemistry_a,73.535,72.77298234807635,0.7620176519236423,-0.7620176519236423
S18,appearance,ridge,chemistry_a,77.475,78.18629490948676,0.7112949094867673,0.7112949094867673
S19,appearance,ridge,chemistry_a,80.74,76.58588745463956,4.154112545360434,-4.154112545360434
S2,appearance,ridge,chemistry_a,70.51,68.09322021323214,2.4167797867678615,-2.4167797867678615
S20,appearance,ridge,chemistry_a,82.95,80.93762168843152,2.012378311568483,-2.012378311568483
S21,appearance,ridge,chemistry_a,75.26,82.84424110336774,7.584241103367731,7.584241103367731
S22,appearance,ridge,chemistry_a,75.89500000000001,83.829131056586,7.934131056585983,7.934131056585983
S23,appearance,ridge,chemistry_a,80.155,84.95833623077525,4.803336230775244,4.803336230775244
S24,appearance,ridge,chemistry_a,85.22,76.80481886419746,8.415181135802541,-8.415181135802541
S25,appearance,ridge,chemistry_a,67.59,75.79343708202143,8.203437082021424,8.203437082021424
S26,appearance,ridge,chemistry_a,69.42,66.34798936490492,3.072010635095083,-3.072010635095083
S27,appearance,ridge,chemistry_a,68.405,69.24758984701795,0.8425898470179476,0.8425898470179476
S28,appearance,ridge,chemistry_a,70.8865,72.43590494860162,1.5494049486016195,1.5494049486016195
S29,appearance,ridge,chemistry_a,72.58,65.58990710122092,6.990092898779082,-6.990092898779082
S3,appearance,ridge,chemistry_a,76.465,77.56426865159122,1.099268651591217,1.099268651591217
S30,appearance,ridge,chemistry_a,72.74117647058823,70.63218356486959,2.1089929057186367,-2.1089929057186367
S4,appearance,ridge,chemistry_a,71.7215,79.50834044463068,7.78684044463067,7.78684044463067
S5,appearance,ridge,chemistry_a,74.88,78.50800216227134,3.6280021622713434,3.6280021622713434
S6,appearance,ridge,chemistry_a,71.825,75.55011921084993,3.7251192108499254,3.7251192108499254
S7,appearance,ridge,chemistry_a,77.5625,73.91714875092866,3.6453512490713393,-3.6453512490713393
S8,appearance,ridge,chemistry_a,76.675,60.41635629845225,16.258643701547747,-16.258643701547747
S9,appearance,ridge,chemistry_a,77.795,79.50560233160408,1.710602331604079,1.710602331604079
S1,appearance,pls,chemistry_a,72.06,72.89118482870181,0.831184828701808,0.831184828701808
S10,appearance,pls,chemistry_a,67.825,74.50470845620205,6.67970845620205,6.67970845620205
S11,appearance,pls,chemistry_a,70.955,70.58467836190403,0.37032163809597307,-0.37032163809597307
S12,appearance,pls,chemistry_a,80.85,75.60335430595158,5.246645694048411,-5.246645694048411
S13,appearance,pls,chemistry_a,75.295,74.89655209717628,0.3984479028237189,-0.3984479028237189
S14,appearance,pls,chemistry_a,75.72,77.04302956333261,1.3230295633326108,1.3230295633326108
S15,appearance,pls,chemistry_a,85.19,76.95507638862206,8.234923611377937,-8.234923611377937
S16,appearance,pls,chemistry_a,85.025,82.59590396619257,2.42909603380744,-2.42909603380744
S17,appearance,pls,chemistry_a,73.535,75.19952231807892,1.664522318078923,1.664522318078923
S18,appearance,pls,chemistry_a,77.475,77.48739757312936,0.012397573129362627,0.012397573129362627
S19,appearance,pls,chemistry_a,80.74,76.34356101313227,4.396438986867722,-4.396438986867722
S2,appearance,pls,chemistry_a,70.51,70.43014579875168,0.07985420124832388,-0.07985420124832388
S20,appearance,pls,chemistry_a,82.95,80.49195461958878,2.458045380411221,-2.458045380411221
S21,appearance,pls,chemistry_a,75.26,82.384015473717,7.1240154737169945,7.1240154737169945
S22,appearance,pls,chemistry_a,75.89500000000001,82.3696980905598,6.474698090559784,6.474698090559784
S23,appearance,pls,chemistry_a,80.155,81.51492149516527,1.359921495165267,1.359921495165267
S24,appearance,pls,chemistry_a,85.22,76.63682235864762,8.583177641352378,-8.583177641352378
S25,appearance,pls,chemistry_a,67.59,75.31153281465612,7.721532814656115,7.721532814656115
S26,appearance,pls,chemistry_a,69.42,67.24278370593768,2.177216294062319,-2.177216294062319
S27,appearance,pls,chemistry_a,68.405,68.90155304716309,0.4965530471630899,0.4965530471630899
S28,appearance,pls,chemistry_a,70.8865,71.23219836181913,0.3456983618191316,0.3456983618191316
S29,appearance,pls,chemistry_a,72.58,71.54857122839505,1.0314287716049506,-1.0314287716049506
S3,appearance,pls,chemistry_a,76.465,80.28051807598604,3.8155180759860343,3.8155180759860343
S30,appearance,pls,chemistry_a,72.74117647058823,71.75687426356978,0.9843022070184446,-0.9843022070184446
S4,appearance,pls,chemistry_a,71.7215,75.25898460505739,3.5374846050573865,3.5374846050573865
S5,appearance,pls,chemistry_a,74.88,77.8033638708334,2.9233638708333984,2.9233638708333984
S6,appearance,pls,chemistry_a,71.825,72.27397467074826,0.4489746707482567,0.4489746707482567
S7,appearance,pls,chemistry_a,77.5625,73.16393340020296,4.398566599797036,-4.398566599797036
S8,appearance,pls,chemistry_a,76.675,71.73813799474758,4.936862005252422,-4.936862005252422
S9,appearance,pls,chemistry_a,77.795,79.27089904106997,1.4758990410699653,1.4758990410699653
S1,appearance,gpr,chemistry_a,72.06,74.42294869493534,2.3629486949353407,2.3629486949353407
S10,appearance,gpr,chemistry_a,67.825,75.33855509897836,7.513555098978358,7.513555098978358
S11,appearance,gpr,chemistry_a,70.955,71.0631437698296,0.10814376982959573,0.10814376982959573
S12,appearance,gpr,chemistry_a,80.85,75.41328477684098,5.436715223159013,-5.436715223159013
S13,appearance,gpr,chemistry_a,75.295,73.74392309906031,1.551076900939691,-1.551076900939691
S14,appearance,gpr,chemistry_a,75.72,77.80465620709317,2.0846562070931753,2.0846562070931753
S15,appearance,gpr,chemistry_a,85.19,77.03228307803974,8.157716921960258,-8.157716921960258
S16,appearance,gpr,chemistry_a,85.025,78.78796628330363,6.237033716696374,-6.237033716696374
S17,appearance,gpr,chemistry_a,73.535,74.67399382296273,1.1389938229627319,1.1389938229627319
S18,appearance,gpr,chemistry_a,77.475,77.78385376023972,0.3088537602397281,0.3088537602397281
S19,appearance,gpr,chemistry_a,80.74,75.65324301327065,5.086756986729341,-5.086756986729341
S2,appearance,gpr,chemistry_a,70.51,72.43718080977587,1.9271808097758623,1.9271808097758623
S20,appearance,gpr,chemistry_a,82.95,78.35973945784569,4.5902605421543115,-4.5902605421543115
S21,appearance,gpr,chemistry_a,75.26,79.32450876943737,4.064508769437367,4.064508769437367
S22,appearance,gpr,chemistry_a,75.89500000000001,81.63470861165204,5.739708611652034,5.739708611652034
S23,appearance,gpr,chemistry_a,80.155,78.97726909498876,1.177730905011245,-1.177730905011245
S24,appearance,gpr,chemistry_a,85.22,76.82103993530072,8.398960064699281,-8.398960064699281
S25,appearance,gpr,chemistry_a,67.59,74.86682835984575,7.2768283598457515,7.2768283598457515
S26,appearance,gpr,chemistry_a,69.42,68.38654210638137,1.0334578936186318,-1.0334578936186318
S27,appearance,gpr,chemistry_a,68.405,72.3755723231935,3.970572323193494,3.970572323193494
S28,appearance,gpr,chemistry_a,70.8865,72.64197691042565,1.7554769104256565,1.7554769104256565
S29,appearance,gpr,chemistry_a,72.58,72.26332227981382,0.3166777201861777,-0.3166777201861777
S3,appearance,gpr,chemistry_a,76.465,77.29230647849622,0.8273064784962116,0.8273064784962116
S30,appearance,gpr,chemistry_a,72.74117647058823,72.03882498469605,0.70235148589218,-0.70235148589218
S4,appearance,gpr,chemistry_a,71.7215,75.48061925472979,3.7591192547297823,3.7591192547297823
S5,appearance,gpr,chemistry_a,74.88,77.04930468301907,2.169304683019078,2.169304683019078
S6,appearance,gpr,chemistry_a,71.825,73.32108064126244,1.496080641262438,1.496080641262438
S7,appearance,gpr,chemistry_a,77.5625,72.5089827197203,5.053517280279706,-5.053517280279706
S8,appearance,gpr,chemistry_a,76.675,71.9881061861984,4.686893813801603,-4.686893813801603
S9,appearance,gpr,chemistry_a,77.795,78.0016114660575,0.20661146605749536,0.20661146605749536
S1,appearance,random_forest,chemistry_a,72.06,73.5951036149441,1.5351036149440915,1.5351036149440915
S10,appearance,random_forest,chemistry_a,67.825,76.1228624284976,8.297862428497595,8.297862428497595
S11,appearance,random_forest,chemistry_a,70.955,72.23356330469937,1.2785633046993752,1.2785633046993752
S12,appearance,random_forest,chemistry_a,80.85,71.49825313156096,9.351746868439037,-9.351746868439037
S13,appearance,random_forest,chemistry_a,75.295,73.76279341441061,1.5322065855893925,-1.5322065855893925
S14,appearance,random_forest,chemistry_a,75.72,78.72625878416035,3.0062587841603516,3.0062587841603516
S15,appearance,random_forest,chemistry_a,85.19,76.76470520653689,8.42529479346311,-8.42529479346311
S16,appearance,random_forest,chemistry_a,85.025,80.32684115110013,4.69815884889988,-4.69815884889988
S17,appearance,random_forest,chemistry_a,73.535,73.5207647689767,0.014235231023292272,-0.014235231023292272
S18,appearance,random_forest,chemistry_a,77.475,75.36980445104419,2.1051955489558054,-2.1051955489558054
S19,appearance,random_forest,chemistry_a,80.74,76.27232507818647,4.467674921813526,-4.467674921813526
S2,appearance,random_forest,chemistry_a,70.51,78.76408619326405,8.254086193264044,8.254086193264044
S20,appearance,random_forest,chemistry_a,82.95,76.78587059591933,6.1641294040806685,-6.1641294040806685
S21,appearance,random_forest,chemistry_a,75.26,83.33414133912736,8.074141339127351,8.074141339127351
S22,appearance,random_forest,chemistry_a,75.89500000000001,77.09315454445917,1.1981545444591575,1.1981545444591575
S23,appearance,random_forest,chemistry_a,80.155,76.69510287815767,3.4598971218423316,-3.4598971218423316
S24,appearance,random_forest,chemistry_a,85.22,78.41901320906207,6.800986790937927,-6.800986790937927
S25,appearance,random_forest,chemistry_a,67.59,73.68449383153778,6.0944938315377755,6.0944938315377755
S26,appearance,random_forest,chemistry_a,69.42,70.15482114430668,0.7348211443066788,0.7348211443066788
S27,appearance,random_forest,chemistry_a,68.405,74.42050939685086,6.0155093968508595,6.0155093968508595
S28,appearance,random_forest,chemistry_a,70.8865,74.25812593067552,3.3716259306755205,3.3716259306755205
S29,appearance,random_forest,chemistry_a,72.58,72.821617336202,0.24161733620199755,0.24161733620199755
S3,appearance,random_forest,chemistry_a,76.465,78.31241278419385,1.8474127841938497,1.8474127841938497
S30,appearance,random_forest,chemistry_a,72.74117647058823,72.77080847328313,0.029632002694896187,0.029632002694896187
S4,appearance,random_forest,chemistry_a,71.7215,74.65244894759932,2.930948947599319,2.930948947599319
S5,appearance,random_forest,chemistry_a,74.88,77.42743364946435,2.5474336494643524,2.5474336494643524
S6,appearance,random_forest,chemistry_a,71.825,74.6830706671449,2.8580706671449008,2.8580706671449008
S7,appearance,random_forest,chemistry_a,77.5625,70.84816669468276,6.71433330531724,-6.71433330531724
S8,appearance,random_forest,chemistry_a,76.675,72.97279444042996,3.7022055595700323,-3.7022055595700323
S9,appearance,random_forest,chemistry_a,77.795,80.84651567090171,3.0515156709017077,3.0515156709017077
S1,appearance,xgboost,chemistry_a,72.06,74.03099822998047,1.9709982299804665,1.9709982299804665
S10,appearance,xgboost,chemistry_a,67.825,76.92352294921875,9.098522949218747,9.098522949218747
S11,appearance,xgboost,chemistry_a,70.955,72.80706787109375,1.8520678710937517,1.8520678710937517
S12,appearance,xgboost,chemistry_a,80.85,72.92633819580078,7.923661804199213,-7.923661804199213
S13,appearance,xgboost,chemistry_a,75.295,74.54439544677734,0.750604553222658,-0.750604553222658
S14,appearance,xgboost,chemistry_a,75.72,78.35850524902344,2.6385052490234386,2.6385052490234386
S15,appearance,xgboost,chemistry_a,85.19,77.71408081054688,7.475919189453123,-7.475919189453123
S16,appearance,xgboost,chemistry_a,85.025,80.78755950927734,4.237440490722662,-4.237440490722662
S17,appearance,xgboost,chemistry_a,73.535,74.06717681884766,0.5321768188476597,0.5321768188476597
S18,appearance,xgboost,chemistry_a,77.475,76.22575378417969,1.2492462158203068,-1.2492462158203068
S19,appearance,xgboost,chemistry_a,80.74,73.97006225585938,6.76993774414062,-6.76993774414062
S2,appearance,xgboost,chemistry_a,70.51,76.94248962402344,6.432489624023432,6.432489624023432
S20,appearance,xgboost,chemistry_a,82.95,77.70812225341797,5.241877746582034,-5.241877746582034
S21,appearance,xgboost,chemistry_a,75.26,84.11373138427734,8.853731384277339,8.853731384277339
S22,appearance,xgboost,chemistry_a,75.89500000000001,76.61217498779297,0.7171749877929585,0.7171749877929585
S23,appearance,xgboost,chemistry_a,80.155,75.672119140625,4.482880859375001,-4.482880859375001
S24,appearance,xgboost,chemistry_a,85.22,76.65233612060547,8.56766387939453,-8.56766387939453
S25,appearance,xgboost,chemistry_a,67.59,74.27449035644531,6.684490356445309,6.684490356445309
S26,appearance,xgboost,chemistry_a,69.42,70.81349182128906,1.3934918212890608,1.3934918212890608
S27,appearance,xgboost,chemistry_a,68.405,73.55035400390625,5.145354003906249,5.145354003906249
S28,appearance,xgboost,chemistry_a,70.8865,74.2278823852539,3.341382385253908,3.341382385253908
S29,appearance,xgboost,chemistry_a,72.58,73.58340454101562,1.0034045410156267,1.0034045410156267
S3,appearance,xgboost,chemistry_a,76.465,78.30724334716797,1.8422433471679653,1.8422433471679653
S30,appearance,xgboost,chemistry_a,72.74117647058823,72.76287078857422,0.021694317985989642,0.021694317985989642
S4,appearance,xgboost,chemistry_a,71.7215,75.93828582763672,4.216785827636713,4.216785827636713
S5,appearance,xgboost,chemistry_a,74.88,75.3020248413086,0.4220248413085983,0.4220248413085983
S6,appearance,xgboost,chemistry_a,71.825,74.17300415039062,2.348004150390622,2.348004150390622
S7,appearance,xgboost,chemistry_a,77.5625,71.6821060180664,5.880393981933594,-5.880393981933594
S8,appearance,xgboost,chemistry_a,76.675,72.75009155273438,3.924908447265622,-3.924908447265622
S9,appearance,xgboost,chemistry_a,77.795,78.3897705078125,0.5947705078124983,0.5947705078124983
S1,appearance,catboost,chemistry_a,72.06,74.52434654532144,2.4643465453214333,2.4643465453214333
S10,appearance,catboost,chemistry_a,67.825,77.78492756312885,9.959927563128844,9.959927563128844
S11,appearance,catboost,chemistry_a,70.955,73.66551802638561,2.710518026385614,2.710518026385614
S12,appearance,catboost,chemistry_a,80.85,73.64893677110928,7.2010632288907175,-7.2010632288907175
S13,appearance,catboost,chemistry_a,75.295,74.20751865784798,1.0874813421520173,-1.0874813421520173
S14,appearance,catboost,chemistry_a,75.72,77.06903760511723,1.349037605117232,1.349037605117232
S15,appearance,catboost,chemistry_a,85.19,77.24839314257738,7.941606857422613,-7.941606857422613
S16,appearance,catboost,chemistry_a,85.025,78.51490991375618,6.510090086243821,-6.510090086243821
S17,appearance,catboost,chemistry_a,73.535,74.76779284143302,1.2327928414330245,1.2327928414330245
S18,appearance,catboost,chemistry_a,77.475,77.56374968045287,0.08874968045287801,0.08874968045287801
S19,appearance,catboost,chemistry_a,80.74,73.10412555085753,7.635874449142463,-7.635874449142463
S2,appearance,catboost,chemistry_a,70.51,76.86028490635779,6.3502849063577855,6.3502849063577855
S20,appearance,catboost,chemistry_a,82.95,77.57950468222776,5.370495317772239,-5.370495317772239
S21,appearance,catboost,chemistry_a,75.26,80.34013533789161,5.080135337891605,5.080135337891605
S22,appearance,catboost,chemistry_a,75.89500000000001,78.01400633714647,2.119006337146459,2.119006337146459
S23,appearance,catboost,chemistry_a,80.155,75.72874678948122,4.42625321051878,-4.42625321051878
S24,appearance,catboost,chemistry_a,85.22,75.84984434166128,9.370155658338717,-9.370155658338717
S25,appearance,catboost,chemistry_a,67.59,74.26837608093783,6.678376080937824,6.678376080937824
S26,appearance,catboost,chemistry_a,69.42,69.85084396612046,0.43084396612046305,0.43084396612046305
S27,appearance,catboost,chemistry_a,68.405,72.51818874516692,4.113188745166923,4.113188745166923
S28,appearance,catboost,chemistry_a,70.8865,73.81884191338526,2.932341913385258,2.932341913385258
S29,appearance,catboost,chemistry_a,72.58,73.94682651347783,1.3668265134778323,1.3668265134778323
S3,appearance,catboost,chemistry_a,76.465,78.64869291527722,2.18369291527722,2.18369291527722
S30,appearance,catboost,chemistry_a,72.74117647058823,73.33282752288254,0.5916510522943099,0.5916510522943099
S4,appearance,catboost,chemistry_a,71.7215,75.8422906726415,4.1207906726414905,4.1207906726414905
S5,appearance,catboost,chemistry_a,74.88,77.04318193498732,2.163181934987321,2.163181934987321
S6,appearance,catboost,chemistry_a,71.825,74.53441211713343,2.709412117133425,2.709412117133425
S7,appearance,catboost,chemistry_a,77.5625,72.92697302280689,4.635526977193109,-4.635526977193109
S8,appearance,catboost,chemistry_a,76.675,73.30899576503882,3.3660042349611814,-3.3660042349611814
S9,appearance,catboost,chemistry_a,77.795,77.79313148676493,0.001868513235066871,-0.001868513235066871
S1,appearance,ridge,chemistry_b,72.06,73.51471067358693,1.4547106735869306,1.4547106735869306
S10,appearance,ridge,chemistry_b,67.825,78.08515455592094,10.260154555920934,10.260154555920934
S11,appearance,ridge,chemistry_b,70.955,71.30531948591309,0.35031948591309003,0.35031948591309003
S12,appearance,ridge,chemistry_b,80.85,74.30316818903584,6.54683181096415,-6.54683181096415
S13,appearance,ridge,chemistry_b,75.295,76.57642249178684,1.2814224917868415,1.2814224917868415
S14,appearance,ridge,chemistry_b,75.72,75.6514215892096,0.06857841079039417,-0.06857841079039417
S15,appearance,ridge,chemistry_b,85.19,75.26380093403324,9.926199065966756,-9.926199065966756
S16,appearance,ridge,chemistry_b,85.025,78.83750690625895,6.187493093741054,-6.187493093741054
S17,appearance,ridge,chemistry_b,73.535,69.56987459949487,3.96512540050513,-3.96512540050513
S18,appearance,ridge,chemistry_b,77.475,79.41375068661982,1.9387506866198265,1.9387506866198265
S19,appearance,ridge,chemistry_b,80.74,78.30137091820848,2.438629081791518,-2.438629081791518
S2,appearance,ridge,chemistry_b,70.51,67.78324318537376,2.726756814626242,-2.726756814626242
S20,appearance,ridge,chemistry_b,82.95,81.8676869128871,1.082313087112908,-1.082313087112908
S21,appearance,ridge,chemistry_b,75.26,83.17690709376669,7.916907093766682,7.916907093766682
S22,appearance,ridge,chemistry_b,75.89500000000001,83.29017571308296,7.395175713082949,7.395175713082949
S23,appearance,ridge,chemistry_b,80.155,84.73134188004043,4.576341880040431,4.576341880040431
S24,appearance,ridge,chemistry_b,85.22,73.29639238681315,11.923607613186846,-11.923607613186846
S25,appearance,ridge,chemistry_b,67.59,75.38363859804358,7.793638598043572,7.793638598043572
S26,appearance,ridge,chemistry_b,69.42,66.75199938273019,2.6680006172698114,-2.6680006172698114
S27,appearance,ridge,chemistry_b,68.405,66.1034193583915,2.3015806416084956,-2.3015806416084956
S28,appearance,ridge,chemistry_b,70.8865,73.8403496124303,2.9538496124303038,2.9538496124303038
S29,appearance,ridge,chemistry_b,72.58,66.62383803520282,5.956161964797175,-5.956161964797175
S3,appearance,ridge,chemistry_b,76.465,71.36762805569421,5.097371944305792,-5.097371944305792
S30,appearance,ridge,chemistry_b,72.74117647058823,66.64085062219024,6.100325848397986,-6.100325848397986
S4,appearance,ridge,chemistry_b,71.7215,85.13563440970226,13.414134409702257,13.414134409702257
S5,appearance,ridge,chemistry_b,74.88,80.18471440742647,5.304714407426474,5.304714407426474
S6,appearance,ridge,chemistry_b,71.825,75.7801988849346,3.955198884934603,3.955198884934603
S7,appearance,ridge,chemistry_b,77.5625,72.59503684052108,4.967463159478925,-4.967463159478925
S8,appearance,ridge,chemistry_b,76.675,56.08156182532067,20.593438174679328,-20.593438174679328
S9,appearance,ridge,chemistry_b,77.795,84.90272755704805,7.107727557048051,7.107727557048051
S1,appearance,pls,chemistry_b,72.06,72.4542216730891,0.39422167308909195,0.39422167308909195
S10,appearance,pls,chemistry_b,67.825,73.9677113464527,6.1427113464527,6.1427113464527
S11,appearance,pls,chemistry_b,70.955,70.5133756700462,0.44162432995379675,-0.44162432995379675
S12,appearance,pls,chemistry_b,80.85,76.08632806157581,4.7636719384241815,-4.7636719384241815
S13,appearance,pls,chemistry_b,75.295,74.97930888230499,0.31569111769501035,-0.31569111769501035
S14,appearance,pls,chemistry_b,75.72,77.92155900760311,2.201559007603109,2.201559007603109
S15,appearance,pls,chemistry_b,85.19,76.83368348601418,8.356316513985817,-8.356316513985817
S16,appearance,pls,chemistry_b,85.025,82.13901162978071,2.8859883702192946,-2.8859883702192946
S17,appearance,pls,chemistry_b,73.535,73.85230873069659,0.3173087306965954,0.3173087306965954
S18,appearance,pls,chemistry_b,77.475,77.14838809396639,0.32661190603360524,-0.32661190603360524
S19,appearance,pls,chemistry_b,80.74,76.27260756773371,4.46739243226628,-4.46739243226628
S2,appearance,pls,chemistry_b,70.51,69.40923867632827,1.1007613236717333,-1.1007613236717333
S20,appearance,pls,chemistry_b,82.95,78.87778641787826,4.072213582121748,-4.072213582121748
S21,appearance,pls,chemistry_b,75.26,82.08784522397966,6.827845223979651,6.827845223979651
S22,appearance,pls,chemistry_b,75.89500000000001,82.39057254448315,6.495572544483139,6.495572544483139
S23,appearance,pls,chemistry_b,80.155,80.81317710699436,0.6581771069943585,0.6581771069943585
S24,appearance,pls,chemistry_b,85.22,77.11443838604922,8.105561613950783,-8.105561613950783
S25,appearance,pls,chemistry_b,67.59,75.06245864545804,7.472458645458033,7.472458645458033
S26,appearance,pls,chemistry_b,69.42,67.35122138170809,2.0687786182919154,-2.0687786182919154
S27,appearance,pls,chemistry_b,68.405,69.99808781348997,1.5930878134899729,1.5930878134899729
S28,appearance,pls,chemistry_b,70.8865,72.5226525867959,1.6361525867959017,1.6361525867959017
S29,appearance,pls,chemistry_b,72.58,71.73898081434392,0.84101918565608,-0.84101918565608
S3,appearance,pls,chemistry_b,76.465,81.16397286141247,4.6989728614124715,4.6989728614124715
S30,appearance,pls,chemistry_b,72.74117647058823,72.32911932645762,0.412057144130614,-0.412057144130614
S4,appearance,pls,chemistry_b,71.7215,75.97543214913426,4.253932149134258,4.253932149134258
S5,appearance,pls,chemistry_b,74.88,78.76916691120891,3.8891669112089176,3.8891669112089176
S6,appearance,pls,chemistry_b,71.825,71.86781189241182,0.042811892411819485,0.042811892411819485
S7,appearance,pls,chemistry_b,77.5625,72.6513360510161,4.911163948983898,-4.911163948983898
S8,appearance,pls,chemistry_b,76.675,72.13537565032442,4.539624349675577,-4.539624349675577
S9,appearance,pls,chemistry_b,77.795,81.39623654451543,3.60123654451543,3.60123654451543
S1,appearance,gpr,chemistry_b,72.06,74.26028504243227,2.20028504243227,2.20028504243227
S10,appearance,gpr,chemistry_b,67.825,75.43788680950843,7.612886809508424,7.612886809508424
S11,appearance,gpr,chemistry_b,70.955,71.06446923611838,0.10946923611838599,0.10946923611838599
S12,appearance,gpr,chemistry_b,80.85,75.38940832700955,5.4605916729904465,-5.4605916729904465
S13,appearance,gpr,chemistry_b,75.295,73.94501052624585,1.3499894737541496,-1.3499894737541496
S14,appearance,gpr,chemistry_b,75.72,78.93329005786639,3.213290057866388,3.213290057866388
S15,appearance,gpr,chemistry_b,85.19,76.98115790928276,8.20884209071724,-8.20884209071724
S16,appearance,gpr,chemistry_b,85.025,79.13086131348737,5.894138686512633,-5.894138686512633
S17,appearance,gpr,chemistry_b,73.535,74.12147622936044,0.5864762293604429,0.5864762293604429
S18,appearance,gpr,chemistry_b,77.475,78.27709406829574,0.8020940682957445,0.8020940682957445
S19,appearance,gpr,chemistry_b,80.74,76.28454523644125,4.455454763558748,-4.455454763558748
S2,appearance,gpr,chemistry_b,70.51,72.35812728806097,1.8481272880609652,1.8481272880609652
S20,appearance,gpr,chemistry_b,82.95,77.69189664333003,5.258103356669977,-5.258103356669977
S21,appearance,gpr,chemistry_b,75.26,79.64069649943048,4.380696499430471,4.380696499430471
S22,appearance,gpr,chemistry_b,75.89500000000001,79.77119543700859,3.876195437008576,3.876195437008576
S23,appearance,gpr,chemistry_b,80.155,78.95411290762749,1.2008870923725112,-1.2008870923725112
S24,appearance,gpr,chemistry_b,85.22,76.92182266638476,8.298177333615243,-8.298177333615243
S25,appearance,gpr,chemistry_b,67.59,74.36684442347543,6.776844423475424,6.776844423475424
S26,appearance,gpr,chemistry_b,69.42,68.2997758505514,1.1202241494486032,-1.1202241494486032
S27,appearance,gpr,chemistry_b,68.405,73.81014349206933,5.405143492069328,5.405143492069328
S28,appearance,gpr,chemistry_b,70.8865,73.39836006355941,2.5118600635594106,2.5118600635594106
S29,appearance,gpr,chemistry_b,72.58,72.34665010352573,0.23334989647426596,-0.23334989647426596
S3,appearance,gpr,chemistry_b,76.465,77.19610672674686,0.7311067267468587,0.7311067267468587
S30,appearance,gpr,chemistry_b,72.74117647058823,72.21555876205065,0.525617708537581,-0.525617708537581
S4,appearance,gpr,chemistry_b,71.7215,75.95448332646075,4.23298332646074,4.23298332646074
S5,appearance,gpr,chemistry_b,74.88,77.84113759630462,2.9611375963046243,2.9611375963046243
S6,appearance,gpr,chemistry_b,71.825,73.09411714437175,1.269117144371748,1.269117144371748
S7,appearance,gpr,chemistry_b,77.5625,72.37143730582665,5.191062694173354,-5.191062694173354
S8,appearance,gpr,chemistry_b,76.675,72.41019566640853,4.264804333591471,-4.264804333591471
S9,appearance,gpr,chemistry_b,77.795,78.90386375884466,1.108863758844663,1.108863758844663
S1,appearance,random_forest,chemistry_b,72.06,73.44645515633616,1.3864551563361545,1.3864551563361545
S10,appearance,random_forest,chemistry_b,67.825,77.3155201388103,9.490520138810297,9.490520138810297
S11,appearance,random_forest,chemistry_b,70.955,72.2368902360079,1.2818902360078965,1.2818902360078965
S12,appearance,random_forest,chemistry_b,80.85,71.77239537117984,9.077604628820154,-9.077604628820154
S13,appearance,random_forest,chemistry_b,75.295,73.99019993119717,1.3048000688028338,-1.3048000688028338
S14,appearance,random_forest,chemistry_b,75.72,79.25418103585233,3.5341810358523276,3.5341810358523276
S15,appearance,random_forest,chemistry_b,85.19,77.41412035415554,7.775879645844455,-7.775879645844455
S16,appearance,random_forest,chemistry_b,85.025,80.6670427376313,4.3579572623687,-4.3579572623687
S17,appearance,random_forest,chemistry_b,73.535,73.48268430079301,0.052315699206985755,-0.052315699206985755
S18,appearance,random_forest,chemistry_b,77.475,76.18597259984332,1.2890274001566695,-1.2890274001566695
S19,appearance,random_forest,chemistry_b,80.74,74.12851005169719,6.611489948302804,-6.611489948302804
S2,appearance,random_forest,chemistry_b,70.51,79.18170758039331,8.671707580393303,8.671707580393303
S20,appearance,random_forest,chemistry_b,82.95,75.94795501634343,7.002044983656575,-7.002044983656575
S21,appearance,random_forest,chemistry_b,75.26,82.8990299751008,7.639029975100797,7.639029975100797
S22,appearance,random_forest,chemistry_b,75.89500000000001,76.99460958108428,1.099609581084266,1.099609581084266
S23,appearance,random_forest,chemistry_b,80.155,76.98205304467386,3.1729469553261396,-3.1729469553261396
S24,appearance,random_forest,chemistry_b,85.22,78.24190155805042,6.978098441949584,-6.978098441949584
S25,appearance,random_forest,chemistry_b,67.59,73.63422551122713,6.0442255112271255,6.0442255112271255
S26,appearance,random_forest,chemistry_b,69.42,69.72302010663535,0.3030201066353442,0.3030201066353442
S27,appearance,random_forest,chemistry_b,68.405,74.50789107026671,6.102891070266708,6.102891070266708
S28,appearance,random_forest,chemistry_b,70.8865,74.24450743570993,3.3580074357099363,3.3580074357099363
S29,appearance,random_forest,chemistry_b,72.58,72.90847897802908,0.3284789780290822,0.3284789780290822
S3,appearance,random_forest,chemistry_b,76.465,77.50384642654447,1.0388464265444668,1.0388464265444668
S30,appearance,random_forest,chemistry_b,72.74117647058823,72.35995341708579,0.38122305350243835,-0.38122305350243835
S4,appearance,random_forest,chemistry_b,71.7215,74.827830855372,3.1063308553719935,3.1063308553719935
S5,appearance,random_forest,chemistry_b,74.88,79.63182255455929,4.751822554559297,4.751822554559297
S6,appearance,random_forest,chemistry_b,71.825,74.40585180748779,2.5808518074877895,2.5808518074877895
S7,appearance,random_forest,chemistry_b,77.5625,70.90402867249105,6.658471327508948,-6.658471327508948
S8,appearance,random_forest,chemistry_b,76.675,73.06980162481551,3.605198375184486,-3.605198375184486
S9,appearance,random_forest,chemistry_b,77.795,80.8595923522853,3.0645923522853025,3.0645923522853025
S1,appearance,xgboost,chemistry_b,72.06,73.39501190185547,1.3350119018554665,1.3350119018554665
S10,appearance,xgboost,chemistry_b,67.825,77.50963592529297,9.684635925292966,9.684635925292966
S11,appearance,xgboost,chemistry_b,70.955,72.78656768798828,1.831567687988283,1.831567687988283
S12,appearance,xgboost,chemistry_b,80.85,71.91980743408203,8.930192565917963,-8.930192565917963
S13,appearance,xgboost,chemistry_b,75.295,74.81841278076172,0.47658721923828296,-0.47658721923828296
S14,appearance,xgboost,chemistry_b,75.72,78.84942626953125,3.129426269531251,3.129426269531251
S15,appearance,xgboost,chemistry_b,85.19,78.16680908203125,7.023190917968748,-7.023190917968748
S16,appearance,xgboost,chemistry_b,85.025,80.91132354736328,4.113676452636724,-4.113676452636724
S17,appearance,xgboost,chemistry_b,73.535,72.74158477783203,0.7934152221679653,-0.7934152221679653
S18,appearance,xgboost,chemistry_b,77.475,76.52300262451172,0.9519973754882756,-0.9519973754882756
S19,appearance,xgboost,chemistry_b,80.74,72.8384780883789,7.901521911621089,-7.901521911621089
S2,appearance,xgboost,chemistry_b,70.51,78.28594207763672,7.775942077636714,7.775942077636714
S20,appearance,xgboost,chemistry_b,82.95,75.75518798828125,7.194812011718753,-7.194812011718753
S21,appearance,xgboost,chemistry_b,75.26,83.82971954345703,8.569719543457026,8.569719543457026
S22,appearance,xgboost,chemistry_b,75.89500000000001,76.78795623779297,0.8929562377929585,0.8929562377929585
S23,appearance,xgboost,chemistry_b,80.155,76.62432098388672,3.5306790161132824,-3.5306790161132824
S24,appearance,xgboost,chemistry_b,85.22,76.33390808105469,8.886091918945311,-8.886091918945311
S25,appearance,xgboost,chemistry_b,67.59,74.26397705078125,6.673977050781247,6.673977050781247
S26,appearance,xgboost,chemistry_b,69.42,70.8759536743164,1.4559536743164045,1.4559536743164045
S27,appearance,xgboost,chemistry_b,68.405,74.03832244873047,5.633322448730468,5.633322448730468
S28,appearance,xgboost,chemistry_b,70.8865,73.94983673095703,3.063336730957033,3.063336730957033
S29,appearance,xgboost,chemistry_b,72.58,73.16290283203125,0.5829028320312517,0.5829028320312517
S3,appearance,xgboost,chemistry_b,76.465,77.37876892089844,0.9137689208984341,0.9137689208984341
S30,appearance,xgboost,chemistry_b,72.74117647058823,72.6836929321289,0.05748353845932286,-0.05748353845932286
S4,appearance,xgboost,chemistry_b,71.7215,76.62556457519531,4.9040645751953065,4.9040645751953065
S5,appearance,xgboost,chemistry_b,74.88,77.7416000366211,2.8616000366210983,2.8616000366210983
S6,appearance,xgboost,chemistry_b,71.825,74.69652557373047,2.871525573730466,2.871525573730466
S7,appearance,xgboost,chemistry_b,77.5625,71.47212982177734,6.090370178222656,-6.090370178222656
S8,appearance,xgboost,chemistry_b,76.675,72.20846557617188,4.466534423828122,-4.466534423828122
S9,appearance,xgboost,chemistry_b,77.795,78.69336700439453,0.8983670043945295,0.8983670043945295
S1,appearance,catboost,chemistry_b,72.06,73.61416416983266,1.55416416983266,1.55416416983266
S10,appearance,catboost,chemistry_b,67.825,78.07846131673185,10.253461316731844,10.253461316731844
S11,appearance,catboost,chemistry_b,70.955,73.2170756277373,2.2620756277373033,2.2620756277373033
S12,appearance,catboost,chemistry_b,80.85,73.3585584270759,7.491441572924089,-7.491441572924089
S13,appearance,catboost,chemistry_b,75.295,75.1278231440917,0.1671768559082949,-0.1671768559082949
S14,appearance,catboost,chemistry_b,75.72,77.97421111760193,2.254211117601926,2.254211117601926
S15,appearance,catboost,chemistry_b,85.19,77.28952958302003,7.900470416979971,-7.900470416979971
S16,appearance,catboost,chemistry_b,85.025,79.29723779605595,5.727762203944053,-5.727762203944053
S17,appearance,catboost,chemistry_b,73.535,73.5952628102639,0.06026281026390734,0.06026281026390734
S18,appearance,catboost,chemistry_b,77.475,76.93742806600487,0.5375719339951246,-0.5375719339951246
S19,appearance,catboost,chemistry_b,80.74,74.73206995908895,6.007930040911049,-6.007930040911049
S2,appearance,catboost,chemistry_b,70.51,77.28975434885838,6.779754348858376,6.779754348858376
S20,appearance,catboost,chemistry_b,82.95,75.43987238088054,7.510127619119459,-7.510127619119459
S21,appearance,catboost,chemistry_b,75.26,81.63264167492873,6.37264167492873,6.37264167492873
S22,appearance,catboost,chemistry_b,75.89500000000001,77.84569835241135,1.9506983524113366,1.9506983524113366
S23,appearance,catboost,chemistry_b,80.155,75.78318522728827,4.37181477271173,-4.37181477271173
S24,appearance,catboost,chemistry_b,85.22,76.38502395132893,8.834976048671066,-8.834976048671066
S25,appearance,catboost,chemistry_b,67.59,74.69060749593808,7.100607495938078,7.100607495938078
S26,appearance,catboost,chemistry_b,69.42,69.69503247764285,0.27503247764285277,0.27503247764285277
S27,appearance,catboost,chemistry_b,68.405,73.3659169785687,4.960916978568704,4.960916978568704
S28,appearance,catboost,chemistry_b,70.8865,73.85029366613155,2.9637936661315507,2.9637936661315507
S29,appearance,catboost,chemistry_b,72.58,73.16893865590912,0.5889386559091179,0.5889386559091179
S3,appearance,catboost,chemistry_b,76.465,76.72448314055785,0.2594831405578475,0.2594831405578475
S30,appearance,catboost,chemistry_b,72.74117647058823,73.5716488297,0.8304723591117664,0.8304723591117664
S4,appearance,catboost,chemistry_b,71.7215,75.60183795760435,3.8803379576043397,3.8803379576043397
S5,appearance,catboost,chemistry_b,74.88,78.22363147074847,3.343631470748477,3.343631470748477
S6,appearance,catboost,chemistry_b,71.825,74.71083004646268,2.8858300464626723,2.8858300464626723
S7,appearance,catboost,chemistry_b,77.5625,72.80908011429918,4.753419885700822,-4.753419885700822
S8,appearance,catboost,chemistry_b,76.675,73.52294896374818,3.1520510362518195,-3.1520510362518195
S9,appearance,catboost,chemistry_b,77.795,78.15958754978739,0.3645875497873874,0.3645875497873874
S1,appearance,mean,baseline,72.06,75.5714211438475,3.5114211438474996,3.5114211438474996
S10,appearance,mean,baseline,67.825,75.71821490467939,7.8932149046793825,7.8932149046793825
S11,appearance,mean,baseline,70.955,75.60972270363952,4.654722703639521,4.654722703639521
S12,appearance,mean,baseline,80.85,75.2667417677643,5.583258232235693,-5.583258232235693
S13,appearance,mean,baseline,75.295,75.45928942807626,0.16428942807625901,0.16428942807625901
S14,appearance,mean,baseline,75.72,75.44455805892548,0.2754419410745186,-0.2754419410745186
S15,appearance,mean,baseline,85.19,75.11630849220104,10.073691507798955,-10.073691507798955
S16,appearance,mean,baseline,85.025,75.12202772963606,9.902972270363946,-9.902972270363946
S17,appearance,mean,baseline,73.535,75.52029462738302,1.985294627383027,1.985294627383027
S18,appearance,mean,baseline,77.475,75.38372616984402,2.09127383015597,-2.09127383015597
S19,appearance,mean,baseline,80.74,75.27055459272097,5.469445407279025,-5.469445407279025
S2,appearance,mean,baseline,70.51,75.62514731369151,5.115147313691509,5.115147313691509
S20,appearance,mean,baseline,82.95,75.19395147313692,7.756048526863083,-7.756048526863083
S21,appearance,mean,baseline,75.26,75.4605025996534,0.20050259965339023,0.20050259965339023
S22,appearance,mean,baseline,75.89500000000001,75.43849220103986,0.45650779896014626,-0.45650779896014626
S23,appearance,mean,baseline,80.155,75.29083188908146,4.864168110918541,-4.864168110918541
S24,appearance,mean,baseline,85.22,75.11526863084923,10.10473136915077,-10.10473136915077
S25,appearance,mean,baseline,67.59,75.72636048526863,8.136360485268625,8.136360485268625
S26,appearance,mean,baseline,69.42,75.66292894280762,6.242928942807623,6.242928942807623
S27,appearance,mean,baseline,68.405,75.6981109185442,7.293110918544201,7.293110918544201
S28,appearance,mean,baseline,70.8865,75.61209705372617,4.725597053726176,4.725597053726176
S29,appearance,mean,baseline,72.58,75.55339688041596,2.9733968804159616,2.9733968804159616
S3,appearance,mean,baseline,76.465,75.41873483535528,1.0462651646447227,-1.0462651646447227
S30,appearance,mean,baseline,72.74117647058823,75.53329310344829,2.7921166328600577,2.7921166328600577
S4,appearance,mean,baseline,71.7215,75.58315424610052,3.861654246100514,3.861654246100514
S5,appearance,mean,baseline,74.88,75.47367417677644,0.593674176776446,0.593674176776446
S6,appearance,mean,baseline,71.825,75.57956672443675,3.754566724436742,3.754566724436742
S7,appearance,mean,baseline,77.5625,75.38069324090122,2.1818067590987766,-2.1818067590987766
S8,appearance,mean,baseline,76.675,75.41145580589256,1.263544194107439,-1.263544194107439
S9,appearance,mean,baseline,77.795,75.37263431542462,2.4223656845753823,-2.4223656845753823
S1,appearance,nearest_chemistry,baseline,72.06,73.535,1.4749999999999943,1.4749999999999943
S10,appearance,nearest_chemistry,baseline,67.825,70.955,3.1299999999999955,3.1299999999999955
S11,appearance,nearest_chemistry,baseline,70.955,71.825,0.8700000000000045,0.8700000000000045
S12,appearance,nearest_chemistry,baseline,80.85,71.7215,9.128499999999988,-9.128499999999988
S13,appearance,nearest_chemistry,baseline,75.295,75.72,0.42499999999999716,0.42499999999999716
S14,appearance,nearest_chemistry,baseline,75.72,75.295,0.42499999999999716,-0.42499999999999716
S15,appearance,nearest_chemistry,baseline,85.19,75.72,9.469999999999999,-9.469999999999999
S16,appearance,nearest_chemistry,baseline,85.025,85.19,0.16499999999999204,0.16499999999999204
S17,appearance,nearest_chemistry,baseline,73.535,72.06,1.4749999999999943,-1.4749999999999943
S18,appearance,nearest_chemistry,baseline,77.475,82.95,5.4750000000000085,5.4750000000000085
S19,appearance,nearest_chemistry,baseline,80.74,75.72,5.019999999999996,-5.019999999999996
S2,appearance,nearest_chemistry,baseline,70.51,70.955,0.4449999999999932,0.4449999999999932
S20,appearance,nearest_chemistry,baseline,82.95,77.475,5.4750000000000085,-5.4750000000000085
S21,appearance,nearest_chemistry,baseline,75.26,77.475,2.214999999999989,2.214999999999989
S22,appearance,nearest_chemistry,baseline,75.89500000000001,77.475,1.579999999999984,1.579999999999984
S23,appearance,nearest_chemistry,baseline,80.155,82.95,2.7950000000000017,2.7950000000000017
S24,appearance,nearest_chemistry,baseline,85.22,77.475,7.7450000000000045,-7.7450000000000045
S25,appearance,nearest_chemistry,baseline,67.59,69.42,1.8299999999999983,1.8299999999999983
S26,appearance,nearest_chemistry,baseline,69.42,72.58,3.1599999999999966,3.1599999999999966
S27,appearance,nearest_chemistry,baseline,68.405,70.8865,2.481499999999997,2.481499999999997
S28,appearance,nearest_chemistry,baseline,70.8865,72.74117647058823,1.854676470588231,1.854676470588231
S29,appearance,nearest_chemistry,baseline,72.58,69.42,3.1599999999999966,-3.1599999999999966
S3,appearance,nearest_chemistry,baseline,76.465,80.74,4.2749999999999915,4.2749999999999915
S30,appearance,nearest_chemistry,baseline,72.74117647058823,70.8865,1.854676470588231,-1.854676470588231
S4,appearance,nearest_chemistry,baseline,71.7215,77.5625,5.840999999999994,5.840999999999994
S5,appearance,nearest_chemistry,baseline,74.88,72.06,2.819999999999993,-2.819999999999993
S6,appearance,nearest_chemistry,baseline,71.825,70.955,0.8700000000000045,-0.8700000000000045
S7,appearance,nearest_chemistry,baseline,77.5625,71.7215,5.840999999999994,-5.840999999999994
S8,appearance,nearest_chemistry,baseline,76.675,77.475,0.7999999999999972,0.7999999999999972
S9,appearance,nearest_chemistry,baseline,77.795,85.19,7.394999999999996,7.394999999999996
S1,infusion_color,ridge,chemistry_a,72.095,71.55337912184022,0.541620878159776,-0.541620878159776
S10,infusion_color,ridge,chemistry_a,62.45,71.77103662445803,9.321036624458031,9.321036624458031
S11,infusion_color,ridge,chemistry_a,64.55,68.7614578212333,4.211457821233296,4.211457821233296
S12,infusion_color,ridge,chemistry_a,79.33,67.02475033620847,12.305249663791528,-12.305249663791528
S13,infusion_color,ridge,chemistry_a,77.10499999999999,71.3869915038488,5.718008496151185,-5.718008496151185
S14,infusion_color,ridge,chemistry_a,73.885,75.31383086801618,1.4288308680161776,1.4288308680161776
S15,infusion_color,ridge,chemistry_a,85.39,72.00154533488164,13.38845466511836,-13.38845466511836
S16,infusion_color,ridge,chemistry_a,81.66499999999999,82.31576432828805,0.6507643282880622,0.6507643282880622
S17,infusion_color,ridge,chemistry_a,68.64,73.47022541141573,4.830225411415725,4.830225411415725
S18,infusion_color,ridge,chemistry_a,77.265,78.14160831279966,0.8766083127996609,0.8766083127996609
S19,infusion_color,ridge,chemistry_a,83.6775,76.1220059572382,7.555494042761794,-7.555494042761794
S2,infusion_color,ridge,chemistry_a,72.58,65.82807452348463,6.751925476515368,-6.751925476515368
S20,infusion_color,ridge,chemistry_a,84.67999999999999,79.98424947442706,4.695750525572933,-4.695750525572933
S21,infusion_color,ridge,chemistry_a,78.5,83.45836549577601,4.9583654957760075,4.9583654957760075
S22,infusion_color,ridge,chemistry_a,76.53,86.12126085562527,9.591260855625265,9.591260855625265
S23,infusion_color,ridge,chemistry_a,81.41,88.0483438942751,6.63834389427511,6.63834389427511
S24,infusion_color,ridge,chemistry_a,82.41499999999999,80.40300433147337,2.011995668526623,-2.011995668526623
S25,infusion_color,ridge,chemistry_a,66.675,76.30783184457178,9.632831844571783,9.632831844571783
S26,infusion_color,ridge,chemistry_a,67.715,63.44611521793248,4.2688847820675235,-4.2688847820675235
S27,infusion_color,ridge,chemistry_a,68.235,71.61949487163587,3.384494871635866,3.384494871635866
S28,infusion_color,ridge,chemistry_a,69.65395,70.24276800040478,0.5888180004047854,0.5888180004047854
S29,infusion_color,ridge,chemistry_a,71.84,63.31718597459458,8.522814025405424,-8.522814025405424
S3,infusion_color,ridge,chemistry_a,79.015,86.65627957698571,7.64127957698571,7.64127957698571
S30,infusion_color,ridge,chemistry_a,67.5529411764706,67.52088517599176,0.03205600047883195,-0.03205600047883195
S4,infusion_color,ridge,chemistry_a,70.84,78.71666260059217,7.876662600592169,7.876662600592169
S5,infusion_color,ridge,chemistry_a,74.4555,77.74928333606162,3.2937833360616224,3.2937833360616224
S6,infusion_color,ridge,chemistry_a,69.005,74.95616386297483,5.951163862974838,5.951163862974838
S7,infusion_color,ridge,chemistry_a,79.285,73.7374107159992,5.547589284000793,-5.547589284000793
S8,infusion_color,ridge,chemistry_a,78.565,58.03171368610428,20.533286313895715,-20.533286313895715
S9,infusion_color,ridge,chemistry_a,75.34,71.87928710309352,3.460712896906486,-3.460712896906486
S1,infusion_color,pls,chemistry_a,72.095,71.12036513695402,0.9746348630459778,-0.9746348630459778
S10,infusion_color,pls,chemistry_a,62.45,70.04966689167254,7.599666891672541,7.599666891672541
S11,infusion_color,pls,chemistry_a,64.55,69.1173804670023,4.567380467002309,4.567380467002309
S12,infusion_color,pls,chemistry_a,79.33,72.91376923719085,6.41623076280915,-6.41623076280915
S13,infusion_color,pls,chemistry_a,77.10499999999999,73.80278324966453,3.302216750335461,-3.302216750335461
S14,infusion_color,pls,chemistry_a,73.885,76.41438802094491,2.529388020944907,2.529388020944907
S15,infusion_color,pls,chemistry_a,85.39,73.28805986423318,12.101940135766824,-12.101940135766824
S16,infusion_color,pls,chemistry_a,81.66499999999999,80.02919357298472,1.6358064270152681,-1.6358064270152681
S17,infusion_color,pls,chemistry_a,68.64,74.07566340890021,5.435663408900211,5.435663408900211
S18,infusion_color,pls,chemistry_a,77.265,77.70589909735779,0.44089909735778576,0.44089909735778576
S19,infusion_color,pls,chemistry_a,83.6775,76.34272372333069,7.334776276669302,-7.334776276669302
S2,infusion_color,pls,chemistry_a,72.58,68.95317539365212,3.6268246063478813,-3.6268246063478813
S20,infusion_color,pls,chemistry_a,84.67999999999999,80.99808764498316,3.6819123550168342,-3.6819123550168342
S21,infusion_color,pls,chemistry_a,78.5,82.98971007648808,4.48971007648808,4.48971007648808
S22,infusion_color,pls,chemistry_a,76.53,84.68658421895616,8.156584218956155,8.156584218956155
S23,infusion_color,pls,chemistry_a,81.41,84.0736348858416,2.663634885841603,2.663634885841603
S24,infusion_color,pls,chemistry_a,82.41499999999999,78.88154830107081,3.533451698929184,-3.533451698929184
S25,infusion_color,pls,chemistry_a,66.675,74.64301263849389,7.968012638493889,7.968012638493889
S26,infusion_color,pls,chemistry_a,67.715,64.10908683138857,3.605913168611437,-3.605913168611437
S27,infusion_color,pls,chemistry_a,68.235,68.8956335644925,0.6606335644924997,0.6606335644924997
S28,infusion_color,pls,chemistry_a,69.65395,70.41386606340073,0.7599160634007376,0.7599160634007376
S29,infusion_color,pls,chemistry_a,71.84,70.31860731004053,1.5213926899594696,-1.5213926899594696
S3,infusion_color,pls,chemistry_a,79.015,83.84158002949235,4.826580029492348,4.826580029492348
S30,infusion_color,pls,chemistry_a,67.5529411764706,70.15822675014125,2.605285573670656,2.605285573670656
S4,infusion_color,pls,chemistry_a,70.84,74.13078266034657,3.290782660346565,3.290782660346565
S5,infusion_color,pls,chemistry_a,74.4555,76.11011545486026,1.654615454860263,1.654615454860263
S6,infusion_color,pls,chemistry_a,69.005,71.47165106089508,2.4666510608950887,2.4666510608950887
S7,infusion_color,pls,chemistry_a,79.285,72.43222555646916,6.8527744435308335,-6.8527744435308335
S8,infusion_color,pls,chemistry_a,78.565,73.43195568593464,5.1330443140653585,-5.1330443140653585
S9,infusion_color,pls,chemistry_a,75.34,74.3172514166703,1.022748583329701,-1.022748583329701
S1,infusion_color,gpr,chemistry_a,72.095,71.91667632112703,0.17832367887297096,-0.17832367887297096
S10,infusion_color,gpr,chemistry_a,62.45,71.63872615689712,9.188726156897118,9.188726156897118
S11,infusion_color,gpr,chemistry_a,64.55,69.12716426553202,4.577164265532019,4.577164265532019
S12,infusion_color,gpr,chemistry_a,79.33,73.17884025525315,6.151159744746849,-6.151159744746849
S13,infusion_color,gpr,chemistry_a,77.10499999999999,73.2464402095373,3.8585597904626923,-3.8585597904626923
S14,infusion_color,gpr,chemistry_a,73.885,77.32742500045904,3.442425000459039,3.442425000459039
S15,infusion_color,gpr,chemistry_a,85.39,74.22419770832056,11.16580229167944,-11.16580229167944
S16,infusion_color,gpr,chemistry_a,81.66499999999999,77.6035024345005,4.061497565499494,-4.061497565499494
S17,infusion_color,gpr,chemistry_a,68.64,74.31115733680028,5.6711573368002774,5.6711573368002774
S18,infusion_color,gpr,chemistry_a,77.265,77.94111044735716,0.6761104473571606,0.6761104473571606
S19,infusion_color,gpr,chemistry_a,83.6775,75.19537941733543,8.482120582664564,-8.482120582664564
S2,infusion_color,gpr,chemistry_a,72.58,71.08843273877126,1.491567261228738,-1.491567261228738
S20,infusion_color,gpr,chemistry_a,84.67999999999999,78.0567075409978,6.623292459002187,-6.623292459002187
S21,infusion_color,gpr,chemistry_a,78.5,79.05425032759237,0.5542503275923707,0.5542503275923707
S22,infusion_color,gpr,chemistry_a,76.53,83.34145807547773,6.811458075477731,6.811458075477731
S23,infusion_color,gpr,chemistry_a,81.41,80.09613401031129,1.3138659896887077,-1.3138659896887077
S24,infusion_color,gpr,chemistry_a,82.41499999999999,77.06685134648593,5.348148653514059,-5.348148653514059
S25,infusion_color,gpr,chemistry_a,66.675,74.13804786436484,7.463047864364839,7.463047864364839
S26,infusion_color,gpr,chemistry_a,67.715,66.96380166275732,0.751198337242684,-0.751198337242684
S27,infusion_color,gpr,chemistry_a,68.235,71.75278238287508,3.517782382875083,3.517782382875083
S28,infusion_color,gpr,chemistry_a,69.65395,71.61395427433352,1.960004274333528,1.960004274333528
S29,infusion_color,gpr,chemistry_a,71.84,70.71281170247173,1.1271882975282779,-1.1271882975282779
S3,infusion_color,gpr,chemistry_a,79.015,78.52510083321138,0.4898991667886179,-0.4898991667886179
S30,infusion_color,gpr,chemistry_a,67.5529411764706,69.72887418856352,2.1759330120929263,2.1759330120929263
S4,infusion_color,gpr,chemistry_a,70.84,75.21323803343395,4.37323803343395,4.37323803343395
S5,infusion_color,gpr,chemistry_a,74.4555,76.1224103535856,1.6669103535855925,1.6669103535855925
S6,infusion_color,gpr,chemistry_a,69.005,71.85817041446879,2.853170414468792,2.853170414468792
S7,infusion_color,gpr,chemistry_a,79.285,72.12670648575507,7.1582935142449315,-7.1582935142449315
S8,infusion_color,gpr,chemistry_a,78.565,73.39112585057137,5.173874149428627,-5.173874149428627
S9,infusion_color,gpr,chemistry_a,75.34,75.96437211721087,0.6243721172108678,0.6243721172108678
S1,infusion_color,random_forest,chemistry_a,72.095,69.87927039173478,2.215729608265221,-2.215729608265221
S10,infusion_color,random_forest,chemistry_a,62.45,70.75711653100642,8.307116531006415,8.307116531006415
S11,infusion_color,random_forest,chemistry_a,64.55,71.05778502513023,6.507785025130232,6.507785025130232
S12,infusion_color,random_forest,chemistry_a,79.33,68.11919780101093,11.210802198989072,-11.210802198989072
S13,infusion_color,random_forest,chemistry_a,77.10499999999999,75.35811816650623,1.7468818334937595,-1.7468818334937595
S14,infusion_color,random_forest,chemistry_a,73.885,80.53569396057834,6.650693960578337,6.650693960578337
S15,infusion_color,random_forest,chemistry_a,85.39,75.91130747769215,9.478692522307853,-9.478692522307853
S16,infusion_color,random_forest,chemistry_a,81.66499999999999,78.79809757405215,2.866902425947842,-2.866902425947842
S17,infusion_color,random_forest,chemistry_a,68.64,71.4862392119212,2.846239211921201,2.846239211921201
S18,infusion_color,random_forest,chemistry_a,77.265,76.60707027098788,0.6579297290121247,-0.6579297290121247
S19,infusion_color,random_forest,chemistry_a,83.6775,76.93395319537811,6.743546804621886,-6.743546804621886
S2,infusion_color,random_forest,chemistry_a,72.58,80.83946579194593,8.259465791945928,8.259465791945928
S20,infusion_color,random_forest,chemistry_a,84.67999999999999,78.96544718915219,5.714552810847806,-5.714552810847806
S21,infusion_color,random_forest,chemistry_a,78.5,80.03606601106276,1.5360660110627578,1.5360660110627578
S22,infusion_color,random_forest,chemistry_a,76.53,78.58930785342199,2.059307853421984,2.059307853421984
S23,infusion_color,random_forest,chemistry_a,81.41,78.06925323173554,3.3407467682644523,-3.3407467682644523
S24,infusion_color,random_forest,chemistry_a,82.41499999999999,78.80185377009782,3.6131462299021706,-3.6131462299021706
S25,infusion_color,random_forest,chemistry_a,66.675,73.00060268994748,6.3256026899474875,6.3256026899474875
S26,infusion_color,random_forest,chemistry_a,67.715,69.32181665625585,1.6068166562558446,1.6068166562558446
S27,infusion_color,random_forest,chemistry_a,68.235,75.73016276984465,7.495162769844654,7.495162769844654
S28,infusion_color,random_forest,chemistry_a,69.65395,73.80766943537469,4.153719435374697,4.153719435374697
S29,infusion_color,random_forest,chemistry_a,71.84,67.30835938122843,4.531640618771576,-4.531640618771576
S3,infusion_color,random_forest,chemistry_a,79.015,79.46131097353936,0.44631097353935445,0.44631097353935445
S30,infusion_color,random_forest,chemistry_a,67.5529411764706,71.96383093003683,4.410889753566238,4.410889753566238
S4,infusion_color,random_forest,chemistry_a,70.84,75.86040443789942,5.0204044378994155,5.0204044378994155
S5,infusion_color,random_forest,chemistry_a,74.4555,77.23454043379152,2.779040433791522,2.779040433791522
S6,infusion_color,random_forest,chemistry_a,69.005,76.01930157705767,7.0143015770576795,7.0143015770576795
S7,infusion_color,random_forest,chemistry_a,79.285,69.19023420598931,10.094765794010684,-10.094765794010684
S8,infusion_color,random_forest,chemistry_a,78.565,70.36406116445406,8.20093883554594,-8.20093883554594
S9,infusion_color,random_forest,chemistry_a,75.34,78.67771550378487,3.337715503784864,3.337715503784864
S1,infusion_color,xgboost,chemistry_a,72.095,71.12513732910156,0.9698626708984364,-0.9698626708984364
S10,infusion_color,xgboost,chemistry_a,62.45,73.63520812988281,11.18520812988281,11.18520812988281
S11,infusion_color,xgboost,chemistry_a,64.55,71.96406555175781,7.414065551757815,7.414065551757815
S12,infusion_color,xgboost,chemistry_a,79.33,69.30494689941406,10.025053100585936,-10.025053100585936
S13,infusion_color,xgboost,chemistry_a,77.10499999999999,76.39767456054688,0.7073254394531148,-0.7073254394531148
S14,infusion_color,xgboost,chemistry_a,73.885,79.6781234741211,5.793123474121089,5.793123474121089
S15,infusion_color,xgboost,chemistry_a,85.39,74.40750885009766,10.982491149902344,-10.982491149902344
S16,infusion_color,xgboost,chemistry_a,81.66499999999999,79.67403411865234,1.9909658813476483,-1.9909658813476483
S17,infusion_color,xgboost,chemistry_a,68.64,71.68402862548828,3.0440286254882807,3.0440286254882807
S18,infusion_color,xgboost,chemistry_a,77.265,76.58078002929688,0.6842199707031256,-0.6842199707031256
S19,infusion_color,xgboost,chemistry_a,83.6775,72.84716796875,10.830332031249995,-10.830332031249995
S2,infusion_color,xgboost,chemistry_a,72.58,78.6114273071289,6.031427307128908,6.031427307128908
S20,infusion_color,xgboost,chemistry_a,84.67999999999999,78.00198364257812,6.678016357421868,-6.678016357421868
S21,infusion_color,xgboost,chemistry_a,78.5,81.05791473388672,2.5579147338867188,2.5579147338867188
S22,infusion_color,xgboost,chemistry_a,76.53,79.55306243896484,3.0230624389648426,3.0230624389648426
S23,infusion_color,xgboost,chemistry_a,81.41,76.53050994873047,4.879490051269528,-4.879490051269528
S24,infusion_color,xgboost,chemistry_a,82.41499999999999,77.15498352050781,5.2600164794921795,-5.2600164794921795
S25,infusion_color,xgboost,chemistry_a,66.675,73.22706604003906,6.552066040039065,6.552066040039065
S26,infusion_color,xgboost,chemistry_a,67.715,69.15438079833984,1.4393807983398403,1.4393807983398403
S27,infusion_color,xgboost,chemistry_a,68.235,73.63800048828125,5.403000488281251,5.403000488281251
S28,infusion_color,xgboost,chemistry_a,69.65395,74.57275390625,4.918803906250005,4.918803906250005
S29,infusion_color,xgboost,chemistry_a,71.84,69.8517074584961,1.9882925415039097,-1.9882925415039097
S3,infusion_color,xgboost,chemistry_a,79.015,79.06278228759766,0.04778228759765568,0.04778228759765568
S30,infusion_color,xgboost,chemistry_a,67.5529411764706,71.92375183105469,4.370810654584091,4.370810654584091
S4,infusion_color,xgboost,chemistry_a,70.84,76.7974853515625,5.957485351562497,5.957485351562497
S5,infusion_color,xgboost,chemistry_a,74.4555,75.06865692138672,0.6131569213867181,0.6131569213867181
S6,infusion_color,xgboost,chemistry_a,69.005,73.67790222167969,4.672902221679692,4.672902221679692
S7,infusion_color,xgboost,chemistry_a,79.285,69.2646484375,10.020351562499997,-10.020351562499997
S8,infusion_color,xgboost,chemistry_a,78.565,70.96442413330078,7.6005758666992165,-7.6005758666992165
S9,infusion_color,xgboost,chemistry_a,75.34,77.09931182861328,1.7593118286132778,1.7593118286132778
S1,infusion_color,catboost,chemistry_a,72.095,71.9548923426765,0.1401076573234974,-0.1401076573234974
S10,infusion_color,catboost,chemistry_a,62.45,75.09978024567098,12.649780245670982,12.649780245670982
S11,infusion_color,catboost,chemistry_a,64.55,71.60085984732038,7.050859847320382,7.050859847320382
S12,infusion_color,catboost,chemistry_a,79.33,70.89483546885828,8.435164531141723,-8.435164531141723
S13,infusion_color,catboost,chemistry_a,77.10499999999999,73.49957702496977,3.6054229750302227,-3.6054229750302227
S14,infusion_color,catboost,chemistry_a,73.885,79.40005080748203,5.515050807482027,5.515050807482027
S15,infusion_color,catboost,chemistry_a,85.39,74.54175202363149,10.848247976368512,-10.848247976368512
S16,infusion_color,catboost,chemistry_a,81.66499999999999,77.11892334613071,4.546076653869278,-4.546076653869278
S17,infusion_color,catboost,chemistry_a,68.64,72.55796866661262,3.917968666612623,3.917968666612623
S18,infusion_color,catboost,chemistry_a,77.265,76.64416554894828,0.6208344510517207,-0.6208344510517207
S19,infusion_color,catboost,chemistry_a,83.6775,74.61724473716251,9.060255262837487,-9.060255262837487
S2,infusion_color,catboost,chemistry_a,72.58,78.04233273112465,5.462332731124647,5.462332731124647
S20,infusion_color,catboost,chemistry_a,84.67999999999999,77.98088152223083,6.6991184777691615,-6.6991184777691615
S21,infusion_color,catboost,chemistry_a,78.5,79.01107658972232,0.5110765897223217,0.5110765897223217
S22,infusion_color,catboost,chemistry_a,76.53,80.25940690870023,3.729406908700227,3.729406908700227
S23,infusion_color,catboost,chemistry_a,81.41,76.991950810733,4.418049189266995,-4.418049189266995
S24,infusion_color,catboost,chemistry_a,82.41499999999999,76.06132368182378,6.353676318176213,-6.353676318176213
S25,infusion_color,catboost,chemistry_a,66.675,73.83518843628936,7.16018843628936,7.16018843628936
S26,infusion_color,catboost,chemistry_a,67.715,68.3162501574943,0.6012501574942917,0.6012501574942917
S27,infusion_color,catboost,chemistry_a,68.235,71.38462026889174,3.149620268891738,3.149620268891738
S28,infusion_color,catboost,chemistry_a,69.65395,74.3096787305331,4.655728730533099,4.655728730533099
S29,infusion_color,catboost,chemistry_a,71.84,72.06796698034893,0.22796698034892415,0.22796698034892415
S3,infusion_color,catboost,chemistry_a,79.015,78.71764021213198,0.2973597878680181,-0.2973597878680181
S30,infusion_color,catboost,chemistry_a,67.5529411764706,72.51837557909109,4.965434402620488,4.965434402620488
S4,infusion_color,catboost,chemistry_a,70.84,74.573297100138,3.733297100138003,3.733297100138003
S5,infusion_color,catboost,chemistry_a,74.4555,76.15036719228374,1.6948671922837377,1.6948671922837377
S6,infusion_color,catboost,chemistry_a,69.005,75.25228027740972,6.247280277409729,6.247280277409729
S7,infusion_color,catboost,chemistry_a,79.285,70.291030815795,8.993969184205,-8.993969184205
S8,infusion_color,catboost,chemistry_a,78.565,70.56784421009269,7.9971557899073105,-7.9971557899073105
S9,infusion_color,catboost,chemistry_a,75.34,77.82355402161731,2.4835540216173086,2.4835540216173086
S1,infusion_color,ridge,chemistry_b,72.095,72.55857432392594,0.4635743239259398,0.4635743239259398
S10,infusion_color,ridge,chemistry_b,62.45,70.9648158664896,8.514815866489599,8.514815866489599
S11,infusion_color,ridge,chemistry_b,64.55,69.40834601783101,4.8583460178310105,4.8583460178310105
S12,infusion_color,ridge,chemistry_b,79.33,67.68520442711068,11.644795572889322,-11.644795572889322
S13,infusion_color,ridge,chemistry_b,77.10499999999999,77.98219672091638,0.8771967209163876,0.8771967209163876
S14,infusion_color,ridge,chemistry_b,73.885,74.31368360662242,0.428683606622414,0.428683606622414
S15,infusion_color,ridge,chemistry_b,85.39,74.20166781821038,11.188332181789619,-11.188332181789619
S16,infusion_color,ridge,chemistry_b,81.66499999999999,79.59972394713898,2.065276052861009,-2.065276052861009
S17,infusion_color,ridge,chemistry_b,68.64,68.44189955973714,0.19810044026286278,-0.19810044026286278
S18,infusion_color,ridge,chemistry_b,77.265,80.01785493554772,2.7528549355477168,2.7528549355477168
S19,infusion_color,ridge,chemistry_b,83.6775,79.50700521420784,4.170494785792158,-4.170494785792158
S2,infusion_color,ridge,chemistry_b,72.58,65.39970662040506,7.180293379594943,-7.180293379594943
S20,infusion_color,ridge,chemistry_b,84.67999999999999,82.69447256450835,1.9855274354916475,-1.9855274354916475
S21,infusion_color,ridge,chemistry_b,78.5,82.76243140801998,4.262431408019978,4.262431408019978
S22,infusion_color,ridge,chemistry_b,76.53,85.05506086631847,8.52506086631847,8.52506086631847
S23,infusion_color,ridge,chemistry_b,81.41,87.66925051772131,6.259250517721313,6.259250517721313
S24,infusion_color,ridge,chemistry_b,82.41499999999999,75.76031149965198,6.654688500348016,-6.654688500348016
S25,infusion_color,ridge,chemistry_b,66.675,73.74181011649998,7.06681011649998,7.06681011649998
S26,infusion_color,ridge,chemistry_b,67.715,66.79422909999792,0.9207709000020827,-0.9207709000020827
S27,infusion_color,ridge,chemistry_b,68.235,68.5525896593005,0.317589659300495,0.317589659300495
S28,infusion_color,ridge,chemistry_b,69.65395,71.98518600613889,2.3312360061388944,2.3312360061388944
S29,infusion_color,ridge,chemistry_b,71.84,65.92373077838275,5.916269221617256,-5.916269221617256
S3,infusion_color,ridge,chemistry_b,79.015,78.8238101692796,0.19118983072040407,-0.19118983072040407
S30,infusion_color,ridge,chemistry_b,67.5529411764706,60.96031964794239,6.5926215285282055,-6.5926215285282055
S4,infusion_color,ridge,chemistry_b,70.84,86.03327806678674,15.193278066786732,15.193278066786732
S5,infusion_color,ridge,chemistry_b,74.4555,78.98195320917102,4.526453209171024,4.526453209171024
S6,infusion_color,ridge,chemistry_b,69.005,72.521181533336,3.5161815333360096,3.5161815333360096
S7,infusion_color,ridge,chemistry_b,79.285,71.62528643235922,7.659713567640779,-7.659713567640779
S8,infusion_color,ridge,chemistry_b,78.565,56.82532482982001,21.739675170179986,-21.739675170179986
S9,infusion_color,ridge,chemistry_b,75.34,72.35316655114336,2.9868334488566433,-2.9868334488566433
S1,infusion_color,pls,chemistry_b,72.095,70.99521072670628,1.0997892732937231,-1.0997892732937231
S10,infusion_color,pls,chemistry_b,62.45,69.70958864833023,7.259588648330222,7.259588648330222
S11,infusion_color,pls,chemistry_b,64.55,69.36744183031047,4.817441830310472,4.817441830310472
S12,infusion_color,pls,chemistry_b,79.33,73.27938606258112,6.050613937418873,-6.050613937418873
S13,infusion_color,pls,chemistry_b,77.10499999999999,73.5632593292912,3.5417406707087906,-3.5417406707087906
S14,infusion_color,pls,chemistry_b,73.885,77.21179765818417,3.3267976581841623,3.3267976581841623
S15,infusion_color,pls,chemistry_b,85.39,73.1767756189995,12.2132243810005,-12.2132243810005
S16,infusion_color,pls,chemistry_b,81.66499999999999,79.48113139548812,2.183868604511872,-2.183868604511872
S17,infusion_color,pls,chemistry_b,68.64,73.21234893184369,4.572348931843692,4.572348931843692
S18,infusion_color,pls,chemistry_b,77.265,77.3482647531038,0.08326475310380488,0.08326475310380488
S19,infusion_color,pls,chemistry_b,83.6775,76.14753114161178,7.529968858388216,-7.529968858388216
S2,infusion_color,pls,chemistry_b,72.58,68.30282474929601,4.277175250703991,-4.277175250703991
S20,infusion_color,pls,chemistry_b,84.67999999999999,79.09902214494932,5.580977855050676,-5.580977855050676
S21,infusion_color,pls,chemistry_b,78.5,82.56733937773487,4.067339377734868,4.067339377734868
S22,infusion_color,pls,chemistry_b,76.53,85.43353821764066,8.903538217640659,8.903538217640659
S23,infusion_color,pls,chemistry_b,81.41,83.48323759252068,2.073237592520684,2.073237592520684
S24,infusion_color,pls,chemistry_b,82.41499999999999,79.0925292515215,3.3224707484784943,-3.3224707484784943
S25,infusion_color,pls,chemistry_b,66.675,73.78012598394234,7.105125983942344,7.105125983942344
S26,infusion_color,pls,chemistry_b,67.715,64.49652415215287,3.218475847847131,-3.218475847847131
S27,infusion_color,pls,chemistry_b,68.235,70.96463828368513,2.7296382836851336,2.7296382836851336
S28,infusion_color,pls,chemistry_b,69.65395,71.46148542619298,1.8075354261929846,1.8075354261929846
S29,infusion_color,pls,chemistry_b,71.84,70.69106012709035,1.1489398729096507,-1.1489398729096507
S3,infusion_color,pls,chemistry_b,79.015,84.32077271262662,5.30577271262662,5.30577271262662
S30,infusion_color,pls,chemistry_b,67.5529411764706,70.84004184930807,3.287100672837468,3.287100672837468
S4,infusion_color,pls,chemistry_b,70.84,74.30414467046016,3.4641446704601577,3.4641446704601577
S5,infusion_color,pls,chemistry_b,74.4555,76.8314743684662,2.3759743684662027,2.3759743684662027
S6,infusion_color,pls,chemistry_b,69.005,70.67950062999424,1.6745006299942418,1.6745006299942418
S7,infusion_color,pls,chemistry_b,79.285,72.35741328674028,6.927586713259714,-6.927586713259714
S8,infusion_color,pls,chemistry_b,78.565,73.93623318769036,4.628766812309635,-4.628766812309635
S9,infusion_color,pls,chemistry_b,75.34,76.85212640314192,1.5121264031419202,1.5121264031419202
S1,infusion_color,gpr,chemistry_b,72.095,71.97356919568385,0.12143080431614806,-0.12143080431614806
S10,infusion_color,gpr,chemistry_b,62.45,71.84669416236757,9.396694162367567,9.396694162367567
S11,infusion_color,gpr,chemistry_b,64.55,69.39778744543987,4.847787445439877,4.847787445439877
S12,infusion_color,gpr,chemistry_b,79.33,73.23264146719148,6.097358532808514,-6.097358532808514
S13,infusion_color,gpr,chemistry_b,77.10499999999999,73.20354149861252,3.9014585013874665,-3.9014585013874665
S14,infusion_color,gpr,chemistry_b,73.885,78.41384720303563,4.528847203035625,4.528847203035625
S15,infusion_color,gpr,chemistry_b,85.39,73.9741740516354,11.4158259483646,-11.4158259483646
S16,infusion_color,gpr,chemistry_b,81.66499999999999,78.07856626714147,3.5864337328585236,-3.5864337328585236
S17,infusion_color,gpr,chemistry_b,68.64,74.11240616758917,5.47240616758917,5.47240616758917
S18,infusion_color,gpr,chemistry_b,77.265,78.5898773587273,1.3248773587273064,1.3248773587273064
S19,infusion_color,gpr,chemistry_b,83.6775,75.54009271293833,8.137407287061663,-8.137407287061663
S2,infusion_color,gpr,chemistry_b,72.58,70.99114726166991,1.5888527383300897,-1.5888527383300897
S20,infusion_color,gpr,chemistry_b,84.67999999999999,77.30215403339051,7.377845966609485,-7.377845966609485
S21,infusion_color,gpr,chemistry_b,78.5,79.1820236758389,0.6820236758389058,0.6820236758389058
S22,infusion_color,gpr,chemistry_b,76.53,80.95179514758634,4.421795147586337,4.421795147586337
S23,infusion_color,gpr,chemistry_b,81.41,79.96785935758052,1.4421406424194743,-1.4421406424194743
S24,infusion_color,gpr,chemistry_b,82.41499999999999,77.21796085442683,5.197039145573157,-5.197039145573157
S25,infusion_color,gpr,chemistry_b,66.675,73.73428534988257,7.059285349882572,7.059285349882572
S26,infusion_color,gpr,chemistry_b,67.715,67.03469743502096,0.6803025649790442,-0.6803025649790442
S27,infusion_color,gpr,chemistry_b,68.235,73.9807095353049,5.745709535304897,5.745709535304897
S28,infusion_color,gpr,chemistry_b,69.65395,71.70454112072548,2.0505911207254854,2.0505911207254854
S29,infusion_color,gpr,chemistry_b,71.84,70.52584968270187,1.3141503172981288,-1.3141503172981288
S3,infusion_color,gpr,chemistry_b,79.015,78.10308031921682,0.9119196807831855,-0.9119196807831855
S30,infusion_color,gpr,chemistry_b,67.5529411764706,70.14531803321077,2.5923768567401737,2.5923768567401737
S4,infusion_color,gpr,chemistry_b,70.84,75.2308681391703,4.390868139170294,4.390868139170294
S5,infusion_color,gpr,chemistry_b,74.4555,76.62847901051992,2.1729790105199243,2.1729790105199243
S6,infusion_color,gpr,chemistry_b,69.005,71.81619210451136,2.8111921045113633,2.8111921045113633
S7,infusion_color,gpr,chemistry_b,79.285,72.47102776641415,6.813972233585844,-6.813972233585844
S8,infusion_color,gpr,chemistry_b,78.565,73.65911150187031,4.905888498129684,-4.905888498129684
S9,infusion_color,gpr,chemistry_b,75.34,77.20585355843397,1.8658535584339688,1.8658535584339688
S1,infusion_color,random_forest,chemistry_b,72.095,70.01325882133324,2.0817411786667606,-2.0817411786667606
S10,infusion_color,random_forest,chemistry_b,62.45,73.64645770310283,11.196457703102823,11.196457703102823
S11,infusion_color,random_forest,chemistry_b,64.55,70.546118604219,5.996118604219006,5.996118604219006
S12,infusion_color,random_forest,chemistry_b,79.33,68.14437663385958,11.185623366140419,-11.185623366140419
S13,infusion_color,random_forest,chemistry_b,77.10499999999999,76.26245632439048,0.8425436756095053,-0.8425436756095053
S14,infusion_color,random_forest,chemistry_b,73.885,81.15475935742249,7.269759357422487,7.269759357422487
S15,infusion_color,random_forest,chemistry_b,85.39,75.26415037199621,10.125849628003792,-10.125849628003792
S16,infusion_color,random_forest,chemistry_b,81.66499999999999,78.62967029366014,3.0353297063398514,-3.0353297063398514
S17,infusion_color,random_forest,chemistry_b,68.64,71.58422810405038,2.9442281040503815,2.9442281040503815
S18,infusion_color,random_forest,chemistry_b,77.265,76.78943107463128,0.4755689253687194,-0.4755689253687194
S19,infusion_color,random_forest,chemistry_b,83.6775,76.59202258255013,7.085477417449866,-7.085477417449866
S2,infusion_color,random_forest,chemistry_b,72.58,80.98822641589416,8.408226415894163,8.408226415894163
S20,infusion_color,random_forest,chemistry_b,84.67999999999999,78.22385249604005,6.45614750395994,-6.45614750395994
S21,infusion_color,random_forest,chemistry_b,78.5,80.21797425235027,1.717974252350274,1.717974252350274
S22,infusion_color,random_forest,chemistry_b,76.53,78.50544161433987,1.9754416143398714,1.9754416143398714
S23,infusion_color,random_forest,chemistry_b,81.41,78.23382604803244,3.176173951967556,-3.176173951967556
S24,infusion_color,random_forest,chemistry_b,82.41499999999999,78.65185067843791,3.763149321562082,-3.763149321562082
S25,infusion_color,random_forest,chemistry_b,66.675,72.4743950099082,5.79939500990821,5.79939500990821
S26,infusion_color,random_forest,chemistry_b,67.715,69.89041051921896,2.175410519218957,2.175410519218957
S27,infusion_color,random_forest,chemistry_b,68.235,77.20588978667243,8.97088978667243,8.97088978667243
S28,infusion_color,random_forest,chemistry_b,69.65395,73.95718207243753,4.303232072437538,4.303232072437538
S29,infusion_color,random_forest,chemistry_b,71.84,67.72098381287559,4.119016187124416,-4.119016187124416
S3,infusion_color,random_forest,chemistry_b,79.015,79.06471340878558,0.049713408785578395,0.049713408785578395
S30,infusion_color,random_forest,chemistry_b,67.5529411764706,71.8259334944934,4.272992318022801,4.272992318022801
S4,infusion_color,random_forest,chemistry_b,70.84,76.5051362657934,5.665136265793393,5.665136265793393
S5,infusion_color,random_forest,chemistry_b,74.4555,78.34196647496765,3.886466474967648,3.886466474967648
S6,infusion_color,random_forest,chemistry_b,69.005,77.28293353427799,8.277933534277992,8.277933534277992
S7,infusion_color,random_forest,chemistry_b,79.285,69.31723055470498,9.96776944529502,-9.96776944529502
S8,infusion_color,random_forest,chemistry_b,78.565,69.88061792546176,8.684382074538235,-8.684382074538235
S9,infusion_color,random_forest,chemistry_b,75.34,78.88618666787026,3.546186667870259,3.546186667870259
S1,infusion_color,xgboost,chemistry_b,72.095,70.88880157470703,1.2061984252929676,-1.2061984252929676
S10,infusion_color,xgboost,chemistry_b,62.45,73.79431915283203,11.344319152832028,11.344319152832028
S11,infusion_color,xgboost,chemistry_b,64.55,71.49736022949219,6.94736022949219,6.94736022949219
S12,infusion_color,xgboost,chemistry_b,79.33,68.25618743896484,11.073812561035155,-11.073812561035155
S13,infusion_color,xgboost,chemistry_b,77.10499999999999,75.21675109863281,1.8882489013671773,-1.8882489013671773
S14,infusion_color,xgboost,chemistry_b,73.885,80.46985626220703,6.584856262207026,6.584856262207026
S15,infusion_color,xgboost,chemistry_b,85.39,74.3224105834961,11.067589416503907,-11.067589416503907
S16,infusion_color,xgboost,chemistry_b,81.66499999999999,80.70536041259766,0.9596395874023358,-0.9596395874023358
S17,infusion_color,xgboost,chemistry_b,68.64,71.15348815917969,2.513488159179687,2.513488159179687
S18,infusion_color,xgboost,chemistry_b,77.265,76.04491424560547,1.2200857543945318,-1.2200857543945318
S19,infusion_color,xgboost,chemistry_b,83.6775,71.83433532714844,11.843164672851557,-11.843164672851557
S2,infusion_color,xgboost,chemistry_b,72.58,79.50715637207031,6.927156372070314,6.927156372070314
S20,infusion_color,xgboost,chemistry_b,84.67999999999999,77.38805389404297,7.291946105957024,-7.291946105957024
S21,infusion_color,xgboost,chemistry_b,78.5,80.9983139038086,2.4983139038085938,2.4983139038085938
S22,infusion_color,xgboost,chemistry_b,76.53,80.16129302978516,3.631293029785155,3.631293029785155
S23,infusion_color,xgboost,chemistry_b,81.41,76.43009185791016,4.97990814208984,-4.97990814208984
S24,infusion_color,xgboost,chemistry_b,82.41499999999999,77.8967056274414,4.518294372558586,-4.518294372558586
S25,infusion_color,xgboost,chemistry_b,66.675,73.70800018310547,7.033000183105472,7.033000183105472
S26,infusion_color,xgboost,chemistry_b,67.715,70.03251647949219,2.317516479492184,2.317516479492184
S27,infusion_color,xgboost,chemistry_b,68.235,74.95067596435547,6.715675964355469,6.715675964355469
S28,infusion_color,xgboost,chemistry_b,69.65395,73.92292022705078,4.2689702270507865,4.2689702270507865
S29,infusion_color,xgboost,chemistry_b,71.84,68.42195129394531,3.418048706054691,-3.418048706054691
S3,infusion_color,xgboost,chemistry_b,79.015,79.48088836669922,0.4658883666992182,0.4658883666992182
S30,infusion_color,xgboost,chemistry_b,67.5529411764706,72.30902099609375,4.756079819623153,4.756079819623153
S4,infusion_color,xgboost,chemistry_b,70.84,77.91783142089844,7.077831420898434,7.077831420898434
S5,infusion_color,xgboost,chemistry_b,74.4555,75.97052001953125,1.5150200195312493,1.5150200195312493
S6,infusion_color,xgboost,chemistry_b,69.005,72.90918731689453,3.904187316894536,3.904187316894536
S7,infusion_color,xgboost,chemistry_b,79.285,69.52828216552734,9.756717834472653,-9.756717834472653
S8,infusion_color,xgboost,chemistry_b,78.565,69.97676086425781,8.588239135742185,-8.588239135742185
S9,infusion_color,xgboost,chemistry_b,75.34,77.78721618652344,2.447216186523434,2.447216186523434
S1,infusion_color,catboost,chemistry_b,72.095,71.98505471230501,0.10994528769498402,-0.10994528769498402
S10,infusion_color,catboost,chemistry_b,62.45,76.1110185667439,13.661018566743891,13.661018566743891
S11,infusion_color,catboost,chemistry_b,64.55,71.35343479199645,6.803434791996452,6.803434791996452
S12,infusion_color,catboost,chemistry_b,79.33,71.01509381788745,8.314906182112551,-8.314906182112551
S13,infusion_color,catboost,chemistry_b,77.10499999999999,74.70078949603494,2.4042105039650465,-2.4042105039650465
S14,infusion_color,catboost,chemistry_b,73.885,77.54250530574994,3.657505305749936,3.657505305749936
S15,infusion_color,catboost,chemistry_b,85.39,73.61100557989599,11.778994420104013,-11.778994420104013
S16,infusion_color,catboost,chemistry_b,81.66499999999999,77.27834103484565,4.386658965154339,-4.386658965154339
S17,infusion_color,catboost,chemistry_b,68.64,72.41682810337497,3.7768281033749673,3.7768281033749673
S18,infusion_color,catboost,chemistry_b,77.265,77.00647366618678,0.2585263338132222,-0.2585263338132222
S19,infusion_color,catboost,chemistry_b,83.6775,76.20092084390973,7.476579156090267,-7.476579156090267
S2,infusion_color,catboost,chemistry_b,72.58,77.39973240801783,4.819732408017828,4.819732408017828
S20,infusion_color,catboost,chemistry_b,84.67999999999999,75.5367116376613,9.143288362338694,-9.143288362338694
S21,infusion_color,catboost,chemistry_b,78.5,79.98458265736366,1.48458265736366,1.48458265736366
S22,infusion_color,catboost,chemistry_b,76.53,78.58835068728872,2.0583506872887227,2.0583506872887227
S23,infusion_color,catboost,chemistry_b,81.41,76.86262635981896,4.547373640181036,-4.547373640181036
S24,infusion_color,catboost,chemistry_b,82.41499999999999,76.79342300429087,5.62157699570912,-5.62157699570912
S25,infusion_color,catboost,chemistry_b,66.675,73.56933457470245,6.894334574702455,6.894334574702455
S26,infusion_color,catboost,chemistry_b,67.715,67.77736772914768,0.06236772914768096,0.06236772914768096
S27,infusion_color,catboost,chemistry_b,68.235,72.90777684811609,4.6727768481160865,4.6727768481160865
S28,infusion_color,catboost,chemistry_b,69.65395,73.81607362865665,4.1621236286566585,4.1621236286566585
S29,infusion_color,catboost,chemistry_b,71.84,71.22284365945093,0.617156340549073,-0.617156340549073
S3,infusion_color,catboost,chemistry_b,79.015,77.45219427539874,1.5628057246012617,-1.5628057246012617
S30,infusion_color,catboost,chemistry_b,67.5529411764706,72.5970042524773,5.044063076006708,5.044063076006708
S4,infusion_color,catboost,chemistry_b,70.84,74.35774576038439,3.5177457603843862,3.5177457603843862
S5,infusion_color,catboost,chemistry_b,74.4555,76.80388361183174,2.3483836118317356,2.3483836118317356
S6,infusion_color,catboost,chemistry_b,69.005,73.96495182073969,4.95995182073969,4.95995182073969
S7,infusion_color,catboost,chemistry_b,79.285,71.32924159939083,7.95575840060917,-7.95575840060917
S8,infusion_color,catboost,chemistry_b,78.565,73.21329493314943,5.35170506685057,-5.35170506685057
S9,infusion_color,catboost,chemistry_b,75.34,76.70623218315674,1.3662321831567397,1.3662321831567397
S1,infusion_color,mean,baseline,72.095,74.80474696707107,2.7097469670710694,2.7097469670710694
S10,infusion_color,mean,baseline,62.45,75.13906239168111,12.689062391681105,12.689062391681105
S11,infusion_color,mean,baseline,64.55,75.06627209705373,10.51627209705373,10.51627209705373
S12,infusion_color,mean,baseline,79.33,74.55396707105719,4.776032928942811,-4.776032928942811
S13,infusion_color,mean,baseline,77.10499999999999,74.63109012131714,2.4739098786828464,-2.4739098786828464
S14,infusion_color,mean,baseline,73.885,74.74270190641249,0.8577019064124869,0.8577019064124869
S15,infusion_color,mean,baseline,85.39,74.34391507798959,11.046084922010408,-11.046084922010408
S16,infusion_color,mean,baseline,81.66499999999999,74.47303119584055,7.191968804159444,-7.191968804159444
S17,infusion_color,mean,baseline,68.64,74.92450433275563,6.284504332755631,6.284504332755631
S18,infusion_color,mean,baseline,77.265,74.62554419410745,2.6394558058925526,-2.6394558058925526
S19,infusion_color,mean,baseline,83.6775,74.40327383015598,9.274226169844013,-9.274226169844013
S2,infusion_color,mean,baseline,72.58,74.78793587521665,2.2079358752166485,2.2079358752166485
S20,infusion_color,mean,baseline,84.67999999999999,74.36852512998267,10.31147487001732,-10.31147487001732
S21,infusion_color,mean,baseline,78.5,74.58273656845755,3.9172634315424517,-3.9172634315424517
S22,infusion_color,mean,baseline,76.53,74.65102079722703,1.8789792027729675,-1.8789792027729675
S23,infusion_color,mean,baseline,81.41,74.48187001733103,6.928129982668963,-6.928129982668963
S24,infusion_color,mean,baseline,82.41499999999999,74.44703466204506,7.9679653379549364,-7.9679653379549364
S25,infusion_color,mean,baseline,66.675,74.99261525129982,8.317615251299827,8.317615251299827
S26,infusion_color,mean,baseline,67.715,74.95656672443674,7.241566724436737,7.241566724436737
S27,infusion_color,mean,baseline,68.235,74.9385424610052,6.703542461005199,6.703542461005199
S28,infusion_color,mean,baseline,69.65395,74.88935875216639,5.235408752166393,5.235408752166393
S29,infusion_color,mean,baseline,71.84,74.81358578856153,2.973585788561522,2.973585788561522
S3,infusion_color,mean,baseline,79.015,74.5648856152513,4.4501143847487015,-4.4501143847487015
S30,infusion_color,mean,baseline,67.5529411764706,74.92386034482757,7.370919168356977,7.370919168356977
S4,infusion_color,mean,baseline,70.84,74.84824783362218,4.008247833622178,4.008247833622178
S5,infusion_color,mean,baseline,74.4555,74.72292720970538,0.2674272097053745,0.2674272097053745
S6,infusion_color,mean,baseline,69.005,74.91185268630849,5.906852686308497,5.906852686308497
S7,infusion_color,mean,baseline,79.285,74.55552686308494,4.729473136915061,-4.729473136915061
S8,infusion_color,mean,baseline,78.565,74.5804835355286,3.9845164644713975,-3.9845164644713975
S9,infusion_color,mean,baseline,75.34,74.69226863084921,0.6477313691507902,-0.6477313691507902
S1,infusion_color,nearest_chemistry,baseline,72.095,68.64,3.4549999999999983,-3.4549999999999983
S10,infusion_color,nearest_chemistry,baseline,62.45,64.55,2.0999999999999943,2.0999999999999943
S11,infusion_color,nearest_chemistry,baseline,64.55,69.005,4.454999999999998,4.454999999999998
S12,infusion_color,nearest_chemistry,baseline,79.33,70.84,8.489999999999995,-8.489999999999995
S13,infusion_color,nearest_chemistry,baseline,77.10499999999999,73.885,3.2199999999999847,-3.2199999999999847
S14,infusion_color,nearest_chemistry,baseline,73.885,77.10499999999999,3.2199999999999847,3.2199999999999847
S15,infusion_color,nearest_chemistry,baseline,85.39,73.885,11.504999999999995,-11.504999999999995
S16,infusion_color,nearest_chemistry,baseline,81.66499999999999,85.39,3.7250000000000085,3.7250000000000085
S17,infusion_color,nearest_chemistry,baseline,68.64,72.095,3.4549999999999983,3.4549999999999983
S18,infusion_color,nearest_chemistry,baseline,77.265,84.67999999999999,7.414999999999992,7.414999999999992
S19,infusion_color,nearest_chemistry,baseline,83.6775,73.885,9.79249999999999,-9.79249999999999
S2,infusion_color,nearest_chemistry,baseline,72.58,64.55,8.030000000000001,-8.030000000000001
S20,infusion_color,nearest_chemistry,baseline,84.67999999999999,77.265,7.414999999999992,-7.414999999999992
S21,infusion_color,nearest_chemistry,baseline,78.5,77.265,1.2349999999999994,-1.2349999999999994
S22,infusion_color,nearest_chemistry,baseline,76.53,77.265,0.7349999999999994,0.7349999999999994
S23,infusion_color,nearest_chemistry,baseline,81.41,84.67999999999999,3.269999999999996,3.269999999999996
S24,infusion_color,nearest_chemistry,baseline,82.41499999999999,77.265,5.1499999999999915,-5.1499999999999915
S25,infusion_color,nearest_chemistry,baseline,66.675,67.715,1.0400000000000063,1.0400000000000063
S26,infusion_color,nearest_chemistry,baseline,67.715,71.84,4.125,4.125
S27,infusion_color,nearest_chemistry,baseline,68.235,69.65395,1.4189499999999953,1.4189499999999953
S28,infusion_color,nearest_chemistry,baseline,69.65395,67.5529411764706,2.1010088235293978,-2.1010088235293978
S29,infusion_color,nearest_chemistry,baseline,71.84,67.715,4.125,-4.125
S3,infusion_color,nearest_chemistry,baseline,79.015,83.6775,4.662499999999994,4.662499999999994
S30,infusion_color,nearest_chemistry,baseline,67.5529411764706,69.65395,2.1010088235293978,2.1010088235293978
S4,infusion_color,nearest_chemistry,baseline,70.84,79.285,8.444999999999993,8.444999999999993
S5,infusion_color,nearest_chemistry,baseline,74.4555,72.095,2.360500000000002,-2.360500000000002
S6,infusion_color,nearest_chemistry,baseline,69.005,64.55,4.454999999999998,-4.454999999999998
S7,infusion_color,nearest_chemistry,baseline,79.285,70.84,8.444999999999993,-8.444999999999993
S8,infusion_color,nearest_chemistry,baseline,78.565,77.265,1.2999999999999972,-1.2999999999999972
S9,infusion_color,nearest_chemistry,baseline,75.34,85.39,10.049999999999997,10.049999999999997
S1,aroma,ridge,chemistry_a,70.61,66.46176095522257,4.148239044777426,-4.148239044777426
S10,aroma,ridge,chemistry_a,69.49634999999999,65.40192657834206,4.094423421657936,-4.094423421657936
S11,aroma,ridge,chemistry_a,59.99,69.09331695086898,9.10331695086898,9.10331695086898
S12,aroma,ridge,chemistry_a,74.92999999999999,73.9398753321777,0.9901246678222861,-0.9901246678222861
S13,aroma,ridge,chemistry_a,70.075,66.46548655259589,3.6095134474041117,-3.6095134474041117
S14,aroma,ridge,chemistry_a,73.245,70.27857154276589,2.966428457234116,-2.966428457234116
S15,aroma,ridge,chemistry_a,83.56,88.20174073446557,4.6417407344655714,4.6417407344655714
S16,aroma,ridge,chemistry_a,80.15,73.91220317665605,6.237796823343956,-6.237796823343956
S17,aroma,ridge,chemistry_a,62.07000000000001,71.67695914275197,9.606959142751961,9.606959142751961
S18,aroma,ridge,chemistry_a,76.985,77.48979536654647,0.5047953665464746,0.5047953665464746
S19,aroma,ridge,chemistry_a,80.2525,77.81695189804812,2.4355481019518805,-2.4355481019518805
S2,aroma,ridge,chemistry_a,59.975,57.29782233030075,2.6771776696992546,-2.6771776696992546
S20,aroma,ridge,chemistry_a,84.41499999999999,79.5855193581506,4.829480641849386,-4.829480641849386
S21,aroma,ridge,chemistry_a,77.135,77.02622703568473,0.10877296431527839,-0.10877296431527839
S22,aroma,ridge,chemistry_a,78.21000000000001,84.2544377200788,6.04443772007879,6.04443772007879
S23,aroma,ridge,chemistry_a,79.30499999999999,80.5686645264282,1.263664526428201,1.263664526428201
S24,aroma,ridge,chemistry_a,80.25,82.54467610734538,2.2946761073453814,2.2946761073453814
S25,aroma,ridge,chemistry_a,61.725,69.51342531616459,7.7884253161645844,7.7884253161645844
S26,aroma,ridge,chemistry_a,64.05,54.91917496134172,9.13082503865828,-9.13082503865828
S27,aroma,ridge,chemistry_a,63.2261,67.51532888946436,4.289228889464354,4.289228889464354
S28,aroma,ridge,chemistry_a,64.9211,67.17724682736986,2.256146827369861,2.256146827369861
S29,aroma,ridge,chemistry_a,53.94500000000001,59.26703826698734,5.3220382669873345,5.3220382669873345
S3,aroma,ridge,chemistry_a,73.8,73.48155173789897,0.31844826210102894,-0.31844826210102894
S30,aroma,ridge,chemistry_a,64.68823529411765,63.64447693889377,1.0437583552238792,-1.0437583552238792
S4,aroma,ridge,chemistry_a,63.615,70.02793659551443,6.412936595514431,6.412936595514431
S5,aroma,ridge,chemistry_a,72.99,74.18550869459703,1.195508694597038,1.195508694597038
S6,aroma,ridge,chemistry_a,61.425,64.17664885447745,2.7516488544774518,2.7516488544774518
S7,aroma,ridge,chemistry_a,78.41499999999999,69.31292173977677,9.102078260223223,-9.102078260223223
S8,aroma,ridge,chemistry_a,69.7,59.89267852031328,9.80732147968672,-9.80732147968672
S9,aroma,ridge,chemistry_a,73.83,72.06645447824786,1.7635455217521354,-1.7635455217521354
S1,aroma,pls,chemistry_a,70.61,64.67538738582886,5.934612614171144,-5.934612614171144
S10,aroma,pls,chemistry_a,69.49634999999999,61.75827259800891,7.7380774019910845,-7.7380774019910845
S11,aroma,pls,chemistry_a,59.99,63.36255876345822,3.3725587634582155,3.3725587634582155
S12,aroma,pls,chemistry_a,74.92999999999999,72.50076959896157,2.4292304010384242,-2.4292304010384242
S13,aroma,pls,chemistry_a,70.075,72.17616870165256,2.101168701652554,2.101168701652554
S14,aroma,pls,chemistry_a,73.245,73.67188035568235,0.42688035568234284,0.42688035568234284
S15,aroma,pls,chemistry_a,83.56,74.86357731077153,8.69642268922847,-8.69642268922847
S16,aroma,pls,chemistry_a,80.15,81.01451352982795,0.8645135298279456,0.8645135298279456
S17,aroma,pls,chemistry_a,62.07000000000001,72.54036689291543,10.470366892915422,10.470366892915422
S18,aroma,pls,chemistry_a,76.985,75.82526259399333,1.1597374060066699,-1.1597374060066699
S19,aroma,pls,chemistry_a,80.2525,74.12492086408159,6.12757913591841,-6.12757913591841
S2,aroma,pls,chemistry_a,59.975,63.25490475507077,3.279904755070767,3.279904755070767
S20,aroma,pls,chemistry_a,84.41499999999999,78.1155179872056,6.299482012794385,-6.299482012794385
S21,aroma,pls,chemistry_a,77.135,78.58377601590226,1.4487760159022542,1.4487760159022542
S22,aroma,pls,chemistry_a,78.21000000000001,83.25360618915872,5.043606189158709,5.043606189158709
S23,aroma,pls,chemistry_a,79.30499999999999,79.25075776010917,0.05424223989082577,-0.05424223989082577
S24,aroma,pls,chemistry_a,80.25,80.33727822019567,0.087278220195671,0.087278220195671
S25,aroma,pls,chemistry_a,61.725,69.65879553998414,7.933795539984139,7.933795539984139
S26,aroma,pls,chemistry_a,64.05,55.79607440826415,8.25392559173585,-8.25392559173585
S27,aroma,pls,chemistry_a,63.2261,62.74108101667595,0.48501898332405347,-0.48501898332405347
S28,aroma,pls,chemistry_a,64.9211,64.746261485517,0.17483851448299959,-0.17483851448299959
S29,aroma,pls,chemistry_a,53.94500000000001,66.05189902212324,12.10689902212323,12.10689902212323
S3,aroma,pls,chemistry_a,73.8,77.24573064851856,3.4457306485185626,3.4457306485185626
S30,aroma,pls,chemistry_a,64.68823529411765,64.53270867874042,0.15552661537722656,-0.15552661537722656
S4,aroma,pls,chemistry_a,63.615,69.15924933325451,5.5442493332545055,5.5442493332545055
S5,aroma,pls,chemistry_a,72.99,73.18700116959346,0.19700116959346303,0.19700116959346303
S6,aroma,pls,chemistry_a,61.425,64.97604720123815,3.5510472012381484,3.5510472012381484
S7,aroma,pls,chemistry_a,78.41499999999999,67.25119146608243,11.16380853391756,-11.16380853391756
S8,aroma,pls,chemistry_a,69.7,69.08284904352102,0.6171509564789801,-0.6171509564789801
S9,aroma,pls,chemistry_a,73.83,75.82547177371704,1.9954717737170427,1.9954717737170427
S1,aroma,gpr,chemistry_a,70.61,65.73923874630083,4.870761253699172,-4.870761253699172
S10,aroma,gpr,chemistry_a,69.49634999999999,65.93048833294532,3.5658616670546763,-3.5658616670546763
S11,aroma,gpr,chemistry_a,59.99,66.35136753267025,6.361367532670251,6.361367532670251
S12,aroma,gpr,chemistry_a,74.92999999999999,70.85023160633675,4.079768393663244,-4.079768393663244
S13,aroma,gpr,chemistry_a,70.075,71.66377384575206,1.5887738457520584,1.5887738457520584
S14,aroma,gpr,chemistry_a,73.245,73.90255573522207,0.6575557352220613,0.6575557352220613
S15,aroma,gpr,chemistry_a,83.56,75.90278870716958,7.657211292830425,-7.657211292830425
S16,aroma,gpr,chemistry_a,80.15,74.6368842452719,5.513115754728105,-5.513115754728105
S17,aroma,gpr,chemistry_a,62.07000000000001,73.5363893806909,11.466389380690899,11.466389380690899
S18,aroma,gpr,chemistry_a,76.985,76.62579701684211,0.35920298315788557,-0.35920298315788557
S19,aroma,gpr,chemistry_a,80.2525,72.1306339597622,8.12186604023779,-8.12186604023779
S2,aroma,gpr,chemistry_a,59.975,65.19666660041851,5.221666600418509,5.221666600418509
S20,aroma,gpr,chemistry_a,84.41499999999999,76.06234123550547,8.352658764494521,-8.352658764494521
S21,aroma,gpr,chemistry_a,77.135,74.92373877967385,2.2112612203261506,-2.2112612203261506
S22,aroma,gpr,chemistry_a,78.21000000000001,82.18148369757917,3.97148369757916,3.97148369757916
S23,aroma,gpr,chemistry_a,79.30499999999999,76.73788160449712,2.567118395502874,-2.567118395502874
S24,aroma,gpr,chemistry_a,80.25,76.48134806720806,3.76865193279194,-3.76865193279194
S25,aroma,gpr,chemistry_a,61.725,69.14402936948629,7.419029369486289,7.419029369486289
S26,aroma,gpr,chemistry_a,64.05,55.918574836632125,8.131425163367872,-8.131425163367872
S27,aroma,gpr,chemistry_a,63.2261,67.21097892191568,3.98487892191568,3.98487892191568
S28,aroma,gpr,chemistry_a,64.9211,68.00203098852505,3.080930988525054,3.080930988525054
S29,aroma,gpr,chemistry_a,53.94500000000001,65.59111752126691,11.646117521266902,11.646117521266902
S3,aroma,gpr,chemistry_a,73.8,72.28796467757664,1.5120353224233583,-1.5120353224233583
S30,aroma,gpr,chemistry_a,64.68823529411765,63.98989296588911,0.6983423282285344,-0.6983423282285344
S4,aroma,gpr,chemistry_a,63.615,69.66125176734062,6.046251767340614,6.046251767340614
S5,aroma,gpr,chemistry_a,72.99,73.29717488487617,0.3071748848761757,0.3071748848761757
S6,aroma,gpr,chemistry_a,61.425,64.59168441298675,3.166684412986754,3.166684412986754
S7,aroma,gpr,chemistry_a,78.41499999999999,67.1732323470814,11.241767652918597,-11.241767652918597
S8,aroma,gpr,chemistry_a,69.7,68.58479562528896,1.1152043747110412,-1.1152043747110412
S9,aroma,gpr,chemistry_a,73.83,74.86037172933365,1.0303717293336518,1.0303717293336518
S1,aroma,random_forest,chemistry_a,70.61,67.08440904380697,3.525590956193028,-3.525590956193028
S10,aroma,random_forest,chemistry_a,69.49634999999999,68.66475167704218,0.8315983229578165,-0.8315983229578165
S11,aroma,random_forest,chemistry_a,59.99,64.07776430287534,4.087764302875335,4.087764302875335
S12,aroma,random_forest,chemistry_a,74.92999999999999,63.35655977385322,11.573440226146772,-11.573440226146772
S13,aroma,random_forest,chemistry_a,70.075,73.20613072112411,3.1311307211241086,3.1311307211241086
S14,aroma,random_forest,chemistry_a,73.245,78.02262424295273,4.777624242952726,4.777624242952726
S15,aroma,random_forest,chemistry_a,83.56,75.44090066536906,8.119099334630945,-8.119099334630945
S16,aroma,random_forest,chemistry_a,80.15,74.92866843252094,5.221331567479069,-5.221331567479069
S17,aroma,random_forest,chemistry_a,62.07000000000001,70.67271550005698,8.602715500056973,8.602715500056973
S18,aroma,random_forest,chemistry_a,76.985,75.77784089365997,1.207159106340029,-1.207159106340029
S19,aroma,random_forest,chemistry_a,80.2525,70.84508805446534,9.407411945534662,-9.407411945534662
S2,aroma,random_forest,chemistry_a,59.975,78.97898760771243,19.003987607712425,19.003987607712425
S20,aroma,random_forest,chemistry_a,84.41499999999999,73.21169147663502,11.203308523364967,-11.203308523364967
S21,aroma,random_forest,chemistry_a,77.135,78.66067071677608,1.5256707167760766,1.5256707167760766
S22,aroma,random_forest,chemistry_a,78.21000000000001,73.67486547986739,4.535134520132615,-4.535134520132615
S23,aroma,random_forest,chemistry_a,79.30499999999999,75.02542578136513,4.279574218634863,-4.279574218634863
S24,aroma,random_forest,chemistry_a,80.25,76.08737593001115,4.162624069988851,-4.162624069988851
S25,aroma,random_forest,chemistry_a,61.725,66.64560333191025,4.92060333191025,4.92060333191025
S26,aroma,random_forest,chemistry_a,64.05,62.189644525351454,1.860355474648543,-1.860355474648543
S27,aroma,random_forest,chemistry_a,63.2261,68.898033397013,5.671933397012992,5.671933397012992
S28,aroma,random_forest,chemistry_a,64.9211,67.26896599602983,2.3478659960298387,2.3478659960298387
S29,aroma,random_forest,chemistry_a,53.94500000000001,65.03013672825293,11.08513672825292,11.08513672825292
S3,aroma,random_forest,chemistry_a,73.8,73.8134671795638,0.013467179563804166,0.013467179563804166
S30,aroma,random_forest,chemistry_a,64.68823529411765,64.08820098248067,0.6000343116369748,-0.6000343116369748
S4,aroma,random_forest,chemistry_a,63.615,73.27432872101348,9.659328721013473,9.659328721013473
S5,aroma,random_forest,chemistry_a,72.99,76.78271822263126,3.7927182226312652,3.7927182226312652
S6,aroma,random_forest,chemistry_a,61.425,75.94177893903479,14.516778939034793,14.516778939034793
S7,aroma,random_forest,chemistry_a,78.41499999999999,65.3449606933709,13.070039306629099,-13.070039306629099
S8,aroma,random_forest,chemistry_a,69.7,64.60084077478908,5.099159225210926,-5.099159225210926
S9,aroma,random_forest,chemistry_a,73.83,79.68272937587878,5.852729375878781,5.852729375878781
S1,aroma,xgboost,chemistry_a,70.61,67.80240631103516,2.807593688964843,-2.807593688964843
S10,aroma,xgboost,chemistry_a,69.49634999999999,70.496826171875,1.0004761718750075,1.0004761718750075
S11,aroma,xgboost,chemistry_a,59.99,65.4932861328125,5.503286132812498,5.503286132812498
S12,aroma,xgboost,chemistry_a,74.92999999999999,68.64936065673828,6.280639343261711,-6.280639343261711
S13,aroma,xgboost,chemistry_a,70.075,74.41327667236328,4.338276672363278,4.338276672363278
S14,aroma,xgboost,chemistry_a,73.245,76.05966186523438,2.8146618652343705,2.8146618652343705
S15,aroma,xgboost,chemistry_a,83.56,73.42031860351562,10.139681396484377,-10.139681396484377
S16,aroma,xgboost,chemistry_a,80.15,74.7595443725586,5.390455627441412,-5.390455627441412
S17,aroma,xgboost,chemistry_a,62.07000000000001,71.24732971191406,9.177329711914055,9.177329711914055
S18,aroma,xgboost,chemistry_a,76.985,75.87905883789062,1.1059411621093744,-1.1059411621093744
S19,aroma,xgboost,chemistry_a,80.2525,71.33943176269531,8.913068237304685,-8.913068237304685
S2,aroma,xgboost,chemistry_a,59.975,76.499267578125,16.524267578125,16.524267578125
S20,aroma,xgboost,chemistry_a,84.41499999999999,72.75203704833984,11.662962951660148,-11.662962951660148
S21,aroma,xgboost,chemistry_a,77.135,79.38398742675781,2.2489874267578074,2.2489874267578074
S22,aroma,xgboost,chemistry_a,78.21000000000001,73.20763397216797,5.002366027832039,-5.002366027832039
S23,aroma,xgboost,chemistry_a,79.30499999999999,73.24517059326172,6.059829406738274,-6.059829406738274
S24,aroma,xgboost,chemistry_a,80.25,76.14222717285156,4.1077728271484375,-4.1077728271484375
S25,aroma,xgboost,chemistry_a,61.725,67.28071594238281,5.555715942382811,5.555715942382811
S26,aroma,xgboost,chemistry_a,64.05,59.85836410522461,4.191635894775388,-4.191635894775388
S27,aroma,xgboost,chemistry_a,63.2261,65.87100982666016,2.644909826660154,2.644909826660154
S28,aroma,xgboost,chemistry_a,64.9211,67.41362762451172,2.492527624511723,2.492527624511723
S29,aroma,xgboost,chemistry_a,53.94500000000001,67.54200744628906,13.597007446289055,13.597007446289055
S3,aroma,xgboost,chemistry_a,73.8,69.08390045166016,4.716099548339841,-4.716099548339841
S30,aroma,xgboost,chemistry_a,64.68823529411765,66.51445770263672,1.8262224085190724,1.8262224085190724
S4,aroma,xgboost,chemistry_a,63.615,71.87612915039062,8.261129150390623,8.261129150390623
S5,aroma,xgboost,chemistry_a,72.99,75.38521575927734,2.395215759277349,2.395215759277349
S6,aroma,xgboost,chemistry_a,61.425,73.03736114501953,11.612361145019534,11.612361145019534
S7,aroma,xgboost,chemistry_a,78.41499999999999,66.62910461425781,11.78589538574218,-11.78589538574218
S8,aroma,xgboost,chemistry_a,69.7,67.67866516113281,2.0213348388671903,-2.0213348388671903
S9,aroma,xgboost,chemistry_a,73.83,77.16732025146484,3.3373202514648455,3.3373202514648455
S1,aroma,catboost,chemistry_a,70.61,67.81550912781941,2.794490872180589,-2.794490872180589
S10,aroma,catboost,chemistry_a,69.49634999999999,69.01677699844542,0.47957300155457006,-0.47957300155457006
S11,aroma,catboost,chemistry_a,59.99,66.70928918386988,6.719289183869883,6.719289183869883
S12,aroma,catboost,chemistry_a,74.92999999999999,69.08682926180384,5.84317073819615,-5.84317073819615
S13,aroma,catboost,chemistry_a,70.075,70.40045417043483,0.32545417043482416,0.32545417043482416
S14,aroma,catboost,chemistry_a,73.245,74.61635041893507,1.3713504189350658,1.3713504189350658
S15,aroma,catboost,chemistry_a,83.56,74.50486608454614,9.055133915453865,-9.055133915453865
S16,aroma,catboost,chemistry_a,80.15,74.12807162680268,6.021928373197326,-6.021928373197326
S17,aroma,catboost,chemistry_a,62.07000000000001,71.28315695119116,9.213156951191152,9.213156951191152
S18,aroma,catboost,chemistry_a,76.985,74.38270479458181,2.602295205418187,-2.602295205418187
S19,aroma,catboost,chemistry_a,80.2525,70.95458521105965,9.297914788940346,-9.297914788940346
S2,aroma,catboost,chemistry_a,59.975,74.11181249829119,14.136812498291185,14.136812498291185
S20,aroma,catboost,chemistry_a,84.41499999999999,73.37358814561495,11.041411854385046,-11.041411854385046
S21,aroma,catboost,chemistry_a,77.135,75.55401483870786,1.5809851612921477,-1.5809851612921477
S22,aroma,catboost,chemistry_a,78.21000000000001,74.64722039575835,3.562779604241655,-3.562779604241655
S23,aroma,catboost,chemistry_a,79.30499999999999,70.77921970034647,8.525780299653519,-8.525780299653519
S24,aroma,catboost,chemistry_a,80.25,75.80406432869013,4.4459356713098686,-4.4459356713098686
S25,aroma,catboost,chemistry_a,61.725,67.16640230891315,5.441402308913148,5.441402308913148
S26,aroma,catboost,chemistry_a,64.05,61.084370660250286,2.965629339749711,-2.965629339749711
S27,aroma,catboost,chemistry_a,63.2261,67.13769453921076,3.9115945392107534,3.9115945392107534
S28,aroma,catboost,chemistry_a,64.9211,69.18006794275145,4.258967942751454,4.258967942751454
S29,aroma,catboost,chemistry_a,53.94500000000001,68.86412942170371,14.919129421703701,14.919129421703701
S3,aroma,catboost,chemistry_a,73.8,69.55387856270039,4.246121437299607,-4.246121437299607
S30,aroma,catboost,chemistry_a,64.68823529411765,66.31008035424756,1.621845060129914,1.621845060129914
S4,aroma,catboost,chemistry_a,63.615,71.40726445296295,7.792264452962947,7.792264452962947
S5,aroma,catboost,chemistry_a,72.99,74.91828528733738,1.9282852873373884,1.9282852873373884
S6,aroma,catboost,chemistry_a,61.425,71.04318993901569,9.618189939015693,9.618189939015693
S7,aroma,catboost,chemistry_a,78.41499999999999,66.21736745799862,12.197632542001372,-12.197632542001372
S8,aroma,catboost,chemistry_a,69.7,65.9391747202803,3.760825279719697,-3.760825279719697
S9,aroma,catboost,chemistry_a,73.83,76.90121922445884,3.0712192244588437,3.0712192244588437
S1,aroma,ridge,chemistry_b,70.61,67.19561561619906,3.414384383800936,-3.414384383800936
S10,aroma,ridge,chemistry_b,69.49634999999999,63.967451692812816,5.528898307187177,-5.528898307187177
S11,aroma,ridge,chemistry_b,59.99,68.50017007891576,8.510170078915756,8.510170078915756
S12,aroma,ridge,chemistry_b,74.92999999999999,72.60248373906508,2.327516260934914,-2.327516260934914
S13,aroma,ridge,chemistry_b,70.075,62.63462201134505,7.4403779886549515,-7.4403779886549515
S14,aroma,ridge,chemistry_b,73.245,71.33306382463572,1.9119361753642892,-1.9119361753642892
S15,aroma,ridge,chemistry_b,83.56,89.62376117846081,6.063761178460808,6.063761178460808
S16,aroma,ridge,chemistry_b,80.15,74.65468469540181,5.4953153045981935,-5.4953153045981935
S17,aroma,ridge,chemistry_b,62.07000000000001,68.90323069681335,6.833230696813345,6.833230696813345
S18,aroma,ridge,chemistry_b,76.985,77.6494778998388,0.6644778998388006,0.6644778998388006
S19,aroma,ridge,chemistry_b,80.2525,79.47613427222927,0.7763657277707239,-0.7763657277707239
S2,aroma,ridge,chemistry_b,59.975,57.669922952332385,2.3050770476676163,-2.3050770476676163
S20,aroma,ridge,chemistry_b,84.41499999999999,81.6019658994762,2.8130341005237938,-2.8130341005237938
S21,aroma,ridge,chemistry_b,77.135,75.70399959628077,1.4310004037192385,-1.4310004037192385
S22,aroma,ridge,chemistry_b,78.21000000000001,86.31901657571805,8.109016575718044,8.109016575718044
S23,aroma,ridge,chemistry_b,79.30499999999999,79.54678742759192,0.24178742759193028,0.24178742759193028
S24,aroma,ridge,chemistry_b,80.25,79.06244333822013,1.1875566617798654,-1.1875566617798654
S25,aroma,ridge,chemistry_b,61.725,70.15490032498658,8.429900324986583,8.429900324986583
S26,aroma,ridge,chemistry_b,64.05,56.33438618272017,7.715613817279824,-7.715613817279824
S27,aroma,ridge,chemistry_b,63.2261,67.24351251972004,4.01741251972004,4.01741251972004
S28,aroma,ridge,chemistry_b,64.9211,68.08540115328262,3.164301153282622,3.164301153282622
S29,aroma,ridge,chemistry_b,53.94500000000001,64.05512981312067,10.110129813120665,10.110129813120665
S3,aroma,ridge,chemistry_b,73.8,68.76537299558963,5.034627004410368,-5.034627004410368
S30,aroma,ridge,chemistry_b,64.68823529411765,59.78737051029556,4.900864783822087,-4.900864783822087
S4,aroma,ridge,chemistry_b,63.615,72.06414232524052,8.449142325240523,8.449142325240523
S5,aroma,ridge,chemistry_b,72.99,73.95985795906338,0.9698579590633898,0.9698579590633898
S6,aroma,ridge,chemistry_b,61.425,59.185626475172725,2.239373524827272,-2.239373524827272
S7,aroma,ridge,chemistry_b,78.41499999999999,69.04015497543496,9.374845024565033,-9.374845024565033
S8,aroma,ridge,chemistry_b,69.7,64.38146569812126,5.318534301878742,-5.318534301878742
S9,aroma,ridge,chemistry_b,73.83,75.27704449367693,1.447044493676927,1.447044493676927
S1,aroma,pls,chemistry_b,70.61,64.98514112214302,5.62485887785698,-5.62485887785698
S10,aroma,pls,chemistry_b,69.49634999999999,60.9912687485648,8.505081251435193,-8.505081251435193
S11,aroma,pls,chemistry_b,59.99,63.0562341331782,3.066234133178199,3.066234133178199
S12,aroma,pls,chemistry_b,74.92999999999999,72.03907361104098,2.8909263889590164,-2.8909263889590164
S13,aroma,pls,chemistry_b,70.075,71.65316285972987,1.578162859729872,1.578162859729872
S14,aroma,pls,chemistry_b,73.245,74.87524294836106,1.630242948361058,1.630242948361058
S15,aroma,pls,chemistry_b,83.56,73.621379493178,9.938620506822005,-9.938620506822005
S16,aroma,pls,chemistry_b,80.15,80.07766936469936,0.07233063530064499,-0.07233063530064499
S17,aroma,pls,chemistry_b,62.07000000000001,71.38875044556403,9.31875044556402,9.31875044556402
S18,aroma,pls,chemistry_b,76.985,74.8788838524537,2.1061161475463024,-2.1061161475463024
S19,aroma,pls,chemistry_b,80.2525,73.10399947194665,7.148500528053347,-7.148500528053347
S2,aroma,pls,chemistry_b,59.975,62.42951476084479,2.4545147608447877,2.4545147608447877
S20,aroma,pls,chemistry_b,84.41499999999999,75.01239072579321,9.402609274206782,-9.402609274206782
S21,aroma,pls,chemistry_b,77.135,77.50992802128619,0.3749280212861805,0.3749280212861805
S22,aroma,pls,chemistry_b,78.21000000000001,85.27348382255919,7.063483822559178,7.063483822559178
S23,aroma,pls,chemistry_b,79.30499999999999,78.83511967839789,0.4698803216021048,-0.4698803216021048
S24,aroma,pls,chemistry_b,80.25,79.80681206784897,0.4431879321510337,-0.4431879321510337
S25,aroma,pls,chemistry_b,61.725,68.04400672717296,6.319006727172955,6.319006727172955
S26,aroma,pls,chemistry_b,64.05,55.54177432478811,8.50822567521189,-8.50822567521189
S27,aroma,pls,chemistry_b,63.2261,67.00893167857065,3.782831678570645,3.782831678570645
S28,aroma,pls,chemistry_b,64.9211,66.502507303491,1.5814073034910052,1.5814073034910052
S29,aroma,pls,chemistry_b,53.94500000000001,66.1217206667504,12.176720666750398,12.176720666750398
S3,aroma,pls,chemistry_b,73.8,78.18399747741014,4.383997477410148,4.383997477410148
S30,aroma,pls,chemistry_b,64.68823529411765,65.37783716218416,0.6896018680665179,0.6896018680665179
S4,aroma,pls,chemistry_b,63.615,69.56629303836854,5.95129303836854,5.95129303836854
S5,aroma,pls,chemistry_b,72.99,74.72340593878445,1.7334059387844576,1.7334059387844576
S6,aroma,pls,chemistry_b,61.425,64.25061948788863,2.8256194878886305,2.8256194878886305
S7,aroma,pls,chemistry_b,78.41499999999999,68.00476701095803,10.410232989041958,-10.410232989041958
S8,aroma,pls,chemistry_b,69.7,70.30110467726574,0.601104677265738,0.601104677265738
S9,aroma,pls,chemistry_b,73.83,79.91365841367433,6.083658413674328,6.083658413674328
S1,aroma,gpr,chemistry_b,70.61,65.84050029272446,4.769499707275543,-4.769499707275543
S10,aroma,gpr,chemistry_b,69.49634999999999,66.16096412105159,3.3353858789484008,-3.3353858789484008
S11,aroma,gpr,chemistry_b,59.99,66.25194582095111,6.261945820951105,6.261945820951105
S12,aroma,gpr,chemistry_b,74.92999999999999,70.12202995998314,4.807970040016855,-4.807970040016855
S13,aroma,gpr,chemistry_b,70.075,71.14828034728357,1.0732803472835712,1.0732803472835712
S14,aroma,gpr,chemistry_b,73.245,75.41410770124546,2.1691077012454514,2.1691077012454514
S15,aroma,gpr,chemistry_b,83.56,76.07012354887385,7.48987645112615,-7.48987645112615
S16,aroma,gpr,chemistry_b,80.15,75.76298963118965,4.387010368810351,-4.387010368810351
S17,aroma,gpr,chemistry_b,62.07000000000001,73.52324249544361,11.453242495443604,11.453242495443604
S18,aroma,gpr,chemistry_b,76.985,77.12224944120256,0.137249441202556,0.137249441202556
S19,aroma,gpr,chemistry_b,80.2525,72.4315178324073,7.820982167592703,-7.820982167592703
S2,aroma,gpr,chemistry_b,59.975,65.53346164355003,5.558461643550025,5.558461643550025
S20,aroma,gpr,chemistry_b,84.41499999999999,74.08917459555398,10.325825404446007,-10.325825404446007
S21,aroma,gpr,chemistry_b,77.135,75.0887889894918,2.046211010508202,-2.046211010508202
S22,aroma,gpr,chemistry_b,78.21000000000001,80.3887154477632,2.178715447763196,2.178715447763196
S23,aroma,gpr,chemistry_b,79.30499999999999,76.72792518507208,2.5770748149279115,-2.5770748149279115
S24,aroma,gpr,chemistry_b,80.25,76.62991072734629,3.620089272653715,-3.620089272653715
S25,aroma,gpr,chemistry_b,61.725,68.81931501323872,7.09431501323872,7.09431501323872
S26,aroma,gpr,chemistry_b,64.05,55.573636065120205,8.476363934879792,-8.476363934879792
S27,aroma,gpr,chemistry_b,63.2261,70.50571177891354,7.279611778913534,7.279611778913534
S28,aroma,gpr,chemistry_b,64.9211,67.59472679831592,2.6736267983159223,2.6736267983159223
S29,aroma,gpr,chemistry_b,53.94500000000001,65.64827127401325,11.703271274013247,11.703271274013247
S3,aroma,gpr,chemistry_b,73.8,72.65531769561979,1.1446823043802112,-1.1446823043802112
S30,aroma,gpr,chemistry_b,64.68823529411765,63.9792216297662,0.7090136643514455,-0.7090136643514455
S4,aroma,gpr,chemistry_b,63.615,69.35777049759207,5.742770497592069,5.742770497592069
S5,aroma,gpr,chemistry_b,72.99,73.6106380176843,0.6206380176842998,0.6206380176842998
S6,aroma,gpr,chemistry_b,61.425,64.64484396968047,3.2198439696804684,3.2198439696804684
S7,aroma,gpr,chemistry_b,78.41499999999999,68.34709138278805,10.067908617211941,-10.067908617211941
S8,aroma,gpr,chemistry_b,69.7,69.48541489160478,0.2145851083952266,-0.2145851083952266
S9,aroma,gpr,chemistry_b,73.83,76.4057914394245,2.5757914394245063,2.5757914394245063
S1,aroma,random_forest,chemistry_b,70.61,66.65231620947019,3.9576837905298135,-3.9576837905298135
S10,aroma,random_forest,chemistry_b,69.49634999999999,70.74144286063628,1.2450928606362908,1.2450928606362908
S11,aroma,random_forest,chemistry_b,59.99,63.50431858034765,3.5143185803476484,3.5143185803476484
S12,aroma,random_forest,chemistry_b,74.92999999999999,62.57099157984824,12.359008420151753,-12.359008420151753
S13,aroma,random_forest,chemistry_b,70.075,74.671437064314,4.596437064314003,4.596437064314003
S14,aroma,random_forest,chemistry_b,73.245,78.71754952758616,5.472549527586153,5.472549527586153
S15,aroma,random_forest,chemistry_b,83.56,75.93239760799028,7.62760239200972,-7.62760239200972
S16,aroma,random_forest,chemistry_b,80.15,75.41242942345959,4.737570576540421,-4.737570576540421
S17,aroma,random_forest,chemistry_b,62.07000000000001,70.95865146677556,8.888651466775556,8.888651466775556
S18,aroma,random_forest,chemistry_b,76.985,76.52214926383297,0.4628507361670273,-0.4628507361670273
S19,aroma,random_forest,chemistry_b,80.2525,72.46310596287503,7.789394037124964,-7.789394037124964
S2,aroma,random_forest,chemistry_b,59.975,78.50385935711363,18.528859357113625,18.528859357113625
S20,aroma,random_forest,chemistry_b,84.41499999999999,64.84812186546671,19.566878134533283,-19.566878134533283
S21,aroma,random_forest,chemistry_b,77.135,79.1896793735622,2.0546793735621947,2.0546793735621947
S22,aroma,random_forest,chemistry_b,78.21000000000001,73.32267558048167,4.887324419518336,-4.887324419518336
S23,aroma,random_forest,chemistry_b,79.30499999999999,74.94704837013833,4.35795162986166,-4.35795162986166
S24,aroma,random_forest,chemistry_b,80.25,76.24833943883912,4.001660561160875,-4.001660561160875
S25,aroma,random_forest,chemistry_b,61.725,64.26597097653072,2.5409709765307227,2.5409709765307227
S26,aroma,random_forest,chemistry_b,64.05,61.09855857472097,2.951441425279029,-2.951441425279029
S27,aroma,random_forest,chemistry_b,63.2261,70.41664642034132,7.19054642034132,7.19054642034132
S28,aroma,random_forest,chemistry_b,64.9211,70.27638813189579,5.35528813189579,5.35528813189579
S29,aroma,random_forest,chemistry_b,53.94500000000001,63.77964653411398,9.834646534113972,9.834646534113972
S3,aroma,random_forest,chemistry_b,73.8,73.2101380052691,0.5898619947308958,-0.5898619947308958
S30,aroma,random_forest,chemistry_b,64.68823529411765,63.690502940213705,0.9977323539039418,-0.9977323539039418
S4,aroma,random_forest,chemistry_b,63.615,72.54646409961182,8.931464099611823,8.931464099611823
S5,aroma,random_forest,chemistry_b,72.99,78.40704450072204,5.417044500722042,5.417044500722042
S6,aroma,random_forest,chemistry_b,61.425,73.95623379016804,12.531233790168045,12.531233790168045
S7,aroma,random_forest,chemistry_b,78.41499999999999,64.12530572282733,14.289694277172657,-14.289694277172657
S8,aroma,random_forest,chemistry_b,69.7,68.79424139123626,0.9057586087637475,-0.9057586087637475
S9,aroma,random_forest,chemistry_b,73.83,79.46288292850824,5.632882928508238,5.632882928508238
S1,aroma,xgboost,chemistry_b,70.61,66.57817077636719,4.031829223632812,-4.031829223632812
S10,aroma,xgboost,chemistry_b,69.49634999999999,70.28781127929688,0.7914612792968825,0.7914612792968825
S11,aroma,xgboost,chemistry_b,59.99,64.89684295654297,4.906842956542967,4.906842956542967
S12,aroma,xgboost,chemistry_b,74.92999999999999,68.07823944091797,6.851760559082024,-6.851760559082024
S13,aroma,xgboost,chemistry_b,70.075,74.78547668457031,4.71047668457031,4.71047668457031
S14,aroma,xgboost,chemistry_b,73.245,76.65674591064453,3.4117459106445267,3.4117459106445267
S15,aroma,xgboost,chemistry_b,83.56,75.63360595703125,7.926394042968752,-7.926394042968752
S16,aroma,xgboost,chemistry_b,80.15,75.12866973876953,5.021330261230474,-5.021330261230474
S17,aroma,xgboost,chemistry_b,62.07000000000001,70.15702056884766,8.087020568847649,8.087020568847649
S18,aroma,xgboost,chemistry_b,76.985,75.4112319946289,1.5737680053710932,-1.5737680053710932
S19,aroma,xgboost,chemistry_b,80.2525,71.43177795410156,8.820722045898435,-8.820722045898435
S2,aroma,xgboost,chemistry_b,59.975,75.46923065185547,15.494230651855467,15.494230651855467
S20,aroma,xgboost,chemistry_b,84.41499999999999,67.2378158569336,17.1771841430664,-17.1771841430664
S21,aroma,xgboost,chemistry_b,77.135,79.87165069580078,2.736650695800776,2.736650695800776
S22,aroma,xgboost,chemistry_b,78.21000000000001,73.91159057617188,4.298409423828133,-4.298409423828133
S23,aroma,xgboost,chemistry_b,79.30499999999999,72.38179016113281,6.92320983886718,-6.92320983886718
S24,aroma,xgboost,chemistry_b,80.25,75.78524017333984,4.464759826660156,-4.464759826660156
S25,aroma,xgboost,chemistry_b,61.725,66.7088851928711,4.983885192871092,4.983885192871092
S26,aroma,xgboost,chemistry_b,64.05,58.54395294189453,5.506047058105466,-5.506047058105466
S27,aroma,xgboost,chemistry_b,63.2261,69.14311981201172,5.917019812011716,5.917019812011716
S28,aroma,xgboost,chemistry_b,64.9211,70.1137924194336,5.192692419433598,5.192692419433598
S29,aroma,xgboost,chemistry_b,53.94500000000001,67.90552520751953,13.960525207519524,13.960525207519524
S3,aroma,xgboost,chemistry_b,73.8,68.83099365234375,4.969006347656247,-4.969006347656247
S30,aroma,xgboost,chemistry_b,64.68823529411765,65.30917358398438,0.6209382898667286,0.6209382898667286
S4,aroma,xgboost,chemistry_b,63.615,72.49996185302734,8.884961853027342,8.884961853027342
S5,aroma,xgboost,chemistry_b,72.99,76.92648315429688,3.93648315429688,3.93648315429688
S6,aroma,xgboost,chemistry_b,61.425,72.30386352539062,10.878863525390628,10.878863525390628
S7,aroma,xgboost,chemistry_b,78.41499999999999,63.53079605102539,14.884203948974601,-14.884203948974601
S8,aroma,xgboost,chemistry_b,69.7,68.31395721435547,1.386042785644534,-1.386042785644534
S9,aroma,xgboost,chemistry_b,73.83,76.81719970703125,2.9871997070312517,2.9871997070312517
S1,aroma,catboost,chemistry_b,70.61,67.99544101914466,2.6145589808553353,-2.6145589808553353
S10,aroma,catboost,chemistry_b,69.49634999999999,73.06969169750239,3.5733416975024,3.5733416975024
S11,aroma,catboost,chemistry_b,59.99,66.00751662353112,6.017516623531115,6.017516623531115
S12,aroma,catboost,chemistry_b,74.92999999999999,69.09388994101371,5.836110058986279,-5.836110058986279
S13,aroma,catboost,chemistry_b,70.075,74.22804479874753,4.15304479874753,4.15304479874753
S14,aroma,catboost,chemistry_b,73.245,76.20674064034694,2.9617406403469317,2.9617406403469317
S15,aroma,catboost,chemistry_b,83.56,75.20366966452916,8.356330335470844,-8.356330335470844
S16,aroma,catboost,chemistry_b,80.15,76.67957737174422,3.4704226282557897,-3.4704226282557897
S17,aroma,catboost,chemistry_b,62.07000000000001,71.45079266321228,9.380792663212276,9.380792663212276
S18,aroma,catboost,chemistry_b,76.985,74.5876811845905,2.3973188154095055,-2.3973188154095055
S19,aroma,catboost,chemistry_b,80.2525,73.83768284280652,6.4148171571934824,-6.4148171571934824
S2,aroma,catboost,chemistry_b,59.975,72.25898935823987,12.283989358239872,12.283989358239872
S20,aroma,catboost,chemistry_b,84.41499999999999,69.30363346144006,15.111366538559935,-15.111366538559935
S21,aroma,catboost,chemistry_b,77.135,78.54581593530114,1.4108159353011303,1.4108159353011303
S22,aroma,catboost,chemistry_b,78.21000000000001,74.64819879054538,3.5618012094546287,-3.5618012094546287
S23,aroma,catboost,chemistry_b,79.30499999999999,73.90409685600511,5.400903143994881,-5.400903143994881
S24,aroma,catboost,chemistry_b,80.25,74.91212742153948,5.337872578460519,-5.337872578460519
S25,aroma,catboost,chemistry_b,61.725,65.77840443589501,4.053404435895011,4.053404435895011
S26,aroma,catboost,chemistry_b,64.05,59.81098634884874,4.239013651151254,-4.239013651151254
S27,aroma,catboost,chemistry_b,63.2261,69.53146238004004,6.305362380040037,6.305362380040037
S28,aroma,catboost,chemistry_b,64.9211,68.86496062244154,3.943860622441548,3.943860622441548
S29,aroma,catboost,chemistry_b,53.94500000000001,66.9493697390603,13.004369739060294,13.004369739060294
S3,aroma,catboost,chemistry_b,73.8,71.5298984277474,2.2701015722525995,-2.2701015722525995
S30,aroma,catboost,chemistry_b,64.68823529411765,64.73608605814825,0.04785076403059918,0.04785076403059918
S4,aroma,catboost,chemistry_b,63.615,71.6522781888553,8.037278188855304,8.037278188855304
S5,aroma,catboost,chemistry_b,72.99,75.71934806425278,2.7293480642527896,2.7293480642527896
S6,aroma,catboost,chemistry_b,61.425,70.66192468753027,9.236924687530276,9.236924687530276
S7,aroma,catboost,chemistry_b,78.41499999999999,66.76455446472876,11.650445535271231,-11.650445535271231
S8,aroma,catboost,chemistry_b,69.7,69.47945810805477,0.22054189194523133,-0.22054189194523133
S9,aroma,catboost,chemistry_b,73.83,75.65471195208184,1.8247119520818416,1.8247119520818416
S1,aroma,mean,baseline,70.61,70.94180415944541,0.33180415944541153,0.33180415944541153
S10,aroma,mean,baseline,69.49634999999999,70.98040554592721,1.4840555459272196,1.4840555459272196
S11,aroma,mean,baseline,59.99,71.3099150779896,11.319915077989599,11.319915077989599
S12,aroma,mean,baseline,74.92999999999999,70.79206412478337,4.137935875216627,-4.137935875216627
S13,aroma,mean,baseline,70.075,70.96034835355286,0.8853483535528568,0.8853483535528568
S14,aroma,mean,baseline,73.245,70.85046967071058,2.3945303292894238,-2.3945303292894238
S15,aroma,mean,baseline,83.56,70.49293067590989,13.067069324090113,-13.067069324090113
S16,aroma,mean,baseline,80.15,70.61112824956672,9.538871750433287,-9.538871750433287
S17,aroma,mean,baseline,62.07000000000001,71.23781802426345,9.16781802426344,9.16781802426344
S18,aroma,mean,baseline,76.985,70.72083362218372,6.264166377816281,-6.264166377816281
S19,aroma,mean,baseline,80.2525,70.60757538994801,9.644924610051987,-9.644924610051987
S2,aroma,mean,baseline,59.975,71.31043500866551,11.335435008665506,11.335435008665506
S20,aroma,mean,baseline,84.41499999999999,70.46329462738302,13.95170537261697,-13.95170537261697
S21,aroma,mean,baseline,77.135,70.71563431542461,6.419365684575396,-6.419365684575396
S22,aroma,mean,baseline,78.21000000000001,70.6783726169844,7.5316273830156035,-7.5316273830156035
S23,aroma,mean,baseline,79.30499999999999,70.64041767764299,8.664582322357006,-8.664582322357006
S24,aroma,mean,baseline,80.25,70.60766204506066,9.642337954939336,-9.642337954939336
S25,aroma,mean,baseline,61.725,71.24977642980936,9.524776429809357,9.524776429809357
S26,aroma,mean,baseline,64.05,71.16918717504332,7.119187175043322,7.119187175043322
S27,aroma,mean,baseline,63.2261,71.1977452339688,7.9716452339688,7.9716452339688
S28,aroma,mean,baseline,64.9211,71.13899306759099,6.2178930675909925,6.2178930675909925
S29,aroma,mean,baseline,53.94500000000001,71.51944714038129,17.57444714038128,17.57444714038128
S3,aroma,mean,baseline,73.8,70.8312322357019,2.968767764298093,-2.968767764298093
S30,aroma,mean,baseline,64.68823529411765,71.11365689655173,6.425421602434085,6.425421602434085
S4,aroma,mean,baseline,63.615,71.18426516464471,7.569265164644712,7.569265164644712
S5,aroma,mean,baseline,72.99,70.85930849220104,2.130691507798957,-2.130691507798957
S6,aroma,mean,baseline,61.425,71.26017504332755,9.835175043327553,9.835175043327553
S7,aroma,mean,baseline,78.41499999999999,70.67126689774696,7.743733102253032,-7.743733102253032
S8,aroma,mean,baseline,69.7,70.9733466204506,1.2733466204505959,1.2733466204505959
S9,aroma,mean,baseline,73.83,70.83019237435009,2.9998076256499075,-2.9998076256499075
S1,aroma,nearest_chemistry,baseline,70.61,62.07000000000001,8.539999999999992,-8.539999999999992
S10,aroma,nearest_chemistry,baseline,69.49634999999999,59.99,9.50634999999999,-9.50634999999999
S11,aroma,nearest_chemistry,baseline,59.99,61.425,1.4349999999999952,1.4349999999999952
S12,aroma,nearest_chemistry,baseline,74.92999999999999,63.615,11.31499999999999,-11.31499999999999
S13,aroma,nearest_chemistry,baseline,70.075,73.245,3.1700000000000017,3.1700000000000017
S14,aroma,nearest_chemistry,baseline,73.245,70.075,3.1700000000000017,-3.1700000000000017
S15,aroma,nearest_chemistry,baseline,83.56,73.245,10.314999999999998,-10.314999999999998
S16,aroma,nearest_chemistry,baseline,80.15,83.56,3.4099999999999966,3.4099999999999966
S17,aroma,nearest_chemistry,baseline,62.07000000000001,70.61,8.539999999999992,8.539999999999992
S18,aroma,nearest_chemistry,baseline,76.985,84.41499999999999,7.429999999999993,7.429999999999993
S19,aroma,nearest_chemistry,baseline,80.2525,73.245,7.007499999999993,-7.007499999999993
S2,aroma,nearest_chemistry,baseline,59.975,59.99,0.015000000000000568,0.015000000000000568
S20,aroma,nearest_chemistry,baseline,84.41499999999999,76.985,7.429999999999993,-7.429999999999993
S21,aroma,nearest_chemistry,baseline,77.135,76.985,0.15000000000000568,-0.15000000000000568
S22,aroma,nearest_chemistry,baseline,78.21000000000001,76.985,1.2250000000000085,-1.2250000000000085
S23,aroma,nearest_chemistry,baseline,79.30499999999999,84.41499999999999,5.109999999999999,5.109999999999999
S24,aroma,nearest_chemistry,baseline,80.25,76.985,3.2650000000000006,-3.2650000000000006
S25,aroma,nearest_chemistry,baseline,61.725,64.05,2.3249999999999957,2.3249999999999957
S26,aroma,nearest_chemistry,baseline,64.05,53.94500000000001,10.10499999999999,-10.10499999999999
S27,aroma,nearest_chemistry,baseline,63.2261,64.9211,1.6949999999999932,1.6949999999999932
S28,aroma,nearest_chemistry,baseline,64.9211,64.68823529411765,0.2328647058823492,-0.2328647058823492
S29,aroma,nearest_chemistry,baseline,53.94500000000001,64.05,10.10499999999999,10.10499999999999
S3,aroma,nearest_chemistry,baseline,73.8,80.2525,6.452500000000001,6.452500000000001
S30,aroma,nearest_chemistry,baseline,64.68823529411765,64.9211,0.2328647058823492,0.2328647058823492
S4,aroma,nearest_chemistry,baseline,63.615,78.41499999999999,14.79999999999999,14.79999999999999
S5,aroma,nearest_chemistry,baseline,72.99,70.61,2.3799999999999955,-2.3799999999999955
S6,aroma,nearest_chemistry,baseline,61.425,59.99,1.4349999999999952,-1.4349999999999952
S7,aroma,nearest_chemistry,baseline,78.41499999999999,63.615,14.79999999999999,-14.79999999999999
S8,aroma,nearest_chemistry,baseline,69.7,76.985,7.284999999999997,7.284999999999997
S9,aroma,nearest_chemistry,baseline,73.83,83.56,9.730000000000004,9.730000000000004
S1,taste,ridge,chemistry_a,52.985,61.491980267698594,8.506980267698594,8.506980267698594
S10,taste,ridge,chemistry_a,57.92999999999999,65.02564485590499,7.095644855904993,7.095644855904993
S11,taste,ridge,chemistry_a,62.205,55.38558689768426,6.819413102315735,-6.819413102315735
S12,taste,ridge,chemistry_a,70.16,61.96140346571697,8.198596534283027,-8.198596534283027
S13,taste,ridge,chemistry_a,71.045,59.65606857375817,11.388931426241832,-11.388931426241832
S14,taste,ridge,chemistry_a,67.03999999999999,65.82760495589756,1.2123950441024363,-1.2123950441024363
S15,taste,ridge,chemistry_a,75.965,74.11639916341687,1.848600836583131,-1.848600836583131
S16,taste,ridge,chemistry_a,80.685,81.24270117364942,0.55770117364942,0.55770117364942
S17,taste,ridge,chemistry_a,56.620000000000005,64.39714400198781,7.777144001987807,7.777144001987807
S18,taste,ridge,chemistry_a,73.86690625,68.80166922904094,5.06523702095906,-5.06523702095906
S19,taste,ridge,chemistry_a,80.66499999999999,76.91986534591817,3.7451346540818236,-3.7451346540818236
S2,taste,ridge,chemistry_a,59.419500000000006,46.12721849220973,13.292281507790278,-13.292281507790278
S20,taste,ridge,chemistry_a,77.14,71.94335759987135,5.196642400128653,-5.196642400128653
S21,taste,ridge,chemistry_a,72.9608875,74.56122204099034,1.600334540990346,1.600334540990346
S22,taste,ridge,chemistry_a,74.125,84.81063640884813,10.685636408848126,10.685636408848126
S23,taste,ridge,chemistry_a,74.71000000000001,78.47245017240468,3.7624501724046695,3.7624501724046695
S24,taste,ridge,chemistry_a,78.92,77.83536838369443,1.0846316163055718,-1.0846316163055718
S25,taste,ridge,chemistry_a,46.465,61.54640881612725,15.081408816127244,15.081408816127244
S26,taste,ridge,chemistry_a,44.66,39.80231991422418,4.857680085775819,-4.857680085775819
S27,taste,ridge,chemistry_a,48.56,52.736795844273686,4.176795844273684,4.176795844273684
S28,taste,ridge,chemistry_a,44.745,58.319367764127584,13.574367764127587,13.574367764127587
S29,taste,ridge,chemistry_a,50.2,49.12835072555008,1.0716492744499249,-1.0716492744499249
S3,taste,ridge,chemistry_a,73.47,87.67760000126256,14.207600001262563,14.207600001262563
S30,taste,ridge,chemistry_a,51.65294117647059,51.95119931153265,0.29825813506205634,0.29825813506205634
S4,taste,ridge,chemistry_a,60.83,58.88684434334298,1.9431556566570194,-1.9431556566570194
S5,taste,ridge,chemistry_a,69.63,49.71137803507142,19.918621964928576,-19.918621964928576
S6,taste,ridge,chemistry_a,57.995000000000005,61.72928962923927,3.7342896292392638,3.7342896292392638
S7,taste,ridge,chemistry_a,69.64916665,61.42309690091291,8.226069749087088,-8.226069749087088
S8,taste,ridge,chemistry_a,69.035,60.299953486525986,8.73504651347401,-8.73504651347401
S9,taste,ridge,chemistry_a,73.795,77.05572171803081,3.2607217180308083,3.2607217180308083
S1,taste,pls,chemistry_a,52.985,61.720662084052535,8.735662084052535,8.735662084052535
S10,taste,pls,chemistry_a,57.92999999999999,59.49489306496582,1.5648930649658297,1.5648930649658297
S11,taste,pls,chemistry_a,62.205,55.13586207468627,7.069137925313726,-7.069137925313726
S12,taste,pls,chemistry_a,70.16,63.099814111593695,7.060185888406302,-7.060185888406302
S13,taste,pls,chemistry_a,71.045,66.96118030892123,4.083819691078773,-4.083819691078773
S14,taste,pls,chemistry_a,67.03999999999999,68.82086262245221,1.7808626224522186,1.7808626224522186
S15,taste,pls,chemistry_a,75.965,70.26420573353633,5.700794266463674,-5.700794266463674
S16,taste,pls,chemistry_a,80.685,81.38136320745352,0.6963632074535155,0.6963632074535155
S17,taste,pls,chemistry_a,56.620000000000005,67.68542555183807,11.06542555183806,11.06542555183806
S18,taste,pls,chemistry_a,73.86690625,68.31225235559693,5.554653894403074,-5.554653894403074
S19,taste,pls,chemistry_a,80.66499999999999,73.24360114248638,7.4213988575136085,-7.4213988575136085
S2,taste,pls,chemistry_a,59.419500000000006,54.70517338377316,4.714326616226849,-4.714326616226849
S20,taste,pls,chemistry_a,77.14,71.90972620938966,5.23027379061034,-5.23027379061034
S21,taste,pls,chemistry_a,72.9608875,77.39272756553707,4.431840065537074,4.431840065537074
S22,taste,pls,chemistry_a,74.125,79.94785011121476,5.822850111214763,5.822850111214763
S23,taste,pls,chemistry_a,74.71000000000001,75.31400248565271,0.6040024856526998,0.6040024856526998
S24,taste,pls,chemistry_a,78.92,71.9375426363898,6.982457363610209,-6.982457363610209
S25,taste,pls,chemistry_a,46.465,60.7288825325564,14.263882532556394,14.263882532556394
S26,taste,pls,chemistry_a,44.66,42.06004743184054,2.599952568159459,-2.599952568159459
S27,taste,pls,chemistry_a,48.56,50.5651006067139,2.0051006067138957,2.0051006067138957
S28,taste,pls,chemistry_a,44.745,54.38644644915145,9.641446449151452,9.641446449151452
S29,taste,pls,chemistry_a,50.2,55.016306846335944,4.816306846335941,4.816306846335941
S3,taste,pls,chemistry_a,73.47,83.51887710725234,10.048877107252338,10.048877107252338
S30,taste,pls,chemistry_a,51.65294117647059,54.26789062331276,2.614949446842168,2.614949446842168
S4,taste,pls,chemistry_a,60.83,60.12998441370722,0.7000155862927784,-0.7000155862927784
S5,taste,pls,chemistry_a,69.63,58.85507359066302,10.774926409336977,-10.774926409336977
S6,taste,pls,chemistry_a,57.995000000000005,57.63390950209892,0.36109049790108116,-0.36109049790108116
S7,taste,pls,chemistry_a,69.64916665,58.952122847091935,10.697043802908063,-10.697043802908063
S8,taste,pls,chemistry_a,69.035,66.86172844060316,2.173271559396838,-2.173271559396838
S9,taste,pls,chemistry_a,73.795,75.0040589070218,1.2090589070217987,1.2090589070217987
S1,taste,gpr,chemistry_a,52.985,62.06199982815093,9.076999828150932,9.076999828150932
S10,taste,gpr,chemistry_a,57.92999999999999,65.6009462141556,7.670946214155606,7.670946214155606
S11,taste,gpr,chemistry_a,62.205,56.700057987485124,5.504942012514874,-5.504942012514874
S12,taste,gpr,chemistry_a,70.16,65.86653945907257,4.293460540927427,-4.293460540927427
S13,taste,gpr,chemistry_a,71.045,64.25366814018615,6.791331859813852,-6.791331859813852
S14,taste,gpr,chemistry_a,67.03999999999999,70.33175580503493,3.2917558050349385,3.2917558050349385
S15,taste,gpr,chemistry_a,75.965,71.54787527031755,4.417124729682456,-4.417124729682456
S16,taste,gpr,chemistry_a,80.685,73.06971489790291,7.61528510209709,-7.61528510209709
S17,taste,gpr,chemistry_a,56.620000000000005,63.510482287909234,6.890482287909229,6.890482287909229
S18,taste,gpr,chemistry_a,73.86690625,67.57708396689188,6.289822283108123,-6.289822283108123
S19,taste,gpr,chemistry_a,80.66499999999999,71.96411256336987,8.700887436630126,-8.700887436630126
S2,taste,gpr,chemistry_a,59.419500000000006,58.84710672894151,0.5723932710584947,-0.5723932710584947
S20,taste,gpr,chemistry_a,77.14,70.65684960474466,6.483150395255336,-6.483150395255336
S21,taste,gpr,chemistry_a,72.9608875,74.70400447055538,1.743116970555377,1.743116970555377
S22,taste,gpr,chemistry_a,74.125,83.5479226797018,9.422922679701799,9.422922679701799
S23,taste,gpr,chemistry_a,74.71000000000001,73.05607718400395,1.6539228159960544,-1.6539228159960544
S24,taste,gpr,chemistry_a,78.92,73.18652321272403,5.7334767872759755,-5.7334767872759755
S25,taste,gpr,chemistry_a,46.465,59.87273027780175,13.407730277801747,13.407730277801747
S26,taste,gpr,chemistry_a,44.66,43.20299459278417,1.4570054072158243,-1.4570054072158243
S27,taste,gpr,chemistry_a,48.56,54.535262553056285,5.975262553056282,5.975262553056282
S28,taste,gpr,chemistry_a,44.745,55.61353921448315,10.86853921448315,10.86853921448315
S29,taste,gpr,chemistry_a,50.2,54.05264007270457,3.852640072704567,3.852640072704567
S3,taste,gpr,chemistry_a,73.47,75.1149460554366,1.6449460554366055,1.6449460554366055
S30,taste,gpr,chemistry_a,51.65294117647059,52.23775219280906,0.5848110163384703,0.5848110163384703
S4,taste,gpr,chemistry_a,60.83,63.95107993489434,3.1210799348943397,3.1210799348943397
S5,taste,gpr,chemistry_a,69.63,60.113544611706644,9.516455388293352,-9.516455388293352
S6,taste,gpr,chemistry_a,57.995000000000005,59.94400897176983,1.9490089717698282,1.9490089717698282
S7,taste,gpr,chemistry_a,69.64916665,58.201570014304025,11.447596635695973,-11.447596635695973
S8,taste,gpr,chemistry_a,69.035,64.69656428986177,4.338435710138228,-4.338435710138228
S9,taste,gpr,chemistry_a,73.795,70.10623474521455,3.6887652547854515,-3.6887652547854515
S1,taste,random_forest,chemistry_a,52.985,57.175862770397885,4.190862770397885,4.190862770397885
S10,taste,random_forest,chemistry_a,57.92999999999999,54.935653225808025,2.9943467741919676,-2.9943467741919676
S11,taste,random_forest,chemistry_a,62.205,59.927805262959076,2.2771947370409222,-2.2771947370409222
S12,taste,random_forest,chemistry_a,70.16,55.03155097433044,15.128449025669553,-15.128449025669553
S13,taste,random_forest,chemistry_a,71.045,70.50159603962962,0.5434039603703837,-0.5434039603703837
S14,taste,random_forest,chemistry_a,67.03999999999999,74.69593127838924,7.655931278389247,7.655931278389247
S15,taste,random_forest,chemistry_a,75.965,74.48116261715072,1.4838373828492877,-1.4838373828492877
S16,taste,random_forest,chemistry_a,80.685,71.82737127668682,8.857628723313184,-8.857628723313184
S17,taste,random_forest,chemistry_a,56.620000000000005,56.34518883830599,0.27481116169401787,-0.27481116169401787
S18,taste,random_forest,chemistry_a,73.86690625,72.3488524441216,1.5180538058783952,-1.5180538058783952
S19,taste,random_forest,chemistry_a,80.66499999999999,67.87309389169869,12.791906108301305,-12.791906108301305
S2,taste,random_forest,chemistry_a,59.419500000000006,77.05079720846365,17.631297208463643,17.631297208463643
S20,taste,random_forest,chemistry_a,77.14,73.91684727821396,3.223152721786036,-3.223152721786036
S21,taste,random_forest,chemistry_a,72.9608875,76.58001939417333,3.6191318941733357,3.6191318941733357
S22,taste,random_forest,chemistry_a,74.125,72.82788068455923,1.2971193154407672,-1.2971193154407672
S23,taste,random_forest,chemistry_a,74.71000000000001,73.84308606996107,0.8669139300389332,-0.8669139300389332
S24,taste,random_forest,chemistry_a,78.92,72.82401727595781,6.095982724042187,-6.095982724042187
S25,taste,random_forest,chemistry_a,46.465,58.51657179050952,12.05157179050952,12.05157179050952
S26,taste,random_forest,chemistry_a,44.66,54.76413846714255,10.104138467142555,10.104138467142555
S27,taste,random_forest,chemistry_a,48.56,58.005016230914315,9.445016230914312,9.445016230914312
S28,taste,random_forest,chemistry_a,44.745,55.441778551221525,10.696778551221527,10.696778551221527
S29,taste,random_forest,chemistry_a,50.2,53.621744548948485,3.4217445489484817,3.4217445489484817
S3,taste,random_forest,chemistry_a,73.47,72.46919585930064,1.0008041406993584,-1.0008041406993584
S30,taste,random_forest,chemistry_a,51.65294117647059,51.76752032229,0.11457914581940543,0.11457914581940543
S4,taste,random_forest,chemistry_a,60.83,68.4325940632842,7.602594063284201,7.602594063284201
S5,taste,random_forest,chemistry_a,69.63,71.77656181018513,2.1465618101851334,2.1465618101851334
S6,taste,random_forest,chemistry_a,57.995000000000005,74.46774734746177,16.472747347461763,16.472747347461763
S7,taste,random_forest,chemistry_a,69.64916665,48.39828708434628,21.25087956565372,-21.25087956565372
S8,taste,random_forest,chemistry_a,69.035,56.56336102672541,12.471638973274587,-12.471638973274587
S9,taste,random_forest,chemistry_a,73.795,73.60781596591332,0.18718403408668394,-0.18718403408668394
S1,taste,xgboost,chemistry_a,52.985,57.25261306762695,4.267613067626954,4.267613067626954
S10,taste,xgboost,chemistry_a,57.92999999999999,59.699188232421875,1.7691882324218824,1.7691882324218824
S11,taste,xgboost,chemistry_a,62.205,60.67440414428711,1.530595855712889,-1.530595855712889
S12,taste,xgboost,chemistry_a,70.16,60.280296325683594,9.879703674316403,-9.879703674316403
S13,taste,xgboost,chemistry_a,71.045,68.22755432128906,2.817445678710939,-2.817445678710939
S14,taste,xgboost,chemistry_a,67.03999999999999,74.38011932373047,7.340119323730477,7.340119323730477
S15,taste,xgboost,chemistry_a,75.965,74.8796157836914,1.0853842163085972,-1.0853842163085972
S16,taste,xgboost,chemistry_a,80.685,74.69136047363281,5.99363952636719,-5.99363952636719
S17,taste,xgboost,chemistry_a,56.620000000000005,56.2269401550293,0.3930598449707077,-0.3930598449707077
S18,taste,xgboost,chemistry_a,73.86690625,71.1754150390625,2.6914912109374995,-2.6914912109374995
S19,taste,xgboost,chemistry_a,80.66499999999999,66.4970474243164,14.167952575683586,-14.167952575683586
S2,taste,xgboost,chemistry_a,59.419500000000006,74.97647857666016,15.55697857666015,15.55697857666015
S20,taste,xgboost,chemistry_a,77.14,72.69254302978516,4.447456970214844,-4.447456970214844
S21,taste,xgboost,chemistry_a,72.9608875,75.59976959228516,2.638882092285158,2.638882092285158
S22,taste,xgboost,chemistry_a,74.125,74.51197814941406,0.3869781494140625,0.3869781494140625
S23,taste,xgboost,chemistry_a,74.71000000000001,70.85440063476562,3.855599365234383,-3.855599365234383
S24,taste,xgboost,chemistry_a,78.92,70.00627899169922,8.913721008300783,-8.913721008300783
S25,taste,xgboost,chemistry_a,46.465,61.72106170654297,15.256061706542965,15.256061706542965
S26,taste,xgboost,chemistry_a,44.66,54.09416961669922,9.434169616699222,9.434169616699222
S27,taste,xgboost,chemistry_a,48.56,56.880001068115234,8.320001068115232,8.320001068115232
S28,taste,xgboost,chemistry_a,44.745,54.59245681762695,9.847456817626956,9.847456817626956
S29,taste,xgboost,chemistry_a,50.2,55.02183532714844,4.821835327148435,4.821835327148435
S3,taste,xgboost,chemistry_a,73.47,69.53208923339844,3.9379107666015614,-3.9379107666015614
S30,taste,xgboost,chemistry_a,51.65294117647059,48.931175231933594,2.7217659445369975,-2.7217659445369975
S4,taste,xgboost,chemistry_a,60.83,70.22740936279297,9.39740936279297,9.39740936279297
S5,taste,xgboost,chemistry_a,69.63,68.2526626586914,1.3773373413085892,-1.3773373413085892
S6,taste,xgboost,chemistry_a,57.995000000000005,72.6389389038086,14.64393890380859,14.64393890380859
S7,taste,xgboost,chemistry_a,69.64916665,55.390560150146484,14.258606499853514,-14.258606499853514
S8,taste,xgboost,chemistry_a,69.035,54.71694564819336,14.318054351806637,-14.318054351806637
S9,taste,xgboost,chemistry_a,73.795,70.33155059814453,3.4634494018554705,-3.4634494018554705
S1,taste,catboost,chemistry_a,52.985,58.20669148540587,5.22169148540587,5.22169148540587
S10,taste,catboost,chemistry_a,57.92999999999999,65.30818635875494,7.378186358754945,7.378186358754945
S11,taste,catboost,chemistry_a,62.205,60.93797366099686,1.267026339003138,-1.267026339003138
S12,taste,catboost,chemistry_a,70.16,61.99701832056165,8.162981679438346,-8.162981679438346
S13,taste,catboost,chemistry_a,71.045,65.3842005339557,5.6607994660442955,-5.6607994660442955
S14,taste,catboost,chemistry_a,67.03999999999999,75.33136587630221,8.291365876302223,8.291365876302223
S15,taste,catboost,chemistry_a,75.965,74.61411871463022,1.3508812853697805,-1.3508812853697805
S16,taste,catboost,chemistry_a,80.685,72.57549982835853,8.109500171641471,-8.109500171641471
S17,taste,catboost,chemistry_a,56.620000000000005,60.314992616844755,3.6949926168447504,3.6949926168447504
S18,taste,catboost,chemistry_a,73.86690625,70.96683476162751,2.9000714883724896,-2.9000714883724896
S19,taste,catboost,chemistry_a,80.66499999999999,68.17214988452317,12.492850115476827,-12.492850115476827
S2,taste,catboost,chemistry_a,59.419500000000006,71.00084473085869,11.581344730858682,11.581344730858682
S20,taste,catboost,chemistry_a,77.14,72.64788178545092,4.49211821454908,-4.49211821454908
S21,taste,catboost,chemistry_a,72.9608875,72.62876427752681,0.3321232224731858,-0.3321232224731858
S22,taste,catboost,chemistry_a,74.125,72.70403815449757,1.4209618455024327,-1.4209618455024327
S23,taste,catboost,chemistry_a,74.71000000000001,70.11349339394516,4.596506606054845,-4.596506606054845
S24,taste,catboost,chemistry_a,78.92,67.27268349553738,11.647316504462623,-11.647316504462623
S25,taste,catboost,chemistry_a,46.465,60.92613198454476,14.461131984544757,14.461131984544757
S26,taste,catboost,chemistry_a,44.66,52.77537904130596,8.115379041305964,8.115379041305964
S27,taste,catboost,chemistry_a,48.56,53.3665969765457,4.806596976545698,4.806596976545698
S28,taste,catboost,chemistry_a,44.745,54.5649054847902,9.819905484790205,9.819905484790205
S29,taste,catboost,chemistry_a,50.2,59.28204024974243,9.082040249742427,9.082040249742427
S3,taste,catboost,chemistry_a,73.47,69.19892409014962,4.271075909850381,-4.271075909850381
S30,taste,catboost,chemistry_a,51.65294117647059,53.930569445329105,2.277628268858514,2.277628268858514
S4,taste,catboost,chemistry_a,60.83,66.53003821494788,5.700038214947881,5.700038214947881
S5,taste,catboost,chemistry_a,69.63,69.88166020301188,0.2516602030118804,0.2516602030118804
S6,taste,catboost,chemistry_a,57.995000000000005,67.04671318857228,9.051713188572279,9.051713188572279
S7,taste,catboost,chemistry_a,69.64916665,59.58864346609214,10.060523183907861,-10.060523183907861
S8,taste,catboost,chemistry_a,69.035,57.2051533772149,11.829846622785098,-11.829846622785098
S9,taste,catboost,chemistry_a,73.795,70.70613665530956,3.088863344690438,-3.088863344690438
S1,taste,ridge,chemistry_b,52.985,63.41320320988886,10.428203209888864,10.428203209888864
S10,taste,ridge,chemistry_b,57.92999999999999,64.8019322767882,6.8719322767882005,6.8719322767882005
S11,taste,ridge,chemistry_b,62.205,56.58496523783314,5.62003476216686,-5.62003476216686
S12,taste,ridge,chemistry_b,70.16,67.26790043970249,2.8920995602975097,-2.8920995602975097
S13,taste,ridge,chemistry_b,71.045,66.49847212914138,4.546527870858625,-4.546527870858625
S14,taste,ridge,chemistry_b,67.03999999999999,64.21197661833251,2.828023381667478,-2.828023381667478
S15,taste,ridge,chemistry_b,75.965,76.30294418100908,0.3379441810090782,0.3379441810090782
S16,taste,ridge,chemistry_b,80.685,76.67900402297438,4.00599597702562,-4.00599597702562
S17,taste,ridge,chemistry_b,56.620000000000005,60.51550139750098,3.895501397500972,3.895501397500972
S18,taste,ridge,chemistry_b,73.86690625,70.71063343543332,3.1562728145666767,-3.1562728145666767
S19,taste,ridge,chemistry_b,80.66499999999999,81.18140469068025,0.5164046906802611,0.5164046906802611
S2,taste,ridge,chemistry_b,59.419500000000006,45.46475683373459,13.954743166265416,-13.954743166265416
S20,taste,ridge,chemistry_b,77.14,73.58433391441766,3.555666085582345,-3.555666085582345
S21,taste,ridge,chemistry_b,72.9608875,74.64034316341106,1.679455663411062,1.679455663411062
S22,taste,ridge,chemistry_b,74.125,82.87507533036644,8.750075330366442,8.750075330366442
S23,taste,ridge,chemistry_b,74.71000000000001,76.98344256989087,2.273442569890861,2.273442569890861
S24,taste,ridge,chemistry_b,78.92,77.62724790183059,1.2927520981694158,-1.2927520981694158
S25,taste,ridge,chemistry_b,46.465,58.07032731450598,11.605327314505978,11.605327314505978
S26,taste,ridge,chemistry_b,44.66,39.375466864884196,5.284533135115801,-5.284533135115801
S27,taste,ridge,chemistry_b,48.56,47.8646393833947,0.6953606166052992,-0.6953606166052992
S28,taste,ridge,chemistry_b,44.745,61.56949846695822,16.824498466958225,16.824498466958225
S29,taste,ridge,chemistry_b,50.2,56.57651677815822,6.376516778158219,6.376516778158219
S3,taste,ridge,chemistry_b,73.47,78.29166336596994,4.82166336596994,4.82166336596994
S30,taste,ridge,chemistry_b,51.65294117647059,45.54027955106775,6.112661625402843,-6.112661625402843
S4,taste,ridge,chemistry_b,60.83,67.23973662903697,6.409736629036971,6.409736629036971
S5,taste,ridge,chemistry_b,69.63,50.02731523562737,19.602684764372626,-19.602684764372626
S6,taste,ridge,chemistry_b,57.995000000000005,58.664505212406176,0.6695052124061718,0.6695052124061718
S7,taste,ridge,chemistry_b,69.64916665,58.359140942409724,11.290025707590274,-11.290025707590274
S8,taste,ridge,chemistry_b,69.035,62.17382940883605,6.861170591163948,-6.861170591163948
S9,taste,ridge,chemistry_b,73.795,76.39253669795217,2.5975366979521652,2.5975366979521652
S1,taste,pls,chemistry_b,52.985,61.586528190175315,8.601528190175316,8.601528190175316
S10,taste,pls,chemistry_b,57.92999999999999,58.949127281940854,1.019127281940861,1.019127281940861
S11,taste,pls,chemistry_b,62.205,55.46300083988384,6.741999160116158,-6.741999160116158
S12,taste,pls,chemistry_b,70.16,63.01377415283152,7.146225847168473,-7.146225847168473
S13,taste,pls,chemistry_b,71.045,65.09509080355012,5.94990919644988,-5.94990919644988
S14,taste,pls,chemistry_b,67.03999999999999,70.22539247526531,3.185392475265317,3.185392475265317
S15,taste,pls,chemistry_b,75.965,69.6714117927153,6.293588207284699,-6.293588207284699
S16,taste,pls,chemistry_b,80.685,79.85158607777743,0.8334139222225758,-0.8334139222225758
S17,taste,pls,chemistry_b,56.620000000000005,64.39964209659436,7.779642096594358,7.779642096594358
S18,taste,pls,chemistry_b,73.86690625,67.77176100125372,6.095145248746277,-6.095145248746277
S19,taste,pls,chemistry_b,80.66499999999999,72.59675505738255,8.06824494261744,-8.06824494261744
S2,taste,pls,chemistry_b,59.419500000000006,53.32453266969128,6.094967330308727,-6.094967330308727
S20,taste,pls,chemistry_b,77.14,68.97052033629117,8.169479663708827,-8.169479663708827
S21,taste,pls,chemistry_b,72.9608875,77.40180768059186,4.44092018059186,4.44092018059186
S22,taste,pls,chemistry_b,74.125,80.08466170492336,5.959661704923363,5.959661704923363
S23,taste,pls,chemistry_b,74.71000000000001,75.16226644664829,0.45226644664828086,0.45226644664828086
S24,taste,pls,chemistry_b,78.92,72.54428573394998,6.375714266050025,-6.375714266050025
S25,taste,pls,chemistry_b,46.465,58.15213072920365,11.687130729203645,11.687130729203645
S26,taste,pls,chemistry_b,44.66,42.08587232446338,2.574127675536616,-2.574127675536616
S27,taste,pls,chemistry_b,48.56,55.04045317052915,6.480453170529145,6.480453170529145
S28,taste,pls,chemistry_b,44.745,57.53587769312228,12.790877693122283,12.790877693122283
S29,taste,pls,chemistry_b,50.2,55.638917972675515,5.438917972675512,5.438917972675512
S3,taste,pls,chemistry_b,73.47,85.61857615306204,12.148576153062038,12.148576153062038
S30,taste,pls,chemistry_b,51.65294117647059,55.99419343070761,4.34125225423702,4.34125225423702
S4,taste,pls,chemistry_b,60.83,61.348334460266166,0.5183344602661677,0.5183344602661677
S5,taste,pls,chemistry_b,69.63,61.41041010395103,8.219589896048966,-8.219589896048966
S6,taste,pls,chemistry_b,57.995000000000005,56.08253971672836,1.912460283271642,-1.912460283271642
S7,taste,pls,chemistry_b,69.64916665,58.7895083486707,10.859658301329297,-10.859658301329297
S8,taste,pls,chemistry_b,69.035,66.92060602638549,2.1143939736145114,-2.1143939736145114
S9,taste,pls,chemistry_b,73.795,80.07118981258014,6.276189812580142,6.276189812580142
S1,taste,gpr,chemistry_b,52.985,62.66756168955008,9.682561689550077,9.682561689550077
S10,taste,gpr,chemistry_b,57.92999999999999,65.74133926721024,7.8113392672102435,7.8113392672102435
S11,taste,gpr,chemistry_b,62.205,56.67314709236338,5.531852907636619,-5.531852907636619
S12,taste,gpr,chemistry_b,70.16,65.41930274676218,4.740697253237812,-4.740697253237812
S13,taste,gpr,chemistry_b,71.045,63.551589468569986,7.4934105314300155,-7.4934105314300155
S14,taste,gpr,chemistry_b,67.03999999999999,71.35316654696803,4.313166546968034,4.313166546968034
S15,taste,gpr,chemistry_b,75.965,71.49401826480863,4.470981735191373,-4.470981735191373
S16,taste,gpr,chemistry_b,80.685,75.18853593726769,5.496464062732315,-5.496464062732315
S17,taste,gpr,chemistry_b,56.620000000000005,60.95835132801834,4.338351328018334,4.338351328018334
S18,taste,gpr,chemistry_b,73.86690625,68.57828975025832,5.2886164997416785,-5.2886164997416785
S19,taste,gpr,chemistry_b,80.66499999999999,73.4029502329393,7.262049767060688,-7.262049767060688
S2,taste,gpr,chemistry_b,59.419500000000006,58.59078325882285,0.8287167411771534,-0.8287167411771534
S20,taste,gpr,chemistry_b,77.14,69.76545228787361,7.374547712126386,-7.374547712126386
S21,taste,gpr,chemistry_b,72.9608875,75.29980532904236,2.3389178290423587,2.3389178290423587
S22,taste,gpr,chemistry_b,74.125,80.01234066938414,5.887340669384145,5.887340669384145
S23,taste,gpr,chemistry_b,74.71000000000001,73.46143093620299,1.2485690637970208,-1.2485690637970208
S24,taste,gpr,chemistry_b,78.92,73.25427615883723,5.665723841162773,-5.665723841162773
S25,taste,gpr,chemistry_b,46.465,59.69407235322027,13.229072353220268,13.229072353220268
S26,taste,gpr,chemistry_b,44.66,41.829304266260124,2.830695733739873,-2.830695733739873
S27,taste,gpr,chemistry_b,48.56,57.81503915724185,9.255039157241846,9.255039157241846
S28,taste,gpr,chemistry_b,44.745,57.22329746963895,12.478297469638953,12.478297469638953
S29,taste,gpr,chemistry_b,50.2,54.455240416323235,4.2552404163232325,4.2552404163232325
S3,taste,gpr,chemistry_b,73.47,75.23237918490683,1.762379184906834,1.762379184906834
S30,taste,gpr,chemistry_b,51.65294117647059,52.71840327251549,1.0654620960448966,1.0654620960448966
S4,taste,gpr,chemistry_b,60.83,63.3748777814046,2.544877781404601,2.544877781404601
S5,taste,gpr,chemistry_b,69.63,61.448498618897204,8.181501381102791,-8.181501381102791
S6,taste,gpr,chemistry_b,57.995000000000005,57.96915888174592,0.025841118254085416,-0.025841118254085416
S7,taste,gpr,chemistry_b,69.64916665,58.49907560274005,11.150091047259949,-11.150091047259949
S8,taste,gpr,chemistry_b,69.035,65.56418892024953,3.4708110797504617,-3.4708110797504617
S9,taste,gpr,chemistry_b,73.795,72.73710891420825,1.057891085791752,-1.057891085791752
S1,taste,random_forest,chemistry_b,52.985,57.06096298080486,4.07596298080486,4.07596298080486
S10,taste,random_forest,chemistry_b,57.92999999999999,62.11048346703234,4.180483467032346,4.180483467032346
S11,taste,random_forest,chemistry_b,62.205,58.60922865858761,3.5957713414123873,-3.5957713414123873
S12,taste,random_forest,chemistry_b,70.16,55.78008928614895,14.379910713851046,-14.379910713851046
S13,taste,random_forest,chemistry_b,71.045,72.16298107884695,1.1179810788469524,1.1179810788469524
S14,taste,random_forest,chemistry_b,67.03999999999999,76.11165962929365,9.071659629293663,9.071659629293663
S15,taste,random_forest,chemistry_b,75.965,74.95233408809048,1.0126659119095223,-1.0126659119095223
S16,taste,random_forest,chemistry_b,80.685,73.33276496188381,7.352235038116191,-7.352235038116191
S17,taste,random_forest,chemistry_b,56.620000000000005,56.470318241482154,0.14968175851785048,-0.14968175851785048
S18,taste,random_forest,chemistry_b,73.86690625,72.50111654145569,1.3657897085443125,-1.3657897085443125
S19,taste,random_forest,chemistry_b,80.66499999999999,68.63206008879766,12.032939911202334,-12.032939911202334
S2,taste,random_forest,chemistry_b,59.419500000000006,76.81696922957285,17.39746922957284,17.39746922957284
S20,taste,random_forest,chemistry_b,77.14,64.15245418897402,12.987545811025981,-12.987545811025981
S21,taste,random_forest,chemistry_b,72.9608875,76.66876400449785,3.707876504497847,3.707876504497847
S22,taste,random_forest,chemistry_b,74.125,72.79082776481047,1.334172235189527,-1.334172235189527
S23,taste,random_forest,chemistry_b,74.71000000000001,74.07563085310501,0.634369146894997,-0.634369146894997
S24,taste,random_forest,chemistry_b,78.92,72.73884327234296,6.18115672765704,-6.18115672765704
S25,taste,random_forest,chemistry_b,46.465,54.529304787319504,8.0643047873195,8.0643047873195
S26,taste,random_forest,chemistry_b,44.66,55.73216324026747,11.072163240267471,11.072163240267471
S27,taste,random_forest,chemistry_b,48.56,58.40599847734386,9.845998477343855,9.845998477343855
S28,taste,random_forest,chemistry_b,44.745,56.68188547729788,11.936885477297885,11.936885477297885
S29,taste,random_forest,chemistry_b,50.2,52.354922551055196,2.1549225510551935,2.1549225510551935
S3,taste,random_forest,chemistry_b,73.47,72.74940942105673,0.7205905789432734,-0.7205905789432734
S30,taste,random_forest,chemistry_b,51.65294117647059,51.40767852913957,0.24526264733102465,-0.24526264733102465
S4,taste,random_forest,chemistry_b,60.83,68.98324382124292,8.153243821242924,8.153243821242924
S5,taste,random_forest,chemistry_b,69.63,73.06896524176982,3.4389652417698215,3.4389652417698215
S6,taste,random_forest,chemistry_b,57.995000000000005,71.73133596256875,13.736335962568745,13.736335962568745
S7,taste,random_forest,chemistry_b,69.64916665,48.85441430936802,20.79475234063198,-20.79475234063198
S8,taste,random_forest,chemistry_b,69.035,56.615380944256536,12.41961905574346,-12.41961905574346
S9,taste,random_forest,chemistry_b,73.795,74.12918573621167,0.3341857362116656,0.3341857362116656
S1,taste,xgboost,chemistry_b,52.985,55.70977783203125,2.7247778320312506,2.7247778320312506
S10,taste,xgboost,chemistry_b,57.92999999999999,63.958404541015625,6.028404541015632,6.028404541015632
S11,taste,xgboost,chemistry_b,62.205,59.58721923828125,2.6177807617187483,-2.6177807617187483
S12,taste,xgboost,chemistry_b,70.16,59.7824821472168,10.3775178527832,-10.3775178527832
S13,taste,xgboost,chemistry_b,71.045,68.48674774169922,2.558252258300783,-2.558252258300783
S14,taste,xgboost,chemistry_b,67.03999999999999,74.89344787597656,7.8534478759765705,7.8534478759765705
S15,taste,xgboost,chemistry_b,75.965,73.80455780029297,2.1604421997070347,-2.1604421997070347
S16,taste,xgboost,chemistry_b,80.685,74.70092010498047,5.9840798950195335,-5.9840798950195335
S17,taste,xgboost,chemistry_b,56.620000000000005,56.962066650390625,0.34206665039062045,0.34206665039062045
S18,taste,xgboost,chemistry_b,73.86690625,70.4720687866211,3.394837463378906,-3.394837463378906
S19,taste,xgboost,chemistry_b,80.66499999999999,68.29513549804688,12.369864501953117,-12.369864501953117
S2,taste,xgboost,chemistry_b,59.419500000000006,72.69539642333984,13.275896423339837,13.275896423339837
S20,taste,xgboost,chemistry_b,77.14,61.039955139160156,16.100044860839844,-16.100044860839844
S21,taste,xgboost,chemistry_b,72.9608875,77.47713470458984,4.516247204589845,4.516247204589845
S22,taste,xgboost,chemistry_b,74.125,75.60610961914062,1.481109619140625,1.481109619140625
S23,taste,xgboost,chemistry_b,74.71000000000001,73.46854400634766,1.2414559936523517,-1.2414559936523517
S24,taste,xgboost,chemistry_b,78.92,70.68791961669922,8.232080383300783,-8.232080383300783
S25,taste,xgboost,chemistry_b,46.465,56.01019287109375,9.545192871093747,9.545192871093747
S26,taste,xgboost,chemistry_b,44.66,53.586910247802734,8.926910247802738,8.926910247802738
S27,taste,xgboost,chemistry_b,48.56,58.058406829833984,9.498406829833982,9.498406829833982
S28,taste,xgboost,chemistry_b,44.745,55.7048225402832,10.959822540283206,10.959822540283206
S29,taste,xgboost,chemistry_b,50.2,54.62581253051758,4.425812530517575,4.425812530517575
S3,taste,xgboost,chemistry_b,73.47,70.2496109008789,3.2203890991210926,-3.2203890991210926
S30,taste,xgboost,chemistry_b,51.65294117647059,48.85677719116211,2.796163985308482,-2.796163985308482
S4,taste,xgboost,chemistry_b,60.83,69.90901947021484,9.079019470214845,9.079019470214845
S5,taste,xgboost,chemistry_b,69.63,69.47557067871094,0.15442932128905795,-0.15442932128905795
S6,taste,xgboost,chemistry_b,57.995000000000005,69.26502990722656,11.270029907226558,11.270029907226558
S7,taste,xgboost,chemistry_b,69.64916665,53.04906463623047,16.60010201376953,-16.60010201376953
S8,taste,xgboost,chemistry_b,69.035,55.00468826293945,14.030311737060543,-14.030311737060543
S9,taste,xgboost,chemistry_b,73.795,69.8460922241211,3.948907775878908,-3.948907775878908
S1,taste,catboost,chemistry_b,52.985,57.589867132497304,4.604867132497304,4.604867132497304
S10,taste,catboost,chemistry_b,57.92999999999999,66.28921244413799,8.359212444137995,8.359212444137995
S11,taste,catboost,chemistry_b,62.205,61.48596221958542,0.7190377804145811,-0.7190377804145811
S12,taste,catboost,chemistry_b,70.16,59.10330267964084,11.056697320359156,-11.056697320359156
S13,taste,catboost,chemistry_b,71.045,69.98018403662061,1.064815963379388,-1.064815963379388
S14,taste,catboost,chemistry_b,67.03999999999999,75.59083398887485,8.550833988874857,8.550833988874857
S15,taste,catboost,chemistry_b,75.965,74.77143653673457,1.1935634632654342,-1.1935634632654342
S16,taste,catboost,chemistry_b,80.685,72.64112822346436,8.043871776535639,-8.043871776535639
S17,taste,catboost,chemistry_b,56.620000000000005,60.283072190182985,3.66307219018298,3.66307219018298
S18,taste,catboost,chemistry_b,73.86690625,71.38522094573005,2.481685304269945,-2.481685304269945
S19,taste,catboost,chemistry_b,80.66499999999999,69.77217638599123,10.892823614008762,-10.892823614008762
S2,taste,catboost,chemistry_b,59.419500000000006,67.98935502973177,8.569855029731762,8.569855029731762
S20,taste,catboost,chemistry_b,77.14,65.94825127922742,11.19174872077258,-11.19174872077258
S21,taste,catboost,chemistry_b,72.9608875,74.247349499826,1.2864619998260025,1.2864619998260025
S22,taste,catboost,chemistry_b,74.125,72.34903026231623,1.7759697376837664,-1.7759697376837664
S23,taste,catboost,chemistry_b,74.71000000000001,70.84945265110312,3.860547348896887,-3.860547348896887
S24,taste,catboost,chemistry_b,78.92,70.70061211403096,8.219387885969041,-8.219387885969041
S25,taste,catboost,chemistry_b,46.465,57.224058782520935,10.759058782520931,10.759058782520931
S26,taste,catboost,chemistry_b,44.66,51.63655643705116,6.9765564370511655,6.9765564370511655
S27,taste,catboost,chemistry_b,48.56,54.27485304456642,5.714853044566418,5.714853044566418
S28,taste,catboost,chemistry_b,44.745,57.40286873684615,12.657868736846154,12.657868736846154
S29,taste,catboost,chemistry_b,50.2,57.25315892275836,7.053158922758357,7.053158922758357
S3,taste,catboost,chemistry_b,73.47,71.10400896276069,2.3659910372393114,-2.3659910372393114
S30,taste,catboost,chemistry_b,51.65294117647059,53.119031161684916,1.4660899852143245,1.4660899852143245
S4,taste,catboost,chemistry_b,60.83,65.36182027211173,4.53182027211173,4.53182027211173
S5,taste,catboost,chemistry_b,69.63,71.03430142062166,1.404301420621664,1.404301420621664
S6,taste,catboost,chemistry_b,57.995000000000005,67.97788092415468,9.98288092415467,9.98288092415467
S7,taste,catboost,chemistry_b,69.64916665,57.971263688527834,11.677902961472164,-11.677902961472164
S8,taste,catboost,chemistry_b,69.035,60.7860485704435,8.248951429556499,-8.248951429556499
S9,taste,catboost,chemistry_b,73.795,71.94674564439921,1.8482543556007869,-1.8482543556007869
S1,taste,mean,baseline,52.985,65.38635911265165,12.401359112651647,12.401359112651647
S10,taste,mean,baseline,57.92999999999999,65.21495529982668,7.2849552998266915,7.2849552998266915
S11,taste,mean,baseline,62.205,65.06677505719237,2.861775057192375,2.861775057192375
S12,taste,mean,baseline,70.16,64.79103848873484,5.368961511265155,-5.368961511265155
S13,taste,mean,baseline,71.045,64.76036257885616,6.284637421143842,-6.284637421143842
S14,taste,mean,baseline,67.03999999999999,64.8991840693241,2.140815930675899,-2.140815930675899
S15,taste,mean,baseline,75.965,64.58982531715772,11.375174682842285,-11.375174682842285
S16,taste,mean,baseline,80.685,64.42622046447141,16.25877953552859,-16.25877953552859
S17,taste,mean,baseline,56.620000000000005,65.26036257885616,8.640362578856156,8.640362578856156
S18,taste,mean,baseline,73.86690625,64.66254953726171,9.204356712738289,-9.204356712738289
S19,taste,mean,baseline,80.66499999999999,64.42691370537263,16.238086294627365,-16.238086294627365
S2,taste,mean,baseline,59.419500000000006,65.16332618370883,5.743826183708826,5.743826183708826
S20,taste,mean,baseline,77.14,64.54909741421145,12.590902585788555,-12.590902585788555
S21,taste,mean,baseline,72.9608875,64.693954,8.266933499999993,-8.266933499999993
S22,taste,mean,baseline,74.125,64.65360348006932,9.471396519930678,-9.471396519930678
S23,taste,mean,baseline,74.71000000000001,64.63332618370885,10.076673816291162,-10.076673816291162
S24,taste,mean,baseline,78.92,64.48739897400347,14.432601025996533,-14.432601025996533
S25,taste,mean,baseline,46.465,65.61235564644714,19.14735564644714,19.14735564644714
S26,taste,mean,baseline,44.66,65.67492063778163,21.01492063778163,21.01492063778163
S27,taste,mean,baseline,48.56,65.53973866204507,16.979738662045065,16.979738662045065
S28,taste,mean,baseline,44.745,65.67197436395148,20.92697436395148,20.92697436395148
S29,taste,mean,baseline,50.2,65.48289290814557,15.28289290814557,15.28289290814557
S3,taste,mean,baseline,73.47,64.67630711958405,8.793692880415946,-8.793692880415946
S30,taste,mean,baseline,51.65294117647059,65.36125725517243,13.708316078701841,13.708316078701841
S4,taste,mean,baseline,60.83,65.11443536915078,4.284435369150785,4.284435369150785
S5,taste,mean,baseline,69.63,64.80940937261698,4.820590627383012,-4.820590627383012
S6,taste,mean,baseline,57.995000000000005,65.21270226689774,7.2177022668977315,7.2177022668977315
S7,taste,mean,baseline,69.64916665,64.80874501733102,4.840421632668978,-4.840421632668978
S8,taste,mean,baseline,69.035,64.83003328942807,4.204966710571924,-4.204966710571924
S9,taste,mean,baseline,73.795,64.66504195493934,9.129958045060661,-9.129958045060661
S1,taste,nearest_chemistry,baseline,52.985,56.620000000000005,3.635000000000005,3.635000000000005
S10,taste,nearest_chemistry,baseline,57.92999999999999,62.205,4.275000000000006,4.275000000000006
S11,taste,nearest_chemistry,baseline,62.205,57.995000000000005,4.209999999999994,-4.209999999999994
S12,taste,nearest_chemistry,baseline,70.16,60.83,9.329999999999998,-9.329999999999998
S13,taste,nearest_chemistry,baseline,71.045,67.03999999999999,4.00500000000001,-4.00500000000001
S14,taste,nearest_chemistry,baseline,67.03999999999999,71.045,4.00500000000001,4.00500000000001
S15,taste,nearest_chemistry,baseline,75.965,67.03999999999999,8.925000000000011,-8.925000000000011
S16,taste,nearest_chemistry,baseline,80.685,75.965,4.719999999999999,-4.719999999999999
S17,taste,nearest_chemistry,baseline,56.620000000000005,52.985,3.635000000000005,-3.635000000000005
S18,taste,nearest_chemistry,baseline,73.86690625,77.14,3.273093750000001,3.273093750000001
S19,taste,nearest_chemistry,baseline,80.66499999999999,67.03999999999999,13.625,-13.625
S2,taste,nearest_chemistry,baseline,59.419500000000006,62.205,2.785499999999992,2.785499999999992
S20,taste,nearest_chemistry,baseline,77.14,73.86690625,3.273093750000001,-3.273093750000001
S21,taste,nearest_chemistry,baseline,72.9608875,73.86690625,0.9060187500000012,0.9060187500000012
S22,taste,nearest_chemistry,baseline,74.125,73.86690625,0.25809375000000045,-0.25809375000000045
S23,taste,nearest_chemistry,baseline,74.71000000000001,77.14,2.4299999999999926,2.4299999999999926
S24,taste,nearest_chemistry,baseline,78.92,73.86690625,5.053093750000002,-5.053093750000002
S25,taste,nearest_chemistry,baseline,46.465,44.66,1.8050000000000068,-1.8050000000000068
S26,taste,nearest_chemistry,baseline,44.66,50.2,5.540000000000006,5.540000000000006
S27,taste,nearest_chemistry,baseline,48.56,44.745,3.815000000000005,-3.815000000000005
S28,taste,nearest_chemistry,baseline,44.745,51.65294117647059,6.907941176470594,6.907941176470594
S29,taste,nearest_chemistry,baseline,50.2,44.66,5.540000000000006,-5.540000000000006
S3,taste,nearest_chemistry,baseline,73.47,80.66499999999999,7.194999999999993,7.194999999999993
S30,taste,nearest_chemistry,baseline,51.65294117647059,44.745,6.907941176470594,-6.907941176470594
S4,taste,nearest_chemistry,baseline,60.83,69.64916665,8.81916665,8.81916665
S5,taste,nearest_chemistry,baseline,69.63,52.985,16.644999999999996,-16.644999999999996
S6,taste,nearest_chemistry,baseline,57.995000000000005,62.205,4.209999999999994,4.209999999999994
S7,taste,nearest_chemistry,baseline,69.64916665,60.83,8.81916665,-8.81916665
S8,taste,nearest_chemistry,baseline,69.035,73.86690625,4.831906250000003,4.831906250000003
S9,taste,nearest_chemistry,baseline,73.795,75.965,2.1700000000000017,2.1700000000000017
S1,solubility,ridge,chemistry_a,78.0675,82.11159376263134,4.0440937626313485,4.0440937626313485
S10,solubility,ridge,chemistry_a,79.095,80.98705601734507,1.8920560173450696,1.8920560173450696
S11,solubility,ridge,chemistry_a,82.33,79.85716475343331,2.4728352465666887,-2.4728352465666887
S12,solubility,ridge,chemistry_a,84.995,86.12451995370935,1.129519953709348,1.129519953709348
S13,solubility,ridge,chemistry_a,84.125,79.04684981533839,5.0781501846616095,-5.0781501846616095
S14,solubility,ridge,chemistry_a,81.34,80.02401300512619,1.3159869948738105,-1.3159869948738105
S15,solubility,ridge,chemistry_a,87.69500000000001,81.48265703736737,6.212342962632633,-6.212342962632633
S16,solubility,ridge,chemistry_a,89.34,85.05246184835656,4.287538151643446,-4.287538151643446
S17,solubility,ridge,chemistry_a,77.47999999999999,79.51664296763882,2.0366429676388265,2.0366429676388265
S18,solubility,ridge,chemistry_a,84.07000000000001,83.16614620243608,0.9038537975639258,-0.9038537975639258
S19,solubility,ridge,chemistry_a,83.25,87.50166649405512,4.251666494055115,4.251666494055115
S2,solubility,ridge,chemistry_a,77.615,78.61385353727219,0.998853537272197,0.998853537272197
S20,solubility,ridge,chemistry_a,88.265,84.45245579842913,3.812544201570873,-3.812544201570873
S21,solubility,ridge,chemistry_a,83.61,88.41433528445751,4.804335284457508,4.804335284457508
S22,solubility,ridge,chemistry_a,84.925,88.48923917875638,3.564239178756381,3.564239178756381
S23,solubility,ridge,chemistry_a,86.45,85.86323318443532,0.5867668155646868,-0.5867668155646868
S24,solubility,ridge,chemistry_a,86.205,84.33922631270408,1.8657736872959134,-1.8657736872959134
S25,solubility,ridge,chemistry_a,79.17999999999999,82.98166736209842,3.801667362098428,3.801667362098428
S26,solubility,ridge,chemistry_a,83.41499999999999,76.37037925847446,7.044620741525534,-7.044620741525534
S27,solubility,ridge,chemistry_a,82.295,85.17931333414303,2.8843133341430303,2.8843133341430303
S28,solubility,ridge,chemistry_a,81.71000000000001,77.93367918940473,3.77632081059528,-3.77632081059528
S29,solubility,ridge,chemistry_a,79.61,78.23212866548435,1.3778713345156461,-1.3778713345156461
S3,solubility,ridge,chemistry_a,83.55,79.73673875210417,3.8132612478958237,-3.8132612478958237
S30,solubility,ridge,chemistry_a,73.37058823529412,79.7788041958271,6.408215960532985,6.408215960532985
S4,solubility,ridge,chemistry_a,74.22,82.54144901171085,8.321449011710854,8.321449011710854
S5,solubility,ridge,chemistry_a,80.13,86.79065180915701,6.660651809157017,6.660651809157017
S6,solubility,ridge,chemistry_a,81.325,85.45896191784226,4.133961917842257,4.133961917842257
S7,solubility,ridge,chemistry_a,85.215,81.36702783105675,3.847972168943258,-3.847972168943258
S8,solubility,ridge,chemistry_a,82.11,67.90239627154945,14.20760372845055,-14.20760372845055
S9,solubility,ridge,chemistry_a,81.52000000000001,78.77246586694382,2.7475341330561918,-2.7475341330561918
S1,solubility,pls,chemistry_a,78.0675,80.80655216741613,2.7390521674161334,2.7390521674161334
S10,solubility,pls,chemistry_a,79.095,79.02140073678267,0.07359926321733212,-0.07359926321733212
S11,solubility,pls,chemistry_a,82.33,78.8902544908569,3.439745509143094,-3.439745509143094
S12,solubility,pls,chemistry_a,84.995,84.81776771062098,0.17723228937902036,-0.17723228937902036
S13,solubility,pls,chemistry_a,84.125,80.88179011028993,3.243209889710073,-3.243209889710073
S14,solubility,pls,chemistry_a,81.34,82.89202323157808,1.552023231578076,1.552023231578076
S15,solubility,pls,chemistry_a,87.69500000000001,82.99533072452671,4.699669275473298,-4.699669275473298
S16,solubility,pls,chemistry_a,89.34,85.34786134604431,3.992138653955692,-3.992138653955692
S17,solubility,pls,chemistry_a,77.47999999999999,79.93932390131212,2.459323901312132,2.459323901312132
S18,solubility,pls,chemistry_a,84.07000000000001,83.27311685369497,0.796883146305035,-0.796883146305035
S19,solubility,pls,chemistry_a,83.25,84.77474897183151,1.5247489718315137,1.5247489718315137
S2,solubility,pls,chemistry_a,77.615,79.04647921391751,1.4314792139175125,1.4314792139175125
S20,solubility,pls,chemistry_a,88.265,83.81136197946788,4.453638020532125,-4.453638020532125
S21,solubility,pls,chemistry_a,83.61,86.97084308120435,3.360843081204351,3.360843081204351
S22,solubility,pls,chemistry_a,84.925,87.16022773522998,2.2352277352299836,2.2352277352299836
S23,solubility,pls,chemistry_a,86.45,87.18701410219886,0.7370141021988559,0.7370141021988559
S24,solubility,pls,chemistry_a,86.205,82.68869288448464,3.5163071155153602,-3.5163071155153602
S25,solubility,pls,chemistry_a,79.17999999999999,81.99097042369571,2.8109704236957214,2.8109704236957214
S26,solubility,pls,chemistry_a,83.41499999999999,75.75888091950168,7.656119080498314,-7.656119080498314
S27,solubility,pls,chemistry_a,82.295,81.79107061838377,0.5039293816162314,-0.5039293816162314
S28,solubility,pls,chemistry_a,81.71000000000001,79.36736511546128,2.3426348845387253,-2.3426348845387253
S29,solubility,pls,chemistry_a,79.61,80.19816482704874,0.5881648270487432,0.5881648270487432
S3,solubility,pls,chemistry_a,83.55,83.33376019220148,0.21623980779851593,-0.21623980779851593
S30,solubility,pls,chemistry_a,73.37058823529412,81.30335076693831,7.932762531644187,7.932762531644187
S4,solubility,pls,chemistry_a,74.22,83.19725680096897,8.977256800968973,8.977256800968973
S5,solubility,pls,chemistry_a,80.13,83.6833947966927,3.5533947966927,3.5533947966927
S6,solubility,pls,chemistry_a,81.325,82.91939438465764,1.5943943846576332,1.5943943846576332
S7,solubility,pls,chemistry_a,85.215,81.09356845075754,4.121431549242459,-4.121431549242459
S8,solubility,pls,chemistry_a,82.11,80.54817019104887,1.5618298089511313,-1.5618298089511313
S9,solubility,pls,chemistry_a,81.52000000000001,80.87001012069274,0.6499898793072703,-0.6499898793072703
S1,solubility,gpr,chemistry_a,78.0675,81.6324168104486,3.564916810448608,3.564916810448608
S10,solubility,gpr,chemistry_a,79.095,82.10057121181248,3.00557121181248,3.00557121181248
S11,solubility,gpr,chemistry_a,82.33,79.45635087571483,2.8736491242851656,-2.8736491242851656
S12,solubility,gpr,chemistry_a,84.995,82.07160527859126,2.923394721408741,-2.923394721408741
S13,solubility,gpr,chemistry_a,84.125,81.93285053267753,2.1921494673224657,-2.1921494673224657
S14,solubility,gpr,chemistry_a,81.34,82.30060915921283,0.9606091592128223,0.9606091592128223
S15,solubility,gpr,chemistry_a,87.69500000000001,82.06589839573833,5.6291016042616775,-5.6291016042616775
S16,solubility,gpr,chemistry_a,89.34,82.22371086724328,7.1162891327567195,-7.1162891327567195
S17,solubility,gpr,chemistry_a,77.47999999999999,81.84707830692705,4.367078306927056,4.367078306927056
S18,solubility,gpr,chemistry_a,84.07000000000001,82.94726525605941,1.1227347439405975,-1.1227347439405975
S19,solubility,gpr,chemistry_a,83.25,82.62908116006662,0.6209188399333812,-0.6209188399333812
S2,solubility,gpr,chemistry_a,77.615,81.83559827369896,4.220598273698968,4.220598273698968
S20,solubility,gpr,chemistry_a,88.265,82.69408711695033,5.570912883049672,-5.570912883049672
S21,solubility,gpr,chemistry_a,83.61,82.83216610377374,0.7778338962262552,-0.7778338962262552
S22,solubility,gpr,chemistry_a,84.925,83.81366222827225,1.1113377717277473,-1.1113377717277473
S23,solubility,gpr,chemistry_a,86.45,82.77834337251616,3.6716566274838414,-3.6716566274838414
S24,solubility,gpr,chemistry_a,86.205,82.56095255122266,3.644047448777343,-3.644047448777343
S25,solubility,gpr,chemistry_a,79.17999999999999,81.76459910740648,2.58459910740649,2.58459910740649
S26,solubility,gpr,chemistry_a,83.41499999999999,78.86463234275992,4.5503676572400735,-4.5503676572400735
S27,solubility,gpr,chemistry_a,82.295,82.31514400454283,0.020144004542828498,0.020144004542828498
S28,solubility,gpr,chemistry_a,81.71000000000001,80.47921349326747,1.2307865067325423,-1.2307865067325423
S29,solubility,gpr,chemistry_a,79.61,81.02777529988495,1.4177752998849513,1.4177752998849513
S3,solubility,gpr,chemistry_a,83.55,82.1928290049495,1.3571709950504953,-1.3571709950504953
S30,solubility,gpr,chemistry_a,73.37058823529412,81.65023363311826,8.27964539782414,8.27964539782414
S4,solubility,gpr,chemistry_a,74.22,82.57413771836214,8.35413771836214,8.35413771836214
S5,solubility,gpr,chemistry_a,80.13,82.41913528161437,2.289135281614378,2.289135281614378
S6,solubility,gpr,chemistry_a,81.325,81.926219297695,0.6012192976949962,0.6012192976949962
S7,solubility,gpr,chemistry_a,85.215,81.01763399559897,4.197366004401033,-4.197366004401033
S8,solubility,gpr,chemistry_a,82.11,82.30013133289188,0.19013133289188033,0.19013133289188033
S9,solubility,gpr,chemistry_a,81.52000000000001,82.4316485900953,0.9116485900952966,0.9116485900952966
S1,solubility,random_forest,chemistry_a,78.0675,80.92606358109943,2.858563581099432,2.858563581099432
S10,solubility,random_forest,chemistry_a,79.095,82.94951400262133,3.854514002621329,3.854514002621329
S11,solubility,random_forest,chemistry_a,82.33,78.54964331843219,3.7803566815678096,-3.7803566815678096
S12,solubility,random_forest,chemistry_a,84.995,80.98528731631616,4.009712683683844,-4.009712683683844
S13,solubility,random_forest,chemistry_a,84.125,82.11816291788617,2.006837082113833,-2.006837082113833
S14,solubility,random_forest,chemistry_a,81.34,82.23231129321151,0.892311293211506,0.892311293211506
S15,solubility,random_forest,chemistry_a,87.69500000000001,81.7247557813837,5.970244218616301,-5.970244218616301
S16,solubility,random_forest,chemistry_a,89.34,82.87034506289798,6.469654937102021,-6.469654937102021
S17,solubility,random_forest,chemistry_a,77.47999999999999,80.74030090471551,3.260300904715521,3.260300904715521
S18,solubility,random_forest,chemistry_a,84.07000000000001,82.68119270117492,1.3888072988250855,-1.3888072988250855
S19,solubility,random_forest,chemistry_a,83.25,81.27017635113421,1.9798236488657892,-1.9798236488657892
S2,solubility,random_forest,chemistry_a,77.615,82.0589516826465,4.4439516826464995,4.4439516826464995
S20,solubility,random_forest,chemistry_a,88.265,84.18574944649704,4.079250553502959,-4.079250553502959
S21,solubility,random_forest,chemistry_a,83.61,86.35052895299938,2.7405289529993837,2.7405289529993837
S22,solubility,random_forest,chemistry_a,84.925,84.63387688504868,0.2911231149513185,-0.2911231149513185
S23,solubility,random_forest,chemistry_a,86.45,83.79085171578944,2.659148284210559,-2.659148284210559
S24,solubility,random_forest,chemistry_a,86.205,81.76659037893995,4.438409621060046,-4.438409621060046
S25,solubility,random_forest,chemistry_a,79.17999999999999,81.63265086041238,2.4526508604123904,2.4526508604123904
S26,solubility,random_forest,chemistry_a,83.41499999999999,77.6534553706085,5.761544629391494,-5.761544629391494
S27,solubility,random_forest,chemistry_a,82.295,81.79038396627645,0.5046160337235506,-0.5046160337235506
S28,solubility,random_forest,chemistry_a,81.71000000000001,79.89633733433182,1.8136626656681898,-1.8136626656681898
S29,solubility,random_forest,chemistry_a,79.61,81.73325403994991,2.123254039949913,2.123254039949913
S3,solubility,random_forest,chemistry_a,83.55,81.52035559686121,2.0296444031387892,-2.0296444031387892
S30,solubility,random_forest,chemistry_a,73.37058823529412,81.40390367838722,8.033315443093102,8.033315443093102
S4,solubility,random_forest,chemistry_a,74.22,83.60677378657115,9.386773786571155,9.386773786571155
S5,solubility,random_forest,chemistry_a,80.13,81.97112001484089,1.8411200148408966,1.8411200148408966
S6,solubility,random_forest,chemistry_a,81.325,82.40884319063954,1.0838431906395414,1.0838431906395414
S7,solubility,random_forest,chemistry_a,85.215,80.73046173557685,4.484538264423151,-4.484538264423151
S8,solubility,random_forest,chemistry_a,82.11,79.5603061604122,2.5496938395878033,-2.5496938395878033
S9,solubility,random_forest,chemistry_a,81.52000000000001,83.91273004186476,2.392730041864752,2.392730041864752
S1,solubility,xgboost,chemistry_a,78.0675,81.16551208496094,3.098012084960942,3.098012084960942
S10,solubility,xgboost,chemistry_a,79.095,83.78010559082031,4.685105590820314,4.685105590820314
S11,solubility,xgboost,chemistry_a,82.33,79.64061737060547,2.6893826293945295,-2.6893826293945295
S12,solubility,xgboost,chemistry_a,84.995,82.9461669921875,2.0488330078125045,-2.0488330078125045
S13,solubility,xgboost,chemistry_a,84.125,82.93811798095703,1.1868820190429688,-1.1868820190429688
S14,solubility,xgboost,chemistry_a,81.34,82.39540100097656,1.055401000976559,1.055401000976559
S15,solubility,xgboost,chemistry_a,87.69500000000001,82.72282409667969,4.97217590332032,-4.97217590332032
S16,solubility,xgboost,chemistry_a,89.34,82.7611083984375,6.578891601562503,-6.578891601562503
S17,solubility,xgboost,chemistry_a,77.47999999999999,79.861083984375,2.3810839843750102,2.3810839843750102
S18,solubility,xgboost,chemistry_a,84.07000000000001,82.60354614257812,1.4664538574218824,-1.4664538574218824
S19,solubility,xgboost,chemistry_a,83.25,81.53160095214844,1.7183990478515625,-1.7183990478515625
S2,solubility,xgboost,chemistry_a,77.615,81.28871154785156,3.6737115478515676,3.6737115478515676
S20,solubility,xgboost,chemistry_a,88.265,84.11983489990234,4.145165100097657,-4.145165100097657
S21,solubility,xgboost,chemistry_a,83.61,87.341796875,3.7317968750000006,3.7317968750000006
S22,solubility,xgboost,chemistry_a,84.925,84.57723999023438,0.34776000976562216,-0.34776000976562216
S23,solubility,xgboost,chemistry_a,86.45,83.05990600585938,3.390093994140628,-3.390093994140628
S24,solubility,xgboost,chemistry_a,86.205,81.93938446044922,4.2656155395507795,-4.2656155395507795
S25,solubility,xgboost,chemistry_a,79.17999999999999,80.97730255126953,1.7973025512695386,1.7973025512695386
S26,solubility,xgboost,chemistry_a,83.41499999999999,77.48694610595703,5.928053894042961,-5.928053894042961
S27,solubility,xgboost,chemistry_a,82.295,81.16185760498047,1.133142395019533,-1.133142395019533
S28,solubility,xgboost,chemistry_a,81.71000000000001,78.553466796875,3.156533203125008,-3.156533203125008
S29,solubility,xgboost,chemistry_a,79.61,83.7821044921875,4.172104492187501,4.172104492187501
S3,solubility,xgboost,chemistry_a,83.55,82.44171905517578,1.108280944824216,-1.108280944824216
S30,solubility,xgboost,chemistry_a,73.37058823529412,81.39380645751953,8.02321822222541,8.02321822222541
S4,solubility,xgboost,chemistry_a,74.22,83.141357421875,8.921357421875001,8.921357421875001
S5,solubility,xgboost,chemistry_a,80.13,80.77842712402344,0.648427124023442,0.648427124023442
S6,solubility,xgboost,chemistry_a,81.325,83.29795837402344,1.9729583740234347,1.9729583740234347
S7,solubility,xgboost,chemistry_a,85.215,81.63358306884766,3.581416931152347,-3.581416931152347
S8,solubility,xgboost,chemistry_a,82.11,79.9284439086914,2.181556091308593,-2.181556091308593
S9,solubility,xgboost,chemistry_a,81.52000000000001,84.0661849975586,2.5461849975585835,2.5461849975585835
S1,solubility,catboost,chemistry_a,78.0675,80.51585335043411,2.448353350434118,2.448353350434118
S10,solubility,catboost,chemistry_a,79.095,82.7378164353497,3.642816435349701,3.642816435349701
S11,solubility,catboost,chemistry_a,82.33,79.7069606888945,2.623039311105501,-2.623039311105501
S12,solubility,catboost,chemistry_a,84.995,81.70874494456007,3.2862550554399377,-3.2862550554399377
S13,solubility,catboost,chemistry_a,84.125,82.35508714494956,1.7699128550504355,-1.7699128550504355
S14,solubility,catboost,chemistry_a,81.34,83.34790172723106,2.007901727231058,2.007901727231058
S15,solubility,catboost,chemistry_a,87.69500000000001,82.12843184030643,5.566568159693574,-5.566568159693574
S16,solubility,catboost,chemistry_a,89.34,82.78545271483765,6.554547285162357,-6.554547285162357
S17,solubility,catboost,chemistry_a,77.47999999999999,80.67067849271868,3.190678492718689,3.190678492718689
S18,solubility,catboost,chemistry_a,84.07000000000001,82.55387666712862,1.5161233328713877,-1.5161233328713877
S19,solubility,catboost,chemistry_a,83.25,81.87600578668938,1.373994213310624,-1.373994213310624
S2,solubility,catboost,chemistry_a,77.615,82.11686259403905,4.5018625940390535,4.5018625940390535
S20,solubility,catboost,chemistry_a,88.265,84.52029861795509,3.7447013820449087,-3.7447013820449087
S21,solubility,catboost,chemistry_a,83.61,86.17131798756,2.5613179875600025,2.5613179875600025
S22,solubility,catboost,chemistry_a,84.925,84.35273577306339,0.5722642269366105,-0.5722642269366105
S23,solubility,catboost,chemistry_a,86.45,83.56058022585302,2.8894197741469867,-2.8894197741469867
S24,solubility,catboost,chemistry_a,86.205,81.28385296481314,4.921147035186863,-4.921147035186863
S25,solubility,catboost,chemistry_a,79.17999999999999,81.59574793047788,2.4157479304778917,2.4157479304778917
S26,solubility,catboost,chemistry_a,83.41499999999999,78.41553141945111,4.9994685805488785,-4.9994685805488785
S27,solubility,catboost,chemistry_a,82.295,81.11550770948786,1.1794922905121439,-1.1794922905121439
S28,solubility,catboost,chemistry_a,81.71000000000001,80.7681562571956,0.9418437428044086,-0.9418437428044086
S29,solubility,catboost,chemistry_a,79.61,82.10914960553197,2.4991496055319686,2.4991496055319686
S3,solubility,catboost,chemistry_a,83.55,81.38670982261095,2.163290177389044,-2.163290177389044
S30,solubility,catboost,chemistry_a,73.37058823529412,81.13873742315084,7.7681491878567215,7.7681491878567215
S4,solubility,catboost,chemistry_a,74.22,83.30154836969184,9.081548369691845,9.081548369691845
S5,solubility,catboost,chemistry_a,80.13,82.2033435636565,2.0733435636565076,2.0733435636565076
S6,solubility,catboost,chemistry_a,81.325,81.76887980185666,0.443879801856653,0.443879801856653
S7,solubility,catboost,chemistry_a,85.215,80.47581532863187,4.739184671368136,-4.739184671368136
S8,solubility,catboost,chemistry_a,82.11,81.9107389777582,0.19926102224179942,-0.19926102224179942
S9,solubility,catboost,chemistry_a,81.52000000000001,82.98318126151,1.4631812615099875,1.4631812615099875
S1,solubility,ridge,chemistry_b,78.0675,82.43952251564401,4.372022515644019,4.372022515644019
S10,solubility,ridge,chemistry_b,79.095,79.15021292000537,0.055212920005374144,0.055212920005374144
S11,solubility,ridge,chemistry_b,82.33,79.35577497500111,2.974225024998887,-2.974225024998887
S12,solubility,ridge,chemistry_b,84.995,87.84601792559396,2.8510179255939505,2.8510179255939505
S13,solubility,ridge,chemistry_b,84.125,76.59208190068686,7.532918099313136,-7.532918099313136
S14,solubility,ridge,chemistry_b,81.34,79.76271319171197,1.5772868082880365,-1.5772868082880365
S15,solubility,ridge,chemistry_b,87.69500000000001,82.66082665541578,5.034173344584232,-5.034173344584232
S16,solubility,ridge,chemistry_b,89.34,81.6729066240368,7.667093375963205,-7.667093375963205
S17,solubility,ridge,chemistry_b,77.47999999999999,77.14301991308784,0.3369800869121491,-0.3369800869121491
S18,solubility,ridge,chemistry_b,84.07000000000001,83.79613664456028,0.2738633554397296,-0.2738633554397296
S19,solubility,ridge,chemistry_b,83.25,89.52390137230331,6.273901372303314,6.273901372303314
S2,solubility,ridge,chemistry_b,77.615,77.98117179590699,0.3661717959069932,0.3661717959069932
S20,solubility,ridge,chemistry_b,88.265,85.36882990482574,2.8961700951742557,-2.8961700951742557
S21,solubility,ridge,chemistry_b,83.61,88.07982700044978,4.469827000449783,4.469827000449783
S22,solubility,ridge,chemistry_b,84.925,88.1349526510208,3.2099526510207994,3.2099526510207994
S23,solubility,ridge,chemistry_b,86.45,86.18703222242284,0.2629677775771597,-0.2629677775771597
S24,solubility,ridge,chemistry_b,86.205,80.25337673271795,5.951623267282045,-5.951623267282045
S25,solubility,ridge,chemistry_b,79.17999999999999,84.07964239485474,4.899642394854752,4.899642394854752
S26,solubility,ridge,chemistry_b,83.41499999999999,78.01827514962541,5.396724850374582,-5.396724850374582
S27,solubility,ridge,chemistry_b,82.295,83.78645419550915,1.4914541955091494,1.4914541955091494
S28,solubility,ridge,chemistry_b,81.71000000000001,78.59420921053858,3.1157907894614283,-3.1157907894614283
S29,solubility,ridge,chemistry_b,79.61,77.822419038462,1.7875809615379978,-1.7875809615379978
S3,solubility,ridge,chemistry_b,83.55,76.87375129785286,6.676248702147134,-6.676248702147134
S30,solubility,ridge,chemistry_b,73.37058823529412,77.75453938041507,4.383951145120946,4.383951145120946
S4,solubility,ridge,chemistry_b,74.22,84.83940897813152,10.619408978131517,10.619408978131517
S5,solubility,ridge,chemistry_b,80.13,85.98568695750532,5.855686957505327,5.855686957505327
S6,solubility,ridge,chemistry_b,81.325,86.65093893538969,5.325938935389686,5.325938935389686
S7,solubility,ridge,chemistry_b,85.215,81.25714049739442,3.9578595026055865,-3.9578595026055865
S8,solubility,ridge,chemistry_b,82.11,65.09801491006391,17.01198508993609,-17.01198508993609
S9,solubility,ridge,chemistry_b,81.52000000000001,87.42260343459617,5.902603434596159,5.902603434596159
S1,solubility,pls,chemistry_b,78.0675,80.9850688500155,2.917568850015499,2.917568850015499
S10,solubility,pls,chemistry_b,79.095,78.44608140981259,0.6489185901874066,-0.6489185901874066
S11,solubility,pls,chemistry_b,82.33,78.30811068077927,4.021889319220733,-4.021889319220733
S12,solubility,pls,chemistry_b,84.995,84.57640365062113,0.41859634937887336,-0.41859634937887336
S13,solubility,pls,chemistry_b,84.125,81.11424591829922,3.0107540817007816,-3.0107540817007816
S14,solubility,pls,chemistry_b,81.34,83.37494893612462,2.0349489361246214,2.0349489361246214
S15,solubility,pls,chemistry_b,87.69500000000001,82.32687832228187,5.368121677718136,-5.368121677718136
S16,solubility,pls,chemistry_b,89.34,84.65261877947749,4.687381220522511,-4.687381220522511
S17,solubility,pls,chemistry_b,77.47999999999999,80.6363423007431,3.1563423007431055,3.1563423007431055
S18,solubility,pls,chemistry_b,84.07000000000001,83.1178070218144,0.9521929781856073,-0.9521929781856073
S19,solubility,pls,chemistry_b,83.25,83.9127005158735,0.662700515873496,0.662700515873496
S2,solubility,pls,chemistry_b,77.615,78.89392147211103,1.278921472111037,1.278921472111037
S20,solubility,pls,chemistry_b,88.265,82.93617104667217,5.328828953327829,-5.328828953327829
S21,solubility,pls,chemistry_b,83.61,85.96906819148283,2.3590681914828338,2.3590681914828338
S22,solubility,pls,chemistry_b,84.925,88.21671527321345,3.2917152732134554,3.2917152732134554
S23,solubility,pls,chemistry_b,86.45,86.73617001922484,0.28617001922484064,0.28617001922484064
S24,solubility,pls,chemistry_b,86.205,82.877590167205,3.3274098327949986,-3.3274098327949986
S25,solubility,pls,chemistry_b,79.17999999999999,82.0608518076531,2.8808518076531016,2.8808518076531016
S26,solubility,pls,chemistry_b,83.41499999999999,75.82903325401529,7.585966745984706,-7.585966745984706
S27,solubility,pls,chemistry_b,82.295,82.59471411492129,0.2997141149212865,0.2997141149212865
S28,solubility,pls,chemistry_b,81.71000000000001,79.8950987104279,1.8149012895721057,-1.8149012895721057
S29,solubility,pls,chemistry_b,79.61,80.25628035393962,0.6462803539396162,0.6462803539396162
S3,solubility,pls,chemistry_b,83.55,83.55449390174633,0.004493901746329243,0.004493901746329243
S30,solubility,pls,chemistry_b,73.37058823529412,81.43869923158013,8.06811099628601,8.06811099628601
S4,solubility,pls,chemistry_b,74.22,83.76313472700818,9.54313472700818,9.54313472700818
S5,solubility,pls,chemistry_b,80.13,84.0742996504583,3.944299650458305,3.944299650458305
S6,solubility,pls,chemistry_b,81.325,82.05043943001661,0.7254394300166069,0.7254394300166069
S7,solubility,pls,chemistry_b,85.215,81.79933886333788,3.4156611366621235,-3.4156611366621235
S8,solubility,pls,chemistry_b,82.11,81.16242925208803,0.9475707479119677,-0.9475707479119677
S9,solubility,pls,chemistry_b,81.52000000000001,81.86105944372189,0.3410594437218748,0.3410594437218748
S1,solubility,gpr,chemistry_b,78.0675,81.89717615207309,3.829676152073091,3.829676152073091
S10,solubility,gpr,chemistry_b,79.095,82.17331074793165,3.0783107479316527,3.0783107479316527
S11,solubility,gpr,chemistry_b,82.33,79.70868938025087,2.6213106197491243,-2.6213106197491243
S12,solubility,gpr,chemistry_b,84.995,81.78207151930705,3.212928480692952,-3.212928480692952
S13,solubility,gpr,chemistry_b,84.125,81.9247828132022,2.2002171867978007,-2.2002171867978007
S14,solubility,gpr,chemistry_b,81.34,82.4685277319093,1.1285277319093012,1.1285277319093012
S15,solubility,gpr,chemistry_b,87.69500000000001,82.12429390271618,5.570706097283832,-5.570706097283832
S16,solubility,gpr,chemistry_b,89.34,82.14812242663922,7.1918775733607845,-7.1918775733607845
S17,solubility,gpr,chemistry_b,77.47999999999999,82.02874898324328,4.548748983243286,4.548748983243286
S18,solubility,gpr,chemistry_b,84.07000000000001,82.67766492150126,1.3923350784987463,-1.3923350784987463
S19,solubility,gpr,chemistry_b,83.25,82.4782084915599,0.7717915084401028,-0.7717915084401028
S2,solubility,gpr,chemistry_b,77.615,82.09178328623835,4.4767832862383585,4.4767832862383585
S20,solubility,gpr,chemistry_b,88.265,82.30991596082465,5.955084039175347,-5.955084039175347
S21,solubility,gpr,chemistry_b,83.61,82.59757155290995,1.0124284470900449,-1.0124284470900449
S22,solubility,gpr,chemistry_b,84.925,82.69614663021522,2.2288533697847726,-2.2288533697847726
S23,solubility,gpr,chemistry_b,86.45,82.46601833807624,3.983981661923764,-3.983981661923764
S24,solubility,gpr,chemistry_b,86.205,82.36757433788873,3.837425662111272,-3.837425662111272
S25,solubility,gpr,chemistry_b,79.17999999999999,82.21498310418863,3.0349831041886404,3.0349831041886404
S26,solubility,gpr,chemistry_b,83.41499999999999,79.60289649945999,3.8121035005400046,-3.8121035005400046
S27,solubility,gpr,chemistry_b,82.295,82.43237641900392,0.13737641900391395,0.13737641900391395
S28,solubility,gpr,chemistry_b,81.71000000000001,80.6970522909792,1.012947709020807,-1.012947709020807
S29,solubility,gpr,chemistry_b,79.61,81.18892558167872,1.5789255816787175,1.5789255816787175
S3,solubility,gpr,chemistry_b,83.55,82.21529245958189,1.3347075404181084,-1.3347075404181084
S30,solubility,gpr,chemistry_b,73.37058823529412,81.83887276241936,8.468284527125235,8.468284527125235
S4,solubility,gpr,chemistry_b,74.22,82.50300838874792,8.283008388747916,8.283008388747916
S5,solubility,gpr,chemistry_b,80.13,82.54579840571175,2.4157984057117545,2.4157984057117545
S6,solubility,gpr,chemistry_b,81.325,81.8242389868677,0.4992389868676952,0.4992389868676952
S7,solubility,gpr,chemistry_b,85.215,82.05449206925633,3.1605079307436768,-3.1605079307436768
S8,solubility,gpr,chemistry_b,82.11,82.3155642710521,0.20556427105209707,0.20556427105209707
S9,solubility,gpr,chemistry_b,81.52000000000001,82.57414900133647,1.0541490013364552,1.0541490013364552
S1,solubility,random_forest,chemistry_b,78.0675,80.5765097372296,2.5090097372296043,2.5090097372296043
S10,solubility,random_forest,chemistry_b,79.095,83.37194152111894,4.2769415211189425,4.2769415211189425
S11,solubility,random_forest,chemistry_b,82.33,78.47881734757972,3.8511826524202775,-3.8511826524202775
S12,solubility,random_forest,chemistry_b,84.995,80.43081693142898,4.564183068571026,-4.564183068571026
S13,solubility,random_forest,chemistry_b,84.125,82.46123521111015,1.66376478888985,-1.66376478888985
S14,solubility,random_forest,chemistry_b,81.34,82.2324919540379,0.8924919540378937,0.8924919540378937
S15,solubility,random_forest,chemistry_b,87.69500000000001,81.76511284686157,5.929887153138438,-5.929887153138438
S16,solubility,random_forest,chemistry_b,89.34,83.21358626100034,6.126413738999659,-6.126413738999659
S17,solubility,random_forest,chemistry_b,77.47999999999999,80.7210124042579,3.2410124042579156,3.2410124042579156
S18,solubility,random_forest,chemistry_b,84.07000000000001,82.6937859466709,1.3762140533291074,-1.3762140533291074
S19,solubility,random_forest,chemistry_b,83.25,80.96269809256357,2.2873019074364294,-2.2873019074364294
S2,solubility,random_forest,chemistry_b,77.615,82.09641830778374,4.481418307783741,4.481418307783741
S20,solubility,random_forest,chemistry_b,88.265,82.56732599351905,5.697674006480952,-5.697674006480952
S21,solubility,random_forest,chemistry_b,83.61,85.72696434813021,2.1169643481302103,2.1169643481302103
S22,solubility,random_forest,chemistry_b,84.925,84.79794179615513,0.127058203844868,-0.127058203844868
S23,solubility,random_forest,chemistry_b,86.45,83.8355355308569,2.614464469143101,-2.614464469143101
S24,solubility,random_forest,chemistry_b,86.205,82.01941899719586,4.185581002804142,-4.185581002804142
S25,solubility,random_forest,chemistry_b,79.17999999999999,81.51053087885876,2.3305308788587666,2.3305308788587666
S26,solubility,random_forest,chemistry_b,83.41499999999999,77.83814860605116,5.576851393948829,-5.576851393948829
S27,solubility,random_forest,chemistry_b,82.295,81.83041655531859,0.4645834446814092,-0.4645834446814092
S28,solubility,random_forest,chemistry_b,81.71000000000001,79.80783131117309,1.9021686888269187,-1.9021686888269187
S29,solubility,random_forest,chemistry_b,79.61,81.64878872381382,2.0387887238138234,2.0387887238138234
S3,solubility,random_forest,chemistry_b,83.55,81.26315844119816,2.2868415588018394,-2.2868415588018394
S30,solubility,random_forest,chemistry_b,73.37058823529412,81.65377258536478,8.283184350070655,8.283184350070655
S4,solubility,random_forest,chemistry_b,74.22,83.70877195717577,9.488771957175771,9.488771957175771
S5,solubility,random_forest,chemistry_b,80.13,82.56451191326998,2.4345119132699864,2.4345119132699864
S6,solubility,random_forest,chemistry_b,81.325,82.65264804998603,1.3276480499860241,1.3276480499860241
S7,solubility,random_forest,chemistry_b,85.215,80.53929731189844,4.675702688101566,-4.675702688101566
S8,solubility,random_forest,chemistry_b,82.11,79.56346393464469,2.546536065355312,-2.546536065355312
S9,solubility,random_forest,chemistry_b,81.52000000000001,83.67814743743074,2.1581474374307277,2.1581474374307277
S1,solubility,xgboost,chemistry_b,78.0675,81.07233428955078,3.004834289550786,3.004834289550786
S10,solubility,xgboost,chemistry_b,79.095,83.3375244140625,4.242524414062501,4.242524414062501
S11,solubility,xgboost,chemistry_b,82.33,78.89788818359375,3.4321118164062483,-3.4321118164062483
S12,solubility,xgboost,chemistry_b,84.995,81.36071014404297,3.634289855957036,-3.634289855957036
S13,solubility,xgboost,chemistry_b,84.125,83.27053833007812,0.854461669921875,-0.854461669921875
S14,solubility,xgboost,chemistry_b,81.34,82.65390014648438,1.3139001464843716,1.3139001464843716
S15,solubility,xgboost,chemistry_b,87.69500000000001,82.65739440917969,5.03760559082032,-5.03760559082032
S16,solubility,xgboost,chemistry_b,89.34,83.73278045654297,5.607219543457035,-5.607219543457035
S17,solubility,xgboost,chemistry_b,77.47999999999999,79.7926025390625,2.3126025390625102,2.3126025390625102
S18,solubility,xgboost,chemistry_b,84.07000000000001,82.3473892211914,1.7226107788086011,-1.7226107788086011
S19,solubility,xgboost,chemistry_b,83.25,81.28217315673828,1.9678268432617188,-1.9678268432617188
S2,solubility,xgboost,chemistry_b,77.615,80.97221374511719,3.3572137451171926,3.3572137451171926
S20,solubility,xgboost,chemistry_b,88.265,82.77609252929688,5.488907470703126,-5.488907470703126
S21,solubility,xgboost,chemistry_b,83.61,86.94043731689453,3.330437316894532,3.330437316894532
S22,solubility,xgboost,chemistry_b,84.925,83.8828125,1.0421874999999972,-1.0421874999999972
S23,solubility,xgboost,chemistry_b,86.45,82.83401489257812,3.615985107421878,-3.615985107421878
S24,solubility,xgboost,chemistry_b,86.205,81.79280090332031,4.412199096679686,-4.412199096679686
S25,solubility,xgboost,chemistry_b,79.17999999999999,81.39730072021484,2.217300720214851,2.217300720214851
S26,solubility,xgboost,chemistry_b,83.41499999999999,76.87629699707031,6.5387030029296795,-6.5387030029296795
S27,solubility,xgboost,chemistry_b,82.295,82.21670532226562,0.0782946777343767,-0.0782946777343767
S28,solubility,xgboost,chemistry_b,81.71000000000001,79.54039001464844,2.1696099853515705,-2.1696099853515705
S29,solubility,xgboost,chemistry_b,79.61,82.96266174316406,3.352661743164063,3.352661743164063
S3,solubility,xgboost,chemistry_b,83.55,82.61786651611328,0.9321334838867159,-0.9321334838867159
S30,solubility,xgboost,chemistry_b,73.37058823529412,81.76946258544922,8.398874350155097,8.398874350155097
S4,solubility,xgboost,chemistry_b,74.22,83.5216064453125,9.301606445312501,9.301606445312501
S5,solubility,xgboost,chemistry_b,80.13,81.64427185058594,1.514271850585942,1.514271850585942
S6,solubility,xgboost,chemistry_b,81.325,83.27643585205078,1.9514358520507784,1.9514358520507784
S7,solubility,xgboost,chemistry_b,85.215,81.75536346435547,3.4596365356445347,-3.4596365356445347
S8,solubility,xgboost,chemistry_b,82.11,80.04574584960938,2.0642541503906244,-2.0642541503906244
S9,solubility,xgboost,chemistry_b,81.52000000000001,84.15291595458984,2.6329159545898335,2.6329159545898335
S1,solubility,catboost,chemistry_b,78.0675,80.34794880384382,2.280448803843825,2.280448803843825
S10,solubility,catboost,chemistry_b,79.095,83.02722922477685,3.9322292247768473,3.9322292247768473
S11,solubility,catboost,chemistry_b,82.33,79.45503777692967,2.8749622230703267,-2.8749622230703267
S12,solubility,catboost,chemistry_b,84.995,81.73425478428598,3.2607452157140244,-3.2607452157140244
S13,solubility,catboost,chemistry_b,84.125,83.10659750415334,1.018402495846658,-1.018402495846658
S14,solubility,catboost,chemistry_b,81.34,82.686202467746,1.3462024677459965,1.3462024677459965
S15,solubility,catboost,chemistry_b,87.69500000000001,82.70775190924657,4.9872480907534396,-4.9872480907534396
S16,solubility,catboost,chemistry_b,89.34,83.44286317394284,5.897136826057164,-5.897136826057164
S17,solubility,catboost,chemistry_b,77.47999999999999,81.07409191438298,3.594091914382986,3.594091914382986
S18,solubility,catboost,chemistry_b,84.07000000000001,82.94795764238795,1.1220423576120595,-1.1220423576120595
S19,solubility,catboost,chemistry_b,83.25,81.84522822792216,1.4047717720778365,-1.4047717720778365
S2,solubility,catboost,chemistry_b,77.615,82.12876065347123,4.513760653471238,4.513760653471238
S20,solubility,catboost,chemistry_b,88.265,82.76820289360964,5.4967971063903605,-5.4967971063903605
S21,solubility,catboost,chemistry_b,83.61,85.12499272827041,1.514992728270414,1.514992728270414
S22,solubility,catboost,chemistry_b,84.925,84.27934508211277,0.645654917887228,-0.645654917887228
S23,solubility,catboost,chemistry_b,86.45,83.68384684983269,2.7661531501673124,-2.7661531501673124
S24,solubility,catboost,chemistry_b,86.205,81.9611402378927,4.2438597621072915,-4.2438597621072915
S25,solubility,catboost,chemistry_b,79.17999999999999,82.00295305327737,2.8229530532773737,2.8229530532773737
S26,solubility,catboost,chemistry_b,83.41499999999999,79.04270801928854,4.372291980711452,-4.372291980711452
S27,solubility,catboost,chemistry_b,82.295,81.8191989928691,0.47580100713089735,-0.47580100713089735
S28,solubility,catboost,chemistry_b,81.71000000000001,80.24001626162517,1.469983738374836,-1.469983738374836
S29,solubility,catboost,chemistry_b,79.61,81.36160239112516,1.7516023911251608,1.7516023911251608
S3,solubility,catboost,chemistry_b,83.55,82.10043429069303,1.4495657093069667,-1.4495657093069667
S30,solubility,catboost,chemistry_b,73.37058823529412,82.08782980477073,8.717241569476613,8.717241569476613
S4,solubility,catboost,chemistry_b,74.22,83.23192168941884,9.011921689418841,9.011921689418841
S5,solubility,catboost,chemistry_b,80.13,82.65458872631821,2.524588726318214,2.524588726318214
S6,solubility,catboost,chemistry_b,81.325,82.28761778906633,0.9626177890663286,0.9626177890663286
S7,solubility,catboost,chemistry_b,85.215,80.4375928647255,4.777407135274501,-4.777407135274501
S8,solubility,catboost,chemistry_b,82.11,81.33402299769514,0.775977002304856,-0.775977002304856
S9,solubility,catboost,chemistry_b,81.52000000000001,83.51388855966145,1.9938885596614426,1.9938885596614426
S1,solubility,mean,baseline,78.0675,82.40675909878682,4.339259098786826,4.339259098786826
S10,solubility,mean,baseline,79.095,82.371143847487,3.276143847487006,3.276143847487006
S11,solubility,mean,baseline,82.33,82.25901213171576,0.07098786828423442,-0.07098786828423442
S12,solubility,mean,baseline,84.995,82.1666377816291,2.8283622183708985,-2.8283622183708985
S13,solubility,mean,baseline,84.125,82.19679376083188,1.9282062391681194,-1.9282062391681194
S14,solubility,mean,baseline,81.34,82.29332755632582,0.9533275563258172,0.9533275563258172
S15,solubility,mean,baseline,87.69500000000001,82.07305025996533,5.62194974003468,-5.62194974003468
S16,solubility,mean,baseline,89.34,82.01603119584055,7.323968804159449,-7.323968804159449
S17,solubility,mean,baseline,77.47999999999999,82.42712305025996,4.947123050259975,4.947123050259975
S18,solubility,mean,baseline,84.07000000000001,82.19870017331021,1.8712998266897927,-1.8712998266897927
S19,solubility,mean,baseline,83.25,82.22712305025998,1.0228769497400236,-1.0228769497400236
S2,solubility,mean,baseline,77.615,82.42244367417678,4.807443674176781,4.807443674176781
S20,solubility,mean,baseline,88.265,82.05329289428076,6.211707105719242,-6.211707105719242
S21,solubility,mean,baseline,83.61,82.21464471403813,1.3953552859618696,-1.3953552859618696
S22,solubility,mean,baseline,84.925,82.16906412478336,2.755935875216636,-2.755935875216636
S23,solubility,mean,baseline,86.45,82.11620450606587,4.333795493934133,-4.333795493934133
S24,solubility,mean,baseline,86.205,82.12469670710571,4.0803032928942855,-4.0803032928942855
S25,solubility,mean,baseline,79.17999999999999,82.36819757365684,3.1881975736568506,3.1881975736568506
S26,solubility,mean,baseline,83.41499999999999,82.22140381282496,1.1935961871750322,-1.1935961871750322
S27,solubility,mean,baseline,82.295,82.2602253032929,0.0347746967071032,-0.0347746967071032
S28,solubility,mean,baseline,81.71000000000001,82.28050259965339,0.5705025996533806,0.5705025996533806
S29,solubility,mean,baseline,79.61,82.35329289428077,2.7432928942807706,2.7432928942807706
S3,solubility,mean,baseline,83.55,82.21672443674177,1.3332755632582263,-1.3332755632582263
S30,solubility,mean,baseline,73.37058823529412,82.5219827586207,9.151394523326573,9.151394523326573
S4,solubility,mean,baseline,74.22,82.54012131715771,8.320121317157714,8.320121317157714
S5,solubility,mean,baseline,80.13,82.33526863084921,2.2052686308492184,2.2052686308492184
S6,solubility,mean,baseline,81.325,82.29384748700174,0.9688474870017387,0.9688474870017387
S7,solubility,mean,baseline,85.215,82.15901213171577,3.055987868284234,-3.055987868284234
S8,solubility,mean,baseline,82.11,82.26663778162911,0.15663778162911512,0.15663778162911512
S9,solubility,mean,baseline,81.52000000000001,82.2870883882149,0.7670883882148871,0.7670883882148871
S1,solubility,nearest_chemistry,baseline,78.0675,77.47999999999999,0.5875000000000057,-0.5875000000000057
S10,solubility,nearest_chemistry,baseline,79.095,82.33,3.2349999999999994,3.2349999999999994
S11,solubility,nearest_chemistry,baseline,82.33,81.325,1.0049999999999955,-1.0049999999999955
S12,solubility,nearest_chemistry,baseline,84.995,74.22,10.775000000000006,-10.775000000000006
S13,solubility,nearest_chemistry,baseline,84.125,81.34,2.7849999999999966,-2.7849999999999966
S14,solubility,nearest_chemistry,baseline,81.34,84.125,2.7849999999999966,2.7849999999999966
S15,solubility,nearest_chemistry,baseline,87.69500000000001,81.34,6.355000000000004,-6.355000000000004
S16,solubility,nearest_chemistry,baseline,89.34,87.69500000000001,1.644999999999996,-1.644999999999996
S17,solubility,nearest_chemistry,baseline,77.47999999999999,78.0675,0.5875000000000057,0.5875000000000057
S18,solubility,nearest_chemistry,baseline,84.07000000000001,88.265,4.194999999999993,4.194999999999993
S19,solubility,nearest_chemistry,baseline,83.25,81.34,1.9099999999999966,-1.9099999999999966
S2,solubility,nearest_chemistry,baseline,77.615,82.33,4.715000000000003,4.715000000000003
S20,solubility,nearest_chemistry,baseline,88.265,84.07000000000001,4.194999999999993,-4.194999999999993
S21,solubility,nearest_chemistry,baseline,83.61,84.07000000000001,0.46000000000000796,0.46000000000000796
S22,solubility,nearest_chemistry,baseline,84.925,84.07000000000001,0.8549999999999898,-0.8549999999999898
S23,solubility,nearest_chemistry,baseline,86.45,88.265,1.8149999999999977,1.8149999999999977
S24,solubility,nearest_chemistry,baseline,86.205,84.07000000000001,2.134999999999991,-2.134999999999991
S25,solubility,nearest_chemistry,baseline,79.17999999999999,83.41499999999999,4.234999999999999,4.234999999999999
S26,solubility,nearest_chemistry,baseline,83.41499999999999,79.61,3.8049999999999926,-3.8049999999999926
S27,solubility,nearest_chemistry,baseline,82.295,81.71000000000001,0.5849999999999937,-0.5849999999999937
S28,solubility,nearest_chemistry,baseline,81.71000000000001,73.37058823529412,8.339411764705886,-8.339411764705886
S29,solubility,nearest_chemistry,baseline,79.61,83.41499999999999,3.8049999999999926,3.8049999999999926
S3,solubility,nearest_chemistry,baseline,83.55,83.25,0.29999999999999716,-0.29999999999999716
S30,solubility,nearest_chemistry,baseline,73.37058823529412,81.71000000000001,8.339411764705886,8.339411764705886
S4,solubility,nearest_chemistry,baseline,74.22,85.215,10.995000000000005,10.995000000000005
S5,solubility,nearest_chemistry,baseline,80.13,78.0675,2.0625,-2.0625
S6,solubility,nearest_chemistry,baseline,81.325,82.33,1.0049999999999955,1.0049999999999955
S7,solubility,nearest_chemistry,baseline,85.215,74.22,10.995000000000005,-10.995000000000005
S8,solubility,nearest_chemistry,baseline,82.11,84.07000000000001,1.960000000000008,1.960000000000008
S9,solubility,nearest_chemistry,baseline,81.52000000000001,87.69500000000001,6.174999999999997,6.174999999999997
S1,overall_score,ridge,chemistry_a,66.5725,68.6182140499582,2.0457140499581925,2.0457140499581925
S10,overall_score,ridge,chemistry_a,65.8515,70.5358987316281,4.684398731628093,4.684398731628093
S11,overall_score,ridge,chemistry_a,66.062,66.36824443264979,0.30624443264979107,0.30624443264979107
S12,overall_score,ridge,chemistry_a,76.4225,70.59492662482394,5.827573375176058,-5.827573375176058
S13,overall_score,ridge,chemistry_a,73.77525,67.61875093198935,6.156499068010646,-6.156499068010646
S14,overall_score,ridge,chemistry_a,72.874,71.88751702592158,0.9864829740784131,-0.9864829740784131
S15,overall_score,ridge,chemistry_a,82.28475,77.46664800373924,4.818101996260765,-4.818101996260765
S16,overall_score,ridge,chemistry_a,82.5955,80.17586166337513,2.419638336624871,-2.419638336624871
S17,overall_score,ridge,chemistry_a,65.49625,70.52901154139589,5.032761541395885,5.032761541395885
S18,overall_score,ridge,chemistry_a,76.9015,75.38981549084899,1.51168450915101,-1.51168450915101
S19,overall_score,ridge,chemistry_a,81.13885,77.77054974505381,3.368300254946192,-3.368300254946192
S2,overall_score,ridge,chemistry_a,65.4635,59.77400905216173,5.689490947838266,-5.689490947838266
S20,overall_score,ridge,chemistry_a,82.27525,77.94598633638967,4.329263663610334,-4.329263663610334
S21,overall_score,ridge,chemistry_a,76.19525,79.67763027455837,3.4823802745583663,3.4823802745583663
S22,overall_score,ridge,chemistry_a,76.90775,84.86025749520219,7.952507495202198,7.952507495202198
S23,overall_score,ridge,chemistry_a,79.0595,83.05250192090698,3.993001920906977,3.993001920906977
S24,overall_score,ridge,chemistry_a,81.904,79.86249720497241,2.041502795027583,-2.041502795027583
S25,overall_score,ridge,chemistry_a,60.85125000000001,70.97217732360438,10.120927323604377,10.120927323604377
S26,overall_score,ridge,chemistry_a,61.74925,56.64813169690226,5.101118303097742,-5.101118303097742
S27,overall_score,ridge,chemistry_a,62.5225,65.4866852571907,2.9641852571906995,2.9641852571906995
S28,overall_score,ridge,chemistry_a,62.49425,66.85271387615656,4.358463876156556,4.358463876156556
S29,overall_score,ridge,chemistry_a,63.32725000000001,60.0374809590651,3.2897690409349067,-3.2897690409349067
S3,overall_score,ridge,chemistry_a,75.8515,81.21801519176555,5.366515191765544,5.366515191765544
S30,overall_score,ridge,chemistry_a,63.92941176470588,64.08461139423694,0.1551996295310616,0.1551996295310616
S4,overall_score,ridge,chemistry_a,66.58485,71.25452441760801,4.669674417608007,4.669674417608007
S5,overall_score,ridge,chemistry_a,73.27425000000001,69.69568775730167,3.5785622426983394,-3.5785622426983394
S6,overall_score,ridge,chemistry_a,65.738,69.84397495143297,4.1059749514329695,4.1059749514329695
S7,overall_score,ridge,chemistry_a,76.3335,69.84955075478975,6.483949245210255,-6.483949245210255
S8,overall_score,ridge,chemistry_a,73.36075,60.02111951610478,13.339630483895213,-13.339630483895213
S9,overall_score,ridge,chemistry_a,75.72725,76.37190575655578,0.6446557565557782,0.6446557565557782
S1,overall_score,pls,chemistry_a,66.5725,68.18835663080614,1.6158566308061353,1.6158566308061353
S10,overall_score,pls,chemistry_a,65.8515,67.07253824879837,1.221038248798365,1.221038248798365
S11,overall_score,pls,chemistry_a,66.062,64.99635461391853,1.0656453860814707,-1.0656453860814707
S12,overall_score,pls,chemistry_a,76.4225,71.58003450459462,4.842465495405378,-4.842465495405378
S13,overall_score,pls,chemistry_a,73.77525,72.3156001550088,1.4596498449912048,-1.4596498449912048
S14,overall_score,pls,chemistry_a,72.874,74.26871346498235,1.3947134649823596,1.3947134649823596
S15,overall_score,pls,chemistry_a,82.28475,74.53191178341778,7.752838216582219,-7.752838216582219
S16,overall_score,pls,chemistry_a,82.5955,81.74711113449521,0.8483888655047878,-0.8483888655047878
S17,overall_score,pls,chemistry_a,65.49625,72.63340800037504,7.137158000375038,7.137158000375038
S18,overall_score,pls,chemistry_a,76.9015,74.72631503457117,2.1751849654288264,-2.1751849654288264
S19,overall_score,pls,chemistry_a,81.13885,75.65377743564815,5.485072564351853,-5.485072564351853
S2,overall_score,pls,chemistry_a,65.4635,64.7570716230716,0.7064283769284003,-0.7064283769284003
S20,overall_score,pls,chemistry_a,82.27525,77.60846363074606,4.666786369253941,-4.666786369253941
S21,overall_score,pls,chemistry_a,76.19525,80.46535198708901,4.2701019870890065,4.2701019870890065
S22,overall_score,pls,chemistry_a,76.90775,82.26242531645092,5.354675316450923,5.354675316450923
S23,overall_score,pls,chemistry_a,79.0595,79.96224481267093,0.9027448126709317,0.9027448126709317
S24,overall_score,pls,chemistry_a,81.904,76.86645529586295,5.037544704137048,-5.037544704137048
S25,overall_score,pls,chemistry_a,60.85125000000001,70.26488201893703,9.413632018937022,9.413632018937022
S26,overall_score,pls,chemistry_a,61.74925,57.757524601651596,3.9917253983484073,-3.9917253983484073
S27,overall_score,pls,chemistry_a,62.5225,63.08419376567484,0.5616937656748391,0.5616937656748391
S28,overall_score,pls,chemistry_a,62.49425,65.37416445329748,2.8799144532974807,2.8799144532974807
S29,overall_score,pls,chemistry_a,63.32725000000001,65.90171797112066,2.5744679711206544,2.5744679711206544
S3,overall_score,pls,chemistry_a,75.8515,81.27791904314543,5.4264190431454296,5.4264190431454296
S30,overall_score,pls,chemistry_a,63.92941176470588,65.6932532642994,1.7638414995935179,1.7638414995935179
S4,overall_score,pls,chemistry_a,66.58485,69.92742404766254,3.342574047662538,3.342574047662538
S5,overall_score,pls,chemistry_a,73.27425000000001,71.58541597673494,1.6888340232650734,-1.6888340232650734
S6,overall_score,pls,chemistry_a,65.738,67.21771510431314,1.4797151043131436,1.4797151043131436
S7,overall_score,pls,chemistry_a,76.3335,68.11216495260268,8.221335047397318,-8.221335047397318
S8,overall_score,pls,chemistry_a,73.36075,71.05836534227139,2.3023846577286093,-2.3023846577286093
S9,overall_score,pls,chemistry_a,75.72725,76.87041593190085,1.1431659319008531,1.1431659319008531
S1,overall_score,gpr,chemistry_a,66.5725,68.85187617557364,2.2793761755736313,2.2793761755736313
S10,overall_score,gpr,chemistry_a,65.8515,70.05885960254183,4.207359602541828,4.207359602541828
S11,overall_score,gpr,chemistry_a,66.062,66.00768024589365,0.05431975410634493,-0.05431975410634493
S12,overall_score,gpr,chemistry_a,76.4225,71.86813981146204,4.554360188537956,-4.554360188537956
S13,overall_score,gpr,chemistry_a,73.77525,70.50730486050479,3.267945139495211,-3.267945139495211
S14,overall_score,gpr,chemistry_a,72.874,74.70903968657383,1.835039686573836,1.835039686573836
S15,overall_score,gpr,chemistry_a,82.28475,75.9274100527484,6.357339947251603,-6.357339947251603
S16,overall_score,gpr,chemistry_a,82.5955,77.23489652234443,5.360603477655573,-5.360603477655573
S17,overall_score,gpr,chemistry_a,65.49625,71.15885512290451,5.662605122904509,5.662605122904509
S18,overall_score,gpr,chemistry_a,76.9015,74.81779077436975,2.083709225630244,-2.083709225630244
S19,overall_score,gpr,chemistry_a,81.13885,74.67816987395054,6.460680126049468,-6.460680126049468
S2,overall_score,gpr,chemistry_a,65.4635,66.50436081070737,1.0408608107073718,1.0408608107073718
S20,overall_score,gpr,chemistry_a,82.27525,76.33263578956235,5.942614210437654,-5.942614210437654
S21,overall_score,gpr,chemistry_a,76.19525,78.18529143471184,1.9900414347118414,1.9900414347118414
S22,overall_score,gpr,chemistry_a,76.90775,84.39061491022048,7.482864910220485,7.482864910220485
S23,overall_score,gpr,chemistry_a,79.0595,78.32864227159092,0.7308577284090774,-0.7308577284090774
S24,overall_score,gpr,chemistry_a,81.904,76.87644339160366,5.027556608396338,-5.027556608396338
S25,overall_score,gpr,chemistry_a,60.85125000000001,70.230821219171,9.379571219170998,9.379571219170998
S26,overall_score,gpr,chemistry_a,61.74925,57.895394135366054,3.8538558646339496,-3.8538558646339496
S27,overall_score,gpr,chemistry_a,62.5225,66.39387406472709,3.8713740647270853,3.8713740647270853
S28,overall_score,gpr,chemistry_a,62.49425,66.96923631075079,4.474986310750786,4.474986310750786
S29,overall_score,gpr,chemistry_a,63.32725000000001,65.52970932660463,2.2024593266046253,2.2024593266046253
S3,overall_score,gpr,chemistry_a,75.8515,76.53281594413855,0.6813159441385466,0.6813159441385466
S30,overall_score,gpr,chemistry_a,63.92941176470588,64.7281474402417,0.7987356755358164,0.7987356755358164
S4,overall_score,gpr,chemistry_a,66.58485,71.72373826115513,5.138888261155131,5.138888261155131
S5,overall_score,gpr,chemistry_a,73.27425000000001,71.92261588278159,1.351634117218424,-1.351634117218424
S6,overall_score,gpr,chemistry_a,65.738,68.13775425702833,2.3997542570283343,2.3997542570283343
S7,overall_score,gpr,chemistry_a,76.3335,67.49046670374693,8.843033296253068,-8.843033296253068
S8,overall_score,gpr,chemistry_a,73.36075,68.69892149962455,4.661828500375449,-4.661828500375449
S9,overall_score,gpr,chemistry_a,75.72725,75.26509569956417,0.4621543004358273,-0.4621543004358273
S1,overall_score,random_forest,chemistry_a,66.5725,66.67184015297191,0.09934015297190513,0.09934015297190513
S10,overall_score,random_forest,chemistry_a,65.8515,67.31964522492845,1.468145224928449,1.468145224928449
S11,overall_score,random_forest,chemistry_a,66.062,68.79494724912597,2.7329472491259708,2.7329472491259708
S12,overall_score,random_forest,chemistry_a,76.4225,63.65830523427151,12.76419476572849,-12.76419476572849
S13,overall_score,random_forest,chemistry_a,73.77525,73.82444852039357,0.049198520393574086,0.049198520393574086
S14,overall_score,random_forest,chemistry_a,72.874,78.84266876205562,5.9686687620556285,5.9686687620556285
S15,overall_score,random_forest,chemistry_a,82.28475,77.32753306879195,4.957216931208052,-4.957216931208052
S16,overall_score,random_forest,chemistry_a,82.5955,76.5958274768088,5.999672523191208,-5.999672523191208
S17,overall_score,random_forest,chemistry_a,65.49625,68.19396272268999,2.6977127226899853,2.6977127226899853
S18,overall_score,random_forest,chemistry_a,76.9015,75.50539791465717,1.3961020853428323,-1.3961020853428323
S19,overall_score,random_forest,chemistry_a,81.13885,72.77479620273584,8.364053797264162,-8.364053797264162
S2,overall_score,random_forest,chemistry_a,65.4635,79.96626449267765,14.502764492677656,14.502764492677656
S20,overall_score,random_forest,chemistry_a,82.27525,77.64064907754894,4.634600922451057,-4.634600922451057
S21,overall_score,random_forest,chemistry_a,76.19525,79.73485520441902,3.5396052044190185,3.5396052044190185
S22,overall_score,random_forest,chemistry_a,76.90775,74.90854800300704,1.9992019969929515,-1.9992019969929515
S23,overall_score,random_forest,chemistry_a,79.0595,76.09644779976594,2.96305220023406,-2.96305220023406
S24,overall_score,random_forest,chemistry_a,81.904,76.82301989338382,5.080980106616181,-5.080980106616181
S25,overall_score,random_forest,chemistry_a,60.85125000000001,67.80732531812944,6.956075318129436,6.956075318129436
S26,overall_score,random_forest,chemistry_a,61.74925,64.68115145851877,2.931901458518766,2.931901458518766
S27,overall_score,random_forest,chemistry_a,62.5225,71.84097894742486,9.318478947424857,9.318478947424857
S28,overall_score,random_forest,chemistry_a,62.49425,69.408512612677,6.914262612677,6.914262612677
S29,overall_score,random_forest,chemistry_a,63.32725000000001,63.461635825384306,0.13438582538429955,0.13438582538429955
S3,overall_score,random_forest,chemistry_a,75.8515,76.36873497019162,0.5172349701916232,0.5172349701916232
S30,overall_score,random_forest,chemistry_a,63.92941176470588,66.65339638591662,2.7239846212107395,2.7239846212107395
S4,overall_score,random_forest,chemistry_a,66.58485,74.229880310384,7.645030310384001,7.645030310384001
S5,overall_score,random_forest,chemistry_a,73.27425000000001,75.60494978479939,2.3306997847993784,2.3306997847993784
S6,overall_score,random_forest,chemistry_a,65.738,78.46880652089108,12.730806520891079,12.730806520891079
S7,overall_score,random_forest,chemistry_a,76.3335,63.0534786391499,13.2800213608501,-13.2800213608501
S8,overall_score,random_forest,chemistry_a,73.36075,66.76150954647706,6.599240453522938,-6.599240453522938
S9,overall_score,random_forest,chemistry_a,75.72725,78.51515574682662,2.787905746826624,2.787905746826624
S1,overall_score,xgboost,chemistry_a,66.5725,67.55670928955078,0.9842092895507761,0.9842092895507761
S10,overall_score,xgboost,chemistry_a,65.8515,70.37857055664062,4.5270705566406235,4.5270705566406235
S11,overall_score,xgboost,chemistry_a,66.062,69.37728118896484,3.315281188964846,3.315281188964846
S12,overall_score,xgboost,chemistry_a,76.4225,66.90402221679688,9.518477783203124,-9.518477783203124
S13,overall_score,xgboost,chemistry_a,73.77525,73.1920394897461,0.583210510253906,-0.583210510253906
S14,overall_score,xgboost,chemistry_a,72.874,78.43839263916016,5.564392639160161,5.564392639160161
S15,overall_score,xgboost,chemistry_a,82.28475,75.87847900390625,6.4062709960937525,-6.4062709960937525
S16,overall_score,xgboost,chemistry_a,82.5955,77.77973175048828,4.81576824951172,-4.81576824951172
S17,overall_score,xgboost,chemistry_a,65.49625,69.57247161865234,4.07622161865234,4.07622161865234
S18,overall_score,xgboost,chemistry_a,76.9015,73.69749450683594,3.204005493164061,-3.204005493164061
S19,overall_score,xgboost,chemistry_a,81.13885,70.88494873046875,10.253901269531255,-10.253901269531255
S2,overall_score,xgboost,chemistry_a,65.4635,77.18609619140625,11.722596191406254,11.722596191406254
S20,overall_score,xgboost,chemistry_a,82.27525,75.75269317626953,6.5225568237304685,-6.5225568237304685
S21,overall_score,xgboost,chemistry_a,76.19525,80.82816314697266,4.632913146972655,4.632913146972655
S22,overall_score,xgboost,chemistry_a,76.90775,76.32396697998047,0.5837830200195242,-0.5837830200195242
S23,overall_score,xgboost,chemistry_a,79.0595,75.1017837524414,3.9577162475585936,-3.9577162475585936
S24,overall_score,xgboost,chemistry_a,81.904,75.53206634521484,6.371933654785153,-6.371933654785153
S25,overall_score,xgboost,chemistry_a,60.85125000000001,69.8504867553711,8.999236755371086,8.999236755371086
S26,overall_score,xgboost,chemistry_a,61.74925,65.63481140136719,3.885561401367184,3.885561401367184
S27,overall_score,xgboost,chemistry_a,62.5225,70.22640991210938,7.703909912109374,7.703909912109374
S28,overall_score,xgboost,chemistry_a,62.49425,69.85870361328125,7.364453613281249,7.364453613281249
S29,overall_score,xgboost,chemistry_a,63.32725000000001,66.49085235595703,3.1636023559570248,3.1636023559570248
S3,overall_score,xgboost,chemistry_a,75.8515,75.38314819335938,0.4683518066406265,-0.4683518066406265
S30,overall_score,xgboost,chemistry_a,63.92941176470588,64.2544174194336,0.32500565472771115,0.32500565472771115
S4,overall_score,xgboost,chemistry_a,66.58485,75.9540786743164,9.369228674316403,9.369228674316403
S5,overall_score,xgboost,chemistry_a,73.27425000000001,75.21833801269531,1.9440880126953033,1.9440880126953033
S6,overall_score,xgboost,chemistry_a,65.738,74.97767639160156,9.239676391601563,9.239676391601563
S7,overall_score,xgboost,chemistry_a,76.3335,64.79031372070312,11.543186279296876,-11.543186279296876
S8,overall_score,xgboost,chemistry_a,73.36075,66.50536346435547,6.855386535644527,-6.855386535644527
S9,overall_score,xgboost,chemistry_a,75.72725,75.92528533935547,0.1980353393554708,0.1980353393554708
S1,overall_score,catboost,chemistry_a,66.5725,66.99388823712488,0.42138823712487294,0.42138823712487294
S10,overall_score,catboost,chemistry_a,65.8515,72.27397897968466,6.422478979684655,6.422478979684655
S11,overall_score,catboost,chemistry_a,66.062,68.91854605887875,2.856546058878749,2.856546058878749
S12,overall_score,catboost,chemistry_a,76.4225,68.30519957395362,8.117300426046384,-8.117300426046384
S13,overall_score,catboost,chemistry_a,73.77525,72.23119876483696,1.5440512351630389,-1.5440512351630389
S14,overall_score,catboost,chemistry_a,72.874,77.5392211141287,4.665221114128698,4.665221114128698
S15,overall_score,catboost,chemistry_a,82.28475,75.7959932037256,6.4887567962744015,-6.4887567962744015
S16,overall_score,catboost,chemistry_a,82.5955,76.42015198300189,6.1753480169981145,-6.1753480169981145
S17,overall_score,catboost,chemistry_a,65.49625,70.1264259266731,4.63017592667309,4.63017592667309
S18,overall_score,catboost,chemistry_a,76.9015,74.76302988779052,2.1384701122094754,-2.1384701122094754
S19,overall_score,catboost,chemistry_a,81.13885,72.6010325203475,8.537817479652503,-8.537817479652503
S2,overall_score,catboost,chemistry_a,65.4635,75.65809843751842,10.194598437518422,10.194598437518422
S20,overall_score,catboost,chemistry_a,82.27525,75.75324167575039,6.522008324249612,-6.522008324249612
S21,overall_score,catboost,chemistry_a,76.19525,78.23664958915718,2.04139958915718,2.04139958915718
S22,overall_score,catboost,chemistry_a,76.90775,75.5573394301546,1.350410569845394,-1.350410569845394
S23,overall_score,catboost,chemistry_a,79.0595,74.60556927104541,4.453930728954589,-4.453930728954589
S24,overall_score,catboost,chemistry_a,81.904,75.39504757361875,6.508952426381242,-6.508952426381242
S25,overall_score,catboost,chemistry_a,60.85125000000001,70.44766584648254,9.596415846482529,9.596415846482529
S26,overall_score,catboost,chemistry_a,61.74925,63.87173389747916,2.1224838974791567,2.1224838974791567
S27,overall_score,catboost,chemistry_a,62.5225,66.47782782027458,3.955327820274583,3.955327820274583
S28,overall_score,catboost,chemistry_a,62.49425,67.95547809594406,5.461228095944058,5.461228095944058
S29,overall_score,catboost,chemistry_a,63.32725000000001,68.77561428897369,5.4483642889736785,5.4483642889736785
S3,overall_score,catboost,chemistry_a,75.8515,73.11658102271602,2.734918977283982,-2.734918977283982
S30,overall_score,catboost,chemistry_a,63.92941176470588,66.04454539970725,2.1151336350013636,2.1151336350013636
S4,overall_score,catboost,chemistry_a,66.58485,73.26068851463364,6.675838514633639,6.675838514633639
S5,overall_score,catboost,chemistry_a,73.27425000000001,73.09149434278831,0.1827556572117004,-0.1827556572117004
S6,overall_score,catboost,chemistry_a,65.738,71.95783273750251,6.219832737502514,6.219832737502514
S7,overall_score,catboost,chemistry_a,76.3335,67.42575627397414,8.907743726025856,-8.907743726025856
S8,overall_score,catboost,chemistry_a,73.36075,66.72698251865454,6.633767481345458,-6.633767481345458
S9,overall_score,catboost,chemistry_a,75.72725,76.63581359996941,0.9085635999694119,0.9085635999694119
S1,overall_score,ridge,chemistry_b,66.5725,69.77066055394204,3.1981605539420315,3.1981605539420315
S10,overall_score,ridge,chemistry_b,65.8515,70.33674879872046,4.485248798720463,4.485248798720463
S11,overall_score,ridge,chemistry_b,66.062,66.76279646922214,0.7007964692221407,0.7007964692221407
S12,overall_score,ridge,chemistry_b,76.4225,72.37589186064889,4.0466081393511075,-4.0466081393511075
S13,overall_score,ridge,chemistry_b,73.77525,70.90314822681879,2.872101773181214,-2.872101773181214
S14,overall_score,ridge,chemistry_b,72.874,71.40782720522901,1.4661727947709835,-1.4661727947709835
S15,overall_score,ridge,chemistry_b,82.28475,79.06144005559369,3.22330994440631,-3.22330994440631
S16,overall_score,ridge,chemistry_b,82.5955,77.66642701530873,4.929072984691274,-4.929072984691274
S17,overall_score,ridge,chemistry_b,65.49625,66.88083678254424,1.3845867825442326,1.3845867825442326
S18,overall_score,ridge,chemistry_b,76.9015,76.53126664647623,0.37023335352377273,-0.37023335352377273
S19,overall_score,ridge,chemistry_b,81.13885,80.53689101238089,0.6019589876191134,-0.6019589876191134
S2,overall_score,ridge,chemistry_b,65.4635,59.65623423434006,5.807265765659935,-5.807265765659935
S20,overall_score,ridge,chemistry_b,82.27525,79.632521319998,2.6427286800019942,-2.6427286800019942
S21,overall_score,ridge,chemistry_b,76.19525,79.30683521329657,3.1115852132965642,3.1115852132965642
S22,overall_score,ridge,chemistry_b,76.90775,84.57530708754066,7.667557087540672,7.667557087540672
S23,overall_score,ridge,chemistry_b,79.0595,82.171446304784,3.1119463047839986,3.1119463047839986
S24,overall_score,ridge,chemistry_b,81.904,77.2831908255632,4.6208091744368005,-4.6208091744368005
S25,overall_score,ridge,chemistry_b,60.85125000000001,69.49536566456956,8.644115664569554,8.644115664569554
S26,overall_score,ridge,chemistry_b,61.74925,57.61099386862786,4.138256131372145,-4.138256131372145
S27,overall_score,ridge,chemistry_b,62.5225,62.733395797370875,0.21089579737087405,0.21089579737087405
S28,overall_score,ridge,chemistry_b,62.49425,68.61180170086547,6.117551700865469,6.117551700865469
S29,overall_score,ridge,chemistry_b,63.32725000000001,63.92987717815519,0.6026271781551813,0.6026271781551813
S3,overall_score,ridge,chemistry_b,75.8515,74.21246234094019,1.6390376590598095,-1.6390376590598095
S30,overall_score,ridge,chemistry_b,63.92941176470588,59.33529056369923,4.594121201006651,-4.594121201006651
S4,overall_score,ridge,chemistry_b,66.58485,76.87317102291033,10.288321022910324,10.288321022910324
S5,overall_score,ridge,chemistry_b,73.27425000000001,70.52009874974623,2.754151250253784,-2.754151250253784
S6,overall_score,ridge,chemistry_b,65.738,67.30391998011581,1.5659199801158081,1.5659199801158081
S7,overall_score,ridge,chemistry_b,76.3335,68.23597991275774,8.097520087242259,-8.097520087242259
S8,overall_score,ridge,chemistry_b,73.36075,60.35878203320427,13.001967966795725,-13.001967966795725
S9,overall_score,ridge,chemistry_b,75.72725,78.87248677799148,3.145236777991485,3.145236777991485
S1,overall_score,pls,chemistry_b,66.5725,68.10807179843394,1.535571798433935,1.535571798433935
S10,overall_score,pls,chemistry_b,65.8515,66.46805188872706,0.6165518887270593,0.6165518887270593
S11,overall_score,pls,chemistry_b,66.062,65.037891175738,1.024108824262001,-1.024108824262001
S12,overall_score,pls,chemistry_b,76.4225,71.61901666243557,4.80348333756443,-4.80348333756443
S13,overall_score,pls,chemistry_b,73.77525,71.63352974034298,2.1417202596570206,-2.1417202596570206
S14,overall_score,pls,chemistry_b,72.874,75.35571988628561,2.4817198862856173,2.4817198862856173
S15,overall_score,pls,chemistry_b,82.28475,74.02492189083213,8.25982810916787,-8.25982810916787
S16,overall_score,pls,chemistry_b,82.5955,80.74622228013286,1.8492777198671462,-1.8492777198671462
S17,overall_score,pls,chemistry_b,65.49625,70.90919822951875,5.412948229518747,5.412948229518747
S18,overall_score,pls,chemistry_b,76.9015,74.24989833908741,2.65160166091259,-2.65160166091259
S19,overall_score,pls,chemistry_b,81.13885,75.16132790199296,5.977522098007043,-5.977522098007043
S2,overall_score,pls,chemistry_b,65.4635,63.839002665363594,1.624497334636402,-1.624497334636402
S20,overall_score,pls,chemistry_b,82.27525,75.30820851825112,6.967041481748879,-6.967041481748879
S21,overall_score,pls,chemistry_b,76.19525,80.04573595704389,3.8504859570438867,3.8504859570438867
S22,overall_score,pls,chemistry_b,76.90775,82.87234159663474,5.964591596634747,5.964591596634747
S23,overall_score,pls,chemistry_b,79.0595,79.54344369455663,0.4839436945566291,0.4839436945566291
S24,overall_score,pls,chemistry_b,81.904,77.18816951341113,4.715830486588871,-4.715830486588871
S25,overall_score,pls,chemistry_b,60.85125000000001,68.90608178438157,8.054831784381562,8.054831784381562
S26,overall_score,pls,chemistry_b,61.74925,57.76028243629376,3.9889675637062467,-3.9889675637062467
S27,overall_score,pls,chemistry_b,62.5225,66.04289277246525,3.52039277246525,3.52039277246525
S28,overall_score,pls,chemistry_b,62.49425,67.28014421570614,4.7858942157061435,4.7858942157061435
S29,overall_score,pls,chemistry_b,63.32725000000001,66.20307427799575,2.875824277995747,2.875824277995747
S3,overall_score,pls,chemistry_b,75.8515,82.44795520424191,6.596455204241906,6.596455204241906
S30,overall_score,pls,chemistry_b,63.92941176470588,66.66303164910804,2.7336198844021524,2.7336198844021524
S4,overall_score,pls,chemistry_b,66.58485,70.62599725927453,4.041147259274524,4.041147259274524
S5,overall_score,pls,chemistry_b,73.27425000000001,73.12557462047997,0.14867537952004284,-0.14867537952004284
S6,overall_score,pls,chemistry_b,65.738,66.28984134013761,0.5518413401376137,0.5518413401376137
S7,overall_score,pls,chemistry_b,76.3335,68.13811480744805,8.195385192551953,-8.195385192551953
S8,overall_score,pls,chemistry_b,73.36075,71.42670406028759,1.934045939712405,-1.934045939712405
S9,overall_score,pls,chemistry_b,75.72725,80.27996759863026,4.552717598630267,4.552717598630267
S1,overall_score,gpr,chemistry_b,66.5725,68.93528024959423,2.3627802495942234,2.3627802495942234
S10,overall_score,gpr,chemistry_b,65.8515,70.1629087425634,4.311408742563401,4.311408742563401
S11,overall_score,gpr,chemistry_b,66.062,65.9032319103012,0.1587680896987962,-0.1587680896987962
S12,overall_score,gpr,chemistry_b,76.4225,71.52839159195194,4.894108408048055,-4.894108408048055
S13,overall_score,gpr,chemistry_b,73.77525,70.0215205953572,3.7537294046427974,-3.7537294046427974
S14,overall_score,gpr,chemistry_b,72.874,75.76585907404085,2.891859074040852,2.891859074040852
S15,overall_score,gpr,chemistry_b,82.28475,75.77811322693333,6.506636773066674,-6.506636773066674
S16,overall_score,gpr,chemistry_b,82.5955,78.55334175919636,4.042158240803644,-4.042158240803644
S17,overall_score,gpr,chemistry_b,65.49625,70.40655960549255,4.910309605492543,4.910309605492543
S18,overall_score,gpr,chemistry_b,76.9015,75.5920610109005,1.3094389890995046,-1.3094389890995046
S19,overall_score,gpr,chemistry_b,81.13885,75.46474960023724,5.674100399762764,-5.674100399762764
S2,overall_score,gpr,chemistry_b,65.4635,66.36810749552825,0.9046074955282535,0.9046074955282535
S20,overall_score,gpr,chemistry_b,82.27525,75.56085412275215,6.714395877247853,-6.714395877247853
S21,overall_score,gpr,chemistry_b,76.19525,78.56653620006281,2.371286200062812,2.371286200062812
S22,overall_score,gpr,chemistry_b,76.90775,82.73866693411,5.830916934110007,5.830916934110007
S23,overall_score,gpr,chemistry_b,79.0595,78.51202427172774,0.5474757282722607,-0.5474757282722607
S24,overall_score,gpr,chemistry_b,81.904,76.92049737917372,4.983502620826272,-4.983502620826272
S25,overall_score,gpr,chemistry_b,60.85125000000001,70.29233545188745,9.441085451887446,9.441085451887446
S26,overall_score,gpr,chemistry_b,61.74925,56.89429059820336,4.854959401796641,-4.854959401796641
S27,overall_score,gpr,chemistry_b,62.5225,68.64932989877973,6.126829898779725,6.126829898779725
S28,overall_score,gpr,chemistry_b,62.49425,67.3654519928936,4.871201992893596,4.871201992893596
S29,overall_score,gpr,chemistry_b,63.32725000000001,65.62857739702255,2.301327397022547,2.301327397022547
S3,overall_score,gpr,chemistry_b,75.8515,76.50214447587928,0.6506444758792753,0.6506444758792753
S30,overall_score,gpr,chemistry_b,63.92941176470588,64.968721202983,1.0393094382771224,1.0393094382771224
S4,overall_score,gpr,chemistry_b,66.58485,71.79481668917734,5.209966689177335,5.209966689177335
S5,overall_score,gpr,chemistry_b,73.27425000000001,72.77160807639798,0.5026419236020274,-0.5026419236020274
S6,overall_score,gpr,chemistry_b,65.738,67.50744278325081,1.7694427832508097,1.7694427832508097
S7,overall_score,gpr,chemistry_b,76.3335,67.79061952806497,8.542880471935035,-8.542880471935035
S8,overall_score,gpr,chemistry_b,73.36075,69.13576151308233,4.224988486917667,-4.224988486917667
S9,overall_score,gpr,chemistry_b,75.72725,77.1386073909741,1.4113573909741035,1.4113573909741035
S1,overall_score,random_forest,chemistry_b,66.5725,66.62115598012367,0.04865598012366945,0.04865598012366945
S10,overall_score,random_forest,chemistry_b,65.8515,71.02641029379714,5.17491029379714,5.17491029379714
S11,overall_score,random_forest,chemistry_b,66.062,68.00199953874014,1.939999538740139,1.939999538740139
S12,overall_score,random_forest,chemistry_b,76.4225,63.46235917433053,12.96014082566947,-12.96014082566947
S13,overall_score,random_forest,chemistry_b,73.77525,74.85323424676697,1.0779842467669738,1.0779842467669738
S14,overall_score,random_forest,chemistry_b,72.874,79.36603513268763,6.492035132687633,6.492035132687633
S15,overall_score,random_forest,chemistry_b,82.28475,77.92991213911748,4.354837860882526,-4.354837860882526
S16,overall_score,random_forest,chemistry_b,82.5955,77.8014502206622,4.794049779337797,-4.794049779337797
S17,overall_score,random_forest,chemistry_b,65.49625,67.83792879489741,2.3416787948974047,2.3416787948974047
S18,overall_score,random_forest,chemistry_b,76.9015,75.73053268354849,1.1709673164515095,-1.1709673164515095
S19,overall_score,random_forest,chemistry_b,81.13885,73.02845751516244,8.110392484837561,-8.110392484837561
S2,overall_score,random_forest,chemistry_b,65.4635,79.4878647209068,14.024364720906803,14.024364720906803
S20,overall_score,random_forest,chemistry_b,82.27525,70.81993226213544,11.455317737864561,-11.455317737864561
S21,overall_score,random_forest,chemistry_b,76.19525,79.81494983330455,3.6196998333045514,3.6196998333045514
S22,overall_score,random_forest,chemistry_b,76.90775,74.50450532048657,2.4032446795134206,-2.4032446795134206
S23,overall_score,random_forest,chemistry_b,79.0595,76.60099955905744,2.458500440942558,-2.458500440942558
S24,overall_score,random_forest,chemistry_b,81.904,77.28625229587915,4.617747704120845,-4.617747704120845
S25,overall_score,random_forest,chemistry_b,60.85125000000001,67.80184622961742,6.9505962296174175,6.9505962296174175
S26,overall_score,random_forest,chemistry_b,61.74925,66.18876693841727,4.43951693841727,4.43951693841727
S27,overall_score,random_forest,chemistry_b,62.5225,72.81330854129048,10.290808541290481,10.290808541290481
S28,overall_score,random_forest,chemistry_b,62.49425,69.7822256704342,7.2879756704342,7.2879756704342
S29,overall_score,random_forest,chemistry_b,63.32725000000001,63.07645904335435,0.250790956645659,-0.250790956645659
S3,overall_score,random_forest,chemistry_b,75.8515,76.61528537996078,0.7637853799607797,0.7637853799607797
S30,overall_score,random_forest,chemistry_b,63.92941176470588,65.98889497123422,2.059483206528334,2.059483206528334
S4,overall_score,random_forest,chemistry_b,66.58485,73.94637751583078,7.3615275158307725,7.3615275158307725
S5,overall_score,random_forest,chemistry_b,73.27425000000001,76.92256378768028,3.648313787680266,3.648313787680266
S6,overall_score,random_forest,chemistry_b,65.738,77.90879597300614,12.170795973006136,12.170795973006136
S7,overall_score,random_forest,chemistry_b,76.3335,62.618569335718156,13.714930664281844,-13.714930664281844
S8,overall_score,random_forest,chemistry_b,73.36075,67.19281799481408,6.167932005185918,-6.167932005185918
S9,overall_score,random_forest,chemistry_b,75.72725,78.50198343483734,2.7747334348373442,2.7747334348373442
S1,overall_score,xgboost,chemistry_b,66.5725,66.65292358398438,0.08042358398436988,0.08042358398436988
S10,overall_score,xgboost,chemistry_b,65.8515,70.62874603271484,4.777246032714842,4.777246032714842
S11,overall_score,xgboost,chemistry_b,66.062,68.23178100585938,2.1697810058593774,2.1697810058593774
S12,overall_score,xgboost,chemistry_b,76.4225,65.6383285522461,10.784171447753906,-10.784171447753906
S13,overall_score,xgboost,chemistry_b,73.77525,73.31182098388672,0.463429016113281,-0.463429016113281
S14,overall_score,xgboost,chemistry_b,72.874,78.97149658203125,6.097496582031255,6.097496582031255
S15,overall_score,xgboost,chemistry_b,82.28475,76.21717834472656,6.06757165527344,-6.06757165527344
S16,overall_score,xgboost,chemistry_b,82.5955,78.81173706054688,3.7837629394531263,-3.7837629394531263
S17,overall_score,xgboost,chemistry_b,65.49625,69.12093353271484,3.6246835327148403,3.6246835327148403
S18,overall_score,xgboost,chemistry_b,76.9015,74.19844818115234,2.703051818847655,-2.703051818847655
S19,overall_score,xgboost,chemistry_b,81.13885,71.22272491455078,9.916125085449224,-9.916125085449224
S2,overall_score,xgboost,chemistry_b,65.4635,77.21648406982422,11.752984069824223,11.752984069824223
S20,overall_score,xgboost,chemistry_b,82.27525,71.19468688964844,11.080563110351562,-11.080563110351562
S21,overall_score,xgboost,chemistry_b,76.19525,81.18051147460938,4.9852614746093735,4.9852614746093735
S22,overall_score,xgboost,chemistry_b,76.90775,77.14031219482422,0.2325621948242258,0.2325621948242258
S23,overall_score,xgboost,chemistry_b,79.0595,75.16029357910156,3.8992064208984374,-3.8992064208984374
S24,overall_score,xgboost,chemistry_b,81.904,76.66908264160156,5.234917358398434,-5.234917358398434
S25,overall_score,xgboost,chemistry_b,60.85125000000001,69.47492980957031,8.623679809570305,8.623679809570305
S26,overall_score,xgboost,chemistry_b,61.74925,65.30870819091797,3.5594581909179652,3.5594581909179652
S27,overall_score,xgboost,chemistry_b,62.5225,70.6631851196289,8.140685119628905,8.140685119628905
S28,overall_score,xgboost,chemistry_b,62.49425,70.01937866210938,7.525128662109374,7.525128662109374
S29,overall_score,xgboost,chemistry_b,63.32725000000001,65.50076293945312,2.1735129394531185,2.1735129394531185
S3,overall_score,xgboost,chemistry_b,75.8515,74.25021362304688,1.6012863769531265,-1.6012863769531265
S30,overall_score,xgboost,chemistry_b,63.92941176470588,64.4170150756836,0.48760331097771115,0.48760331097771115
S4,overall_score,xgboost,chemistry_b,66.58485,75.84020233154297,9.255352331542966,9.255352331542966
S5,overall_score,xgboost,chemistry_b,73.27425000000001,75.54666900634766,2.272419006347647,2.272419006347647
S6,overall_score,xgboost,chemistry_b,65.738,74.1113052368164,8.373305236816407,8.373305236816407
S7,overall_score,xgboost,chemistry_b,76.3335,64.3191909790039,12.014309020996095,-12.014309020996095
S8,overall_score,xgboost,chemistry_b,73.36075,66.46942901611328,6.891320983886715,-6.891320983886715
S9,overall_score,xgboost,chemistry_b,75.72725,75.95344543457031,0.22619543457031455,0.22619543457031455
S1,overall_score,catboost,chemistry_b,66.5725,67.60596434971076,1.033464349710755,1.033464349710755
S10,overall_score,catboost,chemistry_b,65.8515,73.7956173425001,7.944117342500093,7.944117342500093
S11,overall_score,catboost,chemistry_b,66.062,68.15965772321786,2.097657723217864,2.097657723217864
S12,overall_score,catboost,chemistry_b,76.4225,68.84583512842423,7.5766648715757725,-7.5766648715757725
S13,overall_score,catboost,chemistry_b,73.77525,73.73073468060649,0.04451531939351128,-0.04451531939351128
S14,overall_score,catboost,chemistry_b,72.874,78.42476485922172,5.550764859221729,5.550764859221729
S15,overall_score,catboost,chemistry_b,82.28475,76.01711142105067,6.267638578949331,-6.267638578949331
S16,overall_score,catboost,chemistry_b,82.5955,77.39339095361967,5.202109046380329,-5.202109046380329
S17,overall_score,catboost,chemistry_b,65.49625,70.65456360881214,5.158313608812136,5.158313608812136
S18,overall_score,catboost,chemistry_b,76.9015,74.51369246837069,2.3878075316293064,-2.3878075316293064
S19,overall_score,catboost,chemistry_b,81.13885,73.96278816481262,7.176061835187383,-7.176061835187383
S2,overall_score,catboost,chemistry_b,65.4635,74.68918258790312,9.225682587903123,9.225682587903123
S20,overall_score,catboost,chemistry_b,82.27525,71.24872030249034,11.026529697509659,-11.026529697509659
S21,overall_score,catboost,chemistry_b,76.19525,78.19564742189796,2.000397421897958,2.000397421897958
S22,overall_score,catboost,chemistry_b,76.90775,75.96123619917725,0.9465138008227427,-0.9465138008227427
S23,overall_score,catboost,chemistry_b,79.0595,76.09622065079552,2.963279349204484,-2.963279349204484
S24,overall_score,catboost,chemistry_b,81.904,74.85080637708695,7.053193622913042,-7.053193622913042
S25,overall_score,catboost,chemistry_b,60.85125000000001,68.76333721302008,7.912087213020072,7.912087213020072
S26,overall_score,catboost,chemistry_b,61.74925,64.46492282340344,2.7156728234034375,2.7156728234034375
S27,overall_score,catboost,chemistry_b,62.5225,69.18068115832081,6.658181158320808,6.658181158320808
S28,overall_score,catboost,chemistry_b,62.49425,69.04686314428153,6.55261314428153,6.55261314428153
S29,overall_score,catboost,chemistry_b,63.32725000000001,67.81305886335966,4.485808863359651,4.485808863359651
S3,overall_score,catboost,chemistry_b,75.8515,74.56027854729126,1.29122145270874,-1.29122145270874
S30,overall_score,catboost,chemistry_b,63.92941176470588,66.66207559227168,2.732663827565794,2.732663827565794
S4,overall_score,catboost,chemistry_b,66.58485,72.44733254157865,5.862482541578643,5.862482541578643
S5,overall_score,catboost,chemistry_b,73.27425000000001,75.58778129244655,2.313531292446541,2.313531292446541
S6,overall_score,catboost,chemistry_b,65.738,72.5464432332394,6.808443233239402,6.808443233239402
S7,overall_score,catboost,chemistry_b,76.3335,67.00650762447302,9.326992375526984,-9.326992375526984
S8,overall_score,catboost,chemistry_b,73.36075,69.30286343088338,4.057886569116619,-4.057886569116619
S9,overall_score,catboost,chemistry_b,75.72725,75.54257786992554,0.18467213007446048,-0.18467213007446048
S1,overall_score,mean,baseline,66.5725,72.00561351819758,5.4331135181975725,5.4331135181975725
S10,overall_score,mean,baseline,65.8515,72.03060485268631,6.179104852686308,6.179104852686308
S11,overall_score,mean,baseline,66.062,72.02330849220104,5.9613084922010415,5.9613084922010415
S12,overall_score,mean,baseline,76.4225,71.6641923743501,4.7583076256499055,-4.7583076256499055
S13,overall_score,mean,baseline,73.77525,71.75595147313692,2.019298526863082,-2.019298526863082
S14,overall_score,mean,baseline,72.874,71.78719064124783,1.0868093587521628,-1.0868093587521628
S15,overall_score,mean,baseline,82.28475,71.46099480069324,10.82375519930676,-10.82375519930676
S16,overall_score,mean,baseline,82.5955,71.45022357019063,11.145276429809371,-11.145276429809371
S17,overall_score,mean,baseline,65.49625,72.0429185441941,6.546668544194091,6.546668544194091
S18,overall_score,mean,baseline,76.9015,71.64758925476603,5.253910745233966,-5.253910745233966
S19,overall_score,mean,baseline,81.13885,71.50071403812824,9.638135961871768,-9.638135961871768
S2,overall_score,mean,baseline,65.4635,72.04405372616985,6.580553726169853,6.580553726169853
S20,overall_score,mean,baseline,82.27525,71.46132409012131,10.81392590987869,-10.81392590987869
S21,overall_score,mean,baseline,76.19525,71.67206932409012,4.5231806759098845,-4.5231806759098845
S22,overall_score,mean,baseline,76.90775,71.6473726169844,5.260377383015594,-5.260377383015594
S23,overall_score,mean,baseline,79.0595,71.57278856152513,7.48671143847487,-7.48671143847487
S24,overall_score,mean,baseline,81.904,71.47419237435008,10.429807625649914,-10.429807625649914
S25,overall_score,mean,baseline,60.85125000000001,72.20392374350088,11.352673743500873,11.352673743500873
S26,overall_score,mean,baseline,61.74925,72.1727972270364,10.423547227036394,10.423547227036394
S27,overall_score,mean,baseline,62.5225,72.14599480069324,9.623494800693244,9.623494800693244
S28,overall_score,mean,baseline,62.49425,72.14697400346621,9.652724003466211,9.652724003466211
S29,overall_score,mean,baseline,63.32725000000001,72.11810051993068,8.790850519930672,8.790850519930672
S3,overall_score,mean,baseline,75.8515,71.68398440207972,4.167515597920286,-4.167515597920286
S30,overall_score,mean,baseline,63.92941176470588,72.05498103448275,8.125569269776868,8.125569269776868
S4,overall_score,mean,baseline,66.58485,72.00518544194107,5.420335441941063,5.420335441941063
S5,overall_score,mean,baseline,73.27425000000001,71.7733171577123,1.5009328422877104,-1.5009328422877104
S6,overall_score,mean,baseline,65.738,72.0345389948007,6.296538994800699,6.296538994800699
S7,overall_score,mean,baseline,76.3335,71.66727729636048,4.666222703639519,-4.666222703639519
S8,overall_score,mean,baseline,73.36075,71.77031889081456,1.590431109185431,-1.590431109185431
S9,overall_score,mean,baseline,75.72725,71.68829116117851,4.038958838821486,-4.038958838821486
S1,overall_score,nearest_chemistry,baseline,66.5725,65.49625,1.0762500000000017,-1.0762500000000017
S10,overall_score,nearest_chemistry,baseline,65.8515,66.062,0.21049999999999613,0.21049999999999613
S11,overall_score,nearest_chemistry,baseline,66.062,65.738,0.32399999999999807,-0.32399999999999807
S12,overall_score,nearest_chemistry,baseline,76.4225,66.58485,9.837649999999996,-9.837649999999996
S13,overall_score,nearest_chemistry,baseline,73.77525,72.874,0.9012500000000045,-0.9012500000000045
S14,overall_score,nearest_chemistry,baseline,72.874,73.77525,0.9012500000000045,0.9012500000000045
S15,overall_score,nearest_chemistry,baseline,82.28475,72.874,9.410750000000007,-9.410750000000007
S16,overall_score,nearest_chemistry,baseline,82.5955,82.28475,0.31074999999999875,-0.31074999999999875
S17,overall_score,nearest_chemistry,baseline,65.49625,66.5725,1.0762500000000017,1.0762500000000017
S18,overall_score,nearest_chemistry,baseline,76.9015,82.27525,5.373750000000001,5.373750000000001
S19,overall_score,nearest_chemistry,baseline,81.13885,72.874,8.26485000000001,-8.26485000000001
S2,overall_score,nearest_chemistry,baseline,65.4635,66.062,0.5985000000000014,0.5985000000000014
S20,overall_score,nearest_chemistry,baseline,82.27525,76.9015,5.373750000000001,-5.373750000000001
S21,overall_score,nearest_chemistry,baseline,76.19525,76.9015,0.7062499999999972,0.7062499999999972
S22,overall_score,nearest_chemistry,baseline,76.90775,76.9015,0.006249999999994316,-0.006249999999994316
S23,overall_score,nearest_chemistry,baseline,79.0595,82.27525,3.21575,3.21575
S24,overall_score,nearest_chemistry,baseline,81.904,76.9015,5.002499999999998,-5.002499999999998
S25,overall_score,nearest_chemistry,baseline,60.85125000000001,61.74925,0.8979999999999961,0.8979999999999961
S26,overall_score,nearest_chemistry,baseline,61.74925,63.32725000000001,1.578000000000003,1.578000000000003
S27,overall_score,nearest_chemistry,baseline,62.5225,62.49425,0.028249999999999886,-0.028249999999999886
S28,overall_score,nearest_chemistry,baseline,62.49425,63.92941176470588,1.4351617647058816,1.4351617647058816
S29,overall_score,nearest_chemistry,baseline,63.32725000000001,61.74925,1.578000000000003,-1.578000000000003
S3,overall_score,nearest_chemistry,baseline,75.8515,81.13885,5.2873500000000035,5.2873500000000035
S30,overall_score,nearest_chemistry,baseline,63.92941176470588,62.49425,1.4351617647058816,-1.4351617647058816
S4,overall_score,nearest_chemistry,baseline,66.58485,76.3335,9.748649999999998,9.748649999999998
S5,overall_score,nearest_chemistry,baseline,73.27425000000001,66.5725,6.701750000000004,-6.701750000000004
S6,overall_score,nearest_chemistry,baseline,65.738,66.062,0.32399999999999807,0.32399999999999807
S7,overall_score,nearest_chemistry,baseline,76.3335,66.58485,9.748649999999998,-9.748649999999998
S8,overall_score,nearest_chemistry,baseline,73.36075,76.9015,3.5407500000000027,3.5407500000000027
S9,overall_score,nearest_chemistry,baseline,75.72725,82.28475,6.5575000000000045,6.5575000000000045
