sample_code,target,y_true,y_pred,abs_error,signed_error
S1,appearance,88.0,72.8911848287018,15.108815171298204,-15.108815171298204
S1,appearance,63.1,72.8911848287018,9.791184828701795,9.791184828701795
S1,appearance,72.30000000000001,72.8911848287018,0.5911848287017847,0.5911848287017847
S1,appearance,70.5,72.8911848287018,2.391184828701796,2.391184828701796
S1,appearance,81.6,72.8911848287018,8.708815171298198,-8.708815171298198
S1,appearance,79.4,72.8911848287018,6.50881517129821,-6.50881517129821
S1,appearance,80.9,72.8911848287018,8.00881517129821,-8.00881517129821
S1,appearance,90.5,72.8911848287018,17.608815171298204,-17.608815171298204
S1,appearance,71.3,72.8911848287018,1.591184828701799,1.591184828701799
S1,appearance,70.0,72.8911848287018,2.891184828701796,2.891184828701796
S1,appearance,77.1,72.8911848287018,4.208815171298198,-4.208815171298198
S1,appearance,57.0,72.8911848287018,15.891184828701796,15.891184828701796
S1,appearance,84.3,72.8911848287018,11.408815171298201,-11.408815171298201
S1,appearance,50.0,72.8911848287018,22.891184828701796,22.891184828701796
S1,appearance,73.1,72.8911848287018,0.20881517129819827,-0.20881517129819827
S1,appearance,78.5,72.8911848287018,5.608815171298204,-5.608815171298204
S1,appearance,70.0,72.8911848287018,2.891184828701796,2.891184828701796
S1,appearance,59.2,72.8911848287018,13.691184828701793,13.691184828701793
S1,appearance,74.4,72.8911848287018,1.5088151712982096,-1.5088151712982096
S1,appearance,50.0,72.8911848287018,22.891184828701796,22.891184828701796
S2,appearance,73.5,70.43014579875167,3.069854201248333,-3.069854201248333
S2,appearance,70.0,70.43014579875167,0.43014579875166703,0.43014579875166703
S2,appearance,59.6,70.43014579875167,10.830145798751666,10.830145798751666
S2,appearance,80.0,70.43014579875167,9.569854201248333,-9.569854201248333
S2,appearance,74.2,70.43014579875167,3.769854201248336,-3.769854201248336
S2,appearance,70.0,70.43014579875167,0.43014579875166703,0.43014579875166703
S2,appearance,62.2,70.43014579875167,8.230145798751664,8.230145798751664
S2,appearance,91.0,70.43014579875167,20.569854201248333,-20.569854201248333
S2,appearance,80.0,70.43014579875167,9.569854201248333,-9.569854201248333
S2,appearance,70.1,70.43014579875167,0.3301457987516727,0.3301457987516727
S2,appearance,67.69999999999999,70.43014579875167,2.7301457987516784,2.7301457987516784
S2,appearance,73.3,70.43014579875167,2.86985420124833,-2.86985420124833
S2,appearance,58.5,70.43014579875167,11.930145798751667,11.930145798751667
S2,appearance,76.0,70.43014579875167,5.569854201248333,-5.569854201248333
S2,appearance,64.1,70.43014579875167,6.330145798751673,6.330145798751673
S2,appearance,70.0,70.43014579875167,0.43014579875166703,0.43014579875166703
S2,appearance,64.3,70.43014579875167,6.13014579875167,6.13014579875167
S2,appearance,69.6,70.43014579875167,0.8301457987516727,0.8301457987516727
S2,appearance,76.10000000000001,70.43014579875167,5.6698542012483415,-5.6698542012483415
S2,appearance,60.0,70.43014579875167,10.430145798751667,10.430145798751667
S3,appearance,76.2,80.28051807598604,4.080518075986035,4.080518075986035
S3,appearance,70.0,80.28051807598604,10.280518075986038,10.280518075986038
S3,appearance,68.1,80.28051807598604,12.180518075986043,12.180518075986043
S3,appearance,89.2,80.28051807598604,8.919481924013965,-8.919481924013965
S3,appearance,70.0,80.28051807598604,10.280518075986038,10.280518075986038
S3,appearance,57.0,80.28051807598604,23.280518075986038,23.280518075986038
S3,appearance,52.1,80.28051807598604,28.180518075986036,28.180518075986036
S3,appearance,90.0,80.28051807598604,9.719481924013962,-9.719481924013962
S3,appearance,91.5,80.28051807598604,11.219481924013962,-11.219481924013962
S3,appearance,90.0,80.28051807598604,9.719481924013962,-9.719481924013962
S3,appearance,78.0,80.28051807598604,2.2805180759860377,2.2805180759860377
S3,appearance,82.5,80.28051807598604,2.2194819240139623,-2.2194819240139623
S3,appearance,73.3,80.28051807598604,6.980518075986041,6.980518075986041
S3,appearance,80.0,80.28051807598604,0.28051807598603773,0.28051807598603773
S3,appearance,75.3,80.28051807598604,4.980518075986041,4.980518075986041
S3,appearance,91.0,80.28051807598604,10.719481924013962,-10.719481924013962
S3,appearance,80.0,80.28051807598604,0.28051807598603773,0.28051807598603773
S3,appearance,70.1,80.28051807598604,10.180518075986043,10.180518075986043
S3,appearance,79.5,80.28051807598604,0.7805180759860377,0.7805180759860377
S3,appearance,65.5,80.28051807598604,14.780518075986038,14.780518075986038
S4,appearance,75.4,75.2589846050574,0.14101539494259896,-0.14101539494259896
S4,appearance,40.0,75.2589846050574,35.25898460505741,35.25898460505741
S4,appearance,60.0,75.2589846050574,15.258984605057407,15.258984605057407
S4,appearance,70.0,75.2589846050574,5.258984605057407,5.258984605057407
S4,appearance,76.9,75.2589846050574,1.641015394942599,-1.641015394942599
S4,appearance,73.89999999999999,75.2589846050574,1.3589846050574153,1.3589846050574153
S4,appearance,90.0,75.2589846050574,14.741015394942593,-14.741015394942593
S4,appearance,65.3,75.2589846050574,9.95898460505741,9.95898460505741
S4,appearance,80.0,75.2589846050574,4.741015394942593,-4.741015394942593
S4,appearance,71.10000000000001,75.2589846050574,4.158984605057398,4.158984605057398
S4,appearance,80.0,75.2589846050574,4.741015394942593,-4.741015394942593
S4,appearance,70.0,75.2589846050574,5.258984605057407,5.258984605057407
S4,appearance,86.4,75.2589846050574,11.141015394942599,-11.141015394942599
S4,appearance,67.30000000000001,75.2589846050574,7.958984605057395,7.958984605057395
S4,appearance,60.0,75.2589846050574,15.258984605057407,15.258984605057407
S4,appearance,69.4,75.2589846050574,5.858984605057401,5.858984605057401
S4,appearance,67.2,75.2589846050574,8.058984605057404,8.058984605057404
S4,appearance,70.0,75.2589846050574,5.258984605057407,5.258984605057407
S4,appearance,77.23,75.2589846050574,1.9710153949425973,-1.9710153949425973
S4,appearance,84.3,75.2589846050574,9.04101539494259,-9.04101539494259
S5,appearance,74.0,77.80336387083338,3.8033638708333797,3.8033638708333797
S5,appearance,72.0,77.80336387083338,5.80336387083338,5.80336387083338
S5,appearance,70.0,77.80336387083338,7.80336387083338,7.80336387083338
S5,appearance,61.0,77.80336387083338,16.80336387083338,16.80336387083338
S5,appearance,74.0,77.80336387083338,3.8033638708333797,3.8033638708333797
S5,appearance,80.0,77.80336387083338,2.1966361291666203,-2.1966361291666203
S5,appearance,64.9,77.80336387083338,12.903363870833374,12.903363870833374
S5,appearance,60.1,77.80336387083338,17.70336387083338,17.70336387083338
S5,appearance,77.1,77.80336387083338,0.7033638708333854,0.7033638708333854
S5,appearance,80.0,77.80336387083338,2.1966361291666203,-2.1966361291666203
S5,appearance,73.3,77.80336387083338,4.5033638708333825,4.5033638708333825
S5,appearance,84.2,77.80336387083338,6.396636129166623,-6.396636129166623
S5,appearance,60.0,77.80336387083338,17.80336387083338,17.80336387083338
S5,appearance,93.7,77.80336387083338,15.896636129166623,-15.896636129166623
S5,appearance,75.3,77.80336387083338,2.5033638708333825,2.5033638708333825
S5,appearance,90.0,77.80336387083338,12.19663612916662,-12.19663612916662
S5,appearance,80.19999999999999,77.80336387083338,2.396636129166609,-2.396636129166609
S5,appearance,71.5,77.80336387083338,6.30336387083338,6.30336387083338
S5,appearance,76.3,77.80336387083338,1.5033638708333825,1.5033638708333825
S5,appearance,80.0,77.80336387083338,2.1966361291666203,-2.1966361291666203
S6,appearance,71.39999999999999,72.27397467074827,0.8739746707482823,0.8739746707482823
S6,appearance,50.0,72.27397467074827,22.273974670748274,22.273974670748274
S6,appearance,60.0,72.27397467074827,12.273974670748274,12.273974670748274
S6,appearance,71.39999999999999,72.27397467074827,0.8739746707482823,0.8739746707482823
S6,appearance,80.0,72.27397467074827,7.726025329251726,-7.726025329251726
S6,appearance,81.19999999999999,72.27397467074827,8.926025329251715,-8.926025329251715
S6,appearance,77.2,72.27397467074827,4.926025329251729,-4.926025329251729
S6,appearance,71.0,72.27397467074827,1.2739746707482738,1.2739746707482738
S6,appearance,80.8,72.27397467074827,8.526025329251723,-8.526025329251723
S6,appearance,80.0,72.27397467074827,7.726025329251726,-7.726025329251726
S6,appearance,70.19999999999999,72.27397467074827,2.073974670748285,2.073974670748285
S6,appearance,69.0,72.27397467074827,3.2739746707482738,3.2739746707482738
S6,appearance,70.0,72.27397467074827,2.2739746707482738,2.2739746707482738
S6,appearance,76.39999999999999,72.27397467074827,4.126025329251718,-4.126025329251718
S6,appearance,70.3,72.27397467074827,1.9739746707482766,1.9739746707482766
S6,appearance,70.0,72.27397467074827,2.2739746707482738,2.2739746707482738
S6,appearance,69.7,72.27397467074827,2.573974670748271,2.573974670748271
S6,appearance,76.0,72.27397467074827,3.7260253292517262,-3.7260253292517262
S6,appearance,68.60000000000001,72.27397467074827,3.6739746707482652,3.6739746707482652
S6,appearance,73.3,72.27397467074827,1.0260253292517234,-1.0260253292517234
S7,appearance,77.5,73.16393340020296,4.336066599797036,-4.336066599797036
S7,appearance,80.0,73.16393340020296,6.836066599797036,-6.836066599797036
S7,appearance,80.1,73.16393340020296,6.93606659979703,-6.93606659979703
S7,appearance,70.19999999999999,73.16393340020296,2.9639334002029756,2.9639334002029756
S7,appearance,80.0,73.16393340020296,6.836066599797036,-6.836066599797036
S7,appearance,83.75,73.16393340020296,10.586066599797036,-10.586066599797036
S7,appearance,78.1,73.16393340020296,4.93606659979703,-4.93606659979703
S7,appearance,80.0,73.16393340020296,6.836066599797036,-6.836066599797036
S7,appearance,90.0,73.16393340020296,16.836066599797036,-16.836066599797036
S7,appearance,79.1,73.16393340020296,5.93606659979703,-5.93606659979703
S7,appearance,80.0,73.16393340020296,6.836066599797036,-6.836066599797036
S7,appearance,65.5,73.16393340020296,7.663933400202964,7.663933400202964
S7,appearance,83.4,73.16393340020296,10.236066599797041,-10.236066599797041
S7,appearance,90.0,73.16393340020296,16.836066599797036,-16.836066599797036
S7,appearance,71.8,73.16393340020296,1.363933400202967,1.363933400202967
S7,appearance,97.2,73.16393340020296,24.03606659979704,-24.03606659979704
S7,appearance,67.30000000000001,73.16393340020296,5.863933400202953,5.863933400202953
S7,appearance,70.0,73.16393340020296,3.163933400202964,3.163933400202964
S7,appearance,78.1,73.16393340020296,4.93606659979703,-4.93606659979703
S7,appearance,49.2,73.16393340020296,23.96393340020296,23.96393340020296
S8,appearance,71.10000000000001,71.73813799474756,0.6381379947475523,0.6381379947475523
S8,appearance,64.0,71.73813799474756,7.738137994747561,7.738137994747561
S8,appearance,70.0,71.73813799474756,1.7381379947475608,1.7381379947475608
S8,appearance,70.19999999999999,71.73813799474756,1.5381379947475722,1.5381379947475722
S8,appearance,80.0,71.73813799474756,8.26186200525244,-8.26186200525244
S8,appearance,75.1,71.73813799474756,3.3618620052524335,-3.3618620052524335
S8,appearance,90.0,71.73813799474756,18.26186200525244,-18.26186200525244
S8,appearance,80.1,71.73813799474756,8.361862005252434,-8.361862005252434
S8,appearance,69.3,71.73813799474756,2.4381379947475637,2.4381379947475637
S8,appearance,80.0,71.73813799474756,8.26186200525244,-8.26186200525244
S8,appearance,92.1,71.73813799474756,20.361862005252434,-20.361862005252434
S8,appearance,90.0,71.73813799474756,18.26186200525244,-18.26186200525244
S8,appearance,72.69999999999999,71.73813799474756,0.9618620052524278,-0.9618620052524278
S8,appearance,90.0,71.73813799474756,18.26186200525244,-18.26186200525244
S8,appearance,74.0,71.73813799474756,2.261862005252439,-2.261862005252439
S8,appearance,77.30000000000001,71.73813799474756,5.561862005252451,-5.561862005252451
S8,appearance,70.0,71.73813799474756,1.7381379947475608,1.7381379947475608
S8,appearance,69.1,71.73813799474756,2.6381379947475665,2.6381379947475665
S8,appearance,78.5,71.73813799474756,6.761862005252439,-6.761862005252439
S8,appearance,70.0,71.73813799474756,1.7381379947475608,1.7381379947475608
S9,appearance,75.7,79.27089904106998,3.5708990410699784,3.5708990410699784
S9,appearance,72.9,79.27089904106998,6.3708990410699755,6.3708990410699755
S9,appearance,60.0,79.27089904106998,19.27089904106998,19.27089904106998
S9,appearance,60.0,79.27089904106998,19.27089904106998,19.27089904106998
S9,appearance,71.10000000000001,79.27089904106998,8.170899041069973,8.170899041069973
S9,appearance,80.0,79.27089904106998,0.7291009589300188,-0.7291009589300188
S9,appearance,76.8,79.27089904106998,2.470899041069984,2.470899041069984
S9,appearance,80.0,79.27089904106998,0.7291009589300188,-0.7291009589300188
S9,appearance,90.0,79.27089904106998,10.729100958930019,-10.729100958930019
S9,appearance,97.1,79.27089904106998,17.829100958930013,-17.829100958930013
S9,appearance,86.0,79.27089904106998,6.729100958930019,-6.729100958930019
S9,appearance,76.6,79.27089904106998,2.670899041069987,2.670899041069987
S9,appearance,67.30000000000001,79.27089904106998,11.97089904106997,11.97089904106997
S9,appearance,89.1,79.27089904106998,9.829100958930013,-9.829100958930013
S9,appearance,77.6,79.27089904106998,1.6708990410699869,1.6708990410699869
S9,appearance,86.4,79.27089904106998,7.1291009589300245,-7.1291009589300245
S9,appearance,69.3,79.27089904106998,9.970899041069984,9.970899041069984
S9,appearance,67.30000000000001,79.27089904106998,11.97089904106997,11.97089904106997
S9,appearance,91.6,79.27089904106998,12.329100958930013,-12.329100958930013
S9,appearance,81.1,79.27089904106998,1.8291009589300131,-1.8291009589300131
S10,appearance,72.69999999999999,74.50470845620207,1.8047084562020785,1.8047084562020785
S10,appearance,66.0,74.50470845620207,8.504708456202067,8.504708456202067
S10,appearance,73.89999999999999,74.50470845620207,0.6047084562020757,0.6047084562020757
S10,appearance,50.0,74.50470845620207,24.504708456202067,24.504708456202067
S10,appearance,72.2,74.50470845620207,2.3047084562020643,2.3047084562020643
S10,appearance,90.0,74.50470845620207,15.495291543797933,-15.495291543797933
S10,appearance,64.9,74.50470845620207,9.604708456202061,9.604708456202061
S10,appearance,71.10000000000001,74.50470845620207,3.4047084562020586,3.4047084562020586
S10,appearance,50.2,74.50470845620207,24.304708456202064,24.304708456202064
S10,appearance,64.0,74.50470845620207,10.504708456202067,10.504708456202067
S10,appearance,64.2,74.50470845620207,10.304708456202064,10.304708456202064
S10,appearance,72.6,74.50470845620207,1.9047084562020729,1.9047084562020729
S10,appearance,60.0,74.50470845620207,14.504708456202067,14.504708456202067
S10,appearance,71.9,74.50470845620207,2.6047084562020615,2.6047084562020615
S10,appearance,74.1,74.50470845620207,0.40470845620207285,0.40470845620207285
S10,appearance,80.0,74.50470845620207,5.495291543797933,-5.495291543797933
S10,appearance,65.4,74.50470845620207,9.104708456202061,9.104708456202061
S10,appearance,50.0,74.50470845620207,24.504708456202067,24.504708456202067
S10,appearance,73.3,74.50470845620207,1.20470845620207,1.20470845620207
S10,appearance,70.0,74.50470845620207,4.504708456202067,4.504708456202067
S11,appearance,72.8,70.58467836190403,2.215321638095972,-2.215321638095972
S11,appearance,60.0,70.58467836190403,10.584678361904025,10.584678361904025
S11,appearance,55.0,70.58467836190403,15.584678361904025,15.584678361904025
S11,appearance,75.9,70.58467836190403,5.3153216380959805,-5.3153216380959805
S11,appearance,63.3,70.58467836190403,7.284678361904028,7.284678361904028
S11,appearance,60.0,70.58467836190403,10.584678361904025,10.584678361904025
S11,appearance,71.2,70.58467836190403,0.6153216380959776,-0.6153216380959776
S11,appearance,60.0,70.58467836190403,10.584678361904025,10.584678361904025
S11,appearance,70.0,70.58467836190403,0.5846783619040252,0.5846783619040252
S11,appearance,89.2,70.58467836190403,18.615321638095978,-18.615321638095978
S11,appearance,76.8,70.58467836190403,6.215321638095972,-6.215321638095972
S11,appearance,75.9,70.58467836190403,5.3153216380959805,-5.3153216380959805
S11,appearance,72.5,70.58467836190403,1.9153216380959748,-1.9153216380959748
S11,appearance,85.3,70.58467836190403,14.715321638095972,-14.715321638095972
S11,appearance,80.0,70.58467836190403,9.415321638095975,-9.415321638095975
S11,appearance,70.5,70.58467836190403,0.08467836190402522,0.08467836190402522
S11,appearance,54.900000000000006,70.58467836190403,15.68467836190402,15.68467836190402
S11,appearance,80.0,70.58467836190403,9.415321638095975,-9.415321638095975
S11,appearance,75.8,70.58467836190403,5.215321638095972,-5.215321638095972
S11,appearance,70.0,70.58467836190403,0.5846783619040252,0.5846783619040252
S12,appearance,80.0,75.60335430595158,4.396645694048416,-4.396645694048416
S12,appearance,76.0,75.60335430595158,0.39664569404841643,-0.39664569404841643
S12,appearance,70.0,75.60335430595158,5.603354305951584,5.603354305951584
S12,appearance,100.0,75.60335430595158,24.396645694048416,-24.396645694048416
S12,appearance,86.6,75.60335430595158,10.99664569404841,-10.99664569404841
S12,appearance,90.0,75.60335430595158,14.396645694048416,-14.396645694048416
S12,appearance,94.0,75.60335430595158,18.396645694048416,-18.396645694048416
S12,appearance,81.1,75.60335430595158,5.496645694048411,-5.496645694048411
S12,appearance,90.5,75.60335430595158,14.896645694048416,-14.896645694048416
S12,appearance,90.0,75.60335430595158,14.396645694048416,-14.396645694048416
S12,appearance,71.8,75.60335430595158,3.8033543059515864,3.8033543059515864
S12,appearance,80.0,75.60335430595158,4.396645694048416,-4.396645694048416
S12,appearance,72.30000000000001,75.60335430595158,3.303354305951572,3.303354305951572
S12,appearance,96.0,75.60335430595158,20.396645694048416,-20.396645694048416
S12,appearance,70.0,75.60335430595158,5.603354305951584,5.603354305951584
S12,appearance,53.9,75.60335430595158,21.703354305951585,21.703354305951585
S12,appearance,73.89999999999999,75.60335430595158,1.703354305951592,1.703354305951592
S12,appearance,94.0,75.60335430595158,18.396645694048416,-18.396645694048416
S12,appearance,80.0,75.60335430595158,4.396645694048416,-4.396645694048416
S12,appearance,66.9,75.60335430595158,8.703354305951578,8.703354305951578
S13,appearance,75.7,74.8965520971763,0.8034479028237058,-0.8034479028237058
S13,appearance,70.0,74.8965520971763,4.896552097176297,4.896552097176297
S13,appearance,53.3,74.8965520971763,21.5965520971763,21.5965520971763
S13,appearance,60.0,74.8965520971763,14.896552097176297,14.896552097176297
S13,appearance,78.5,74.8965520971763,3.603447902823703,-3.603447902823703
S13,appearance,80.0,74.8965520971763,5.103447902823703,-5.103447902823703
S13,appearance,75.7,74.8965520971763,0.8034479028237058,-0.8034479028237058
S13,appearance,90.0,74.8965520971763,15.103447902823703,-15.103447902823703
S13,appearance,76.39999999999999,74.8965520971763,1.5034479028236944,-1.5034479028236944
S13,appearance,99.7,74.8965520971763,24.803447902823706,-24.803447902823706
S13,appearance,64.0,74.8965520971763,10.896552097176297,10.896552097176297
S13,appearance,62.8,74.8965520971763,12.0965520971763,12.0965520971763
S13,appearance,72.5,74.8965520971763,2.396552097176297,2.396552097176297
S13,appearance,90.0,74.8965520971763,15.103447902823703,-15.103447902823703
S13,appearance,71.3,74.8965520971763,3.5965520971763,3.5965520971763
S13,appearance,70.0,74.8965520971763,4.896552097176297,4.896552097176297
S13,appearance,92.7,74.8965520971763,17.803447902823706,-17.803447902823706
S13,appearance,90.0,74.8965520971763,15.103447902823703,-15.103447902823703
S13,appearance,71.6,74.8965520971763,3.2965520971763027,3.2965520971763027
S13,appearance,61.7,74.8965520971763,13.196552097176294,13.196552097176294
S14,appearance,77.1,77.04302956333262,0.05697043666737045,-0.05697043666737045
S14,appearance,70.0,77.04302956333262,7.043029563332624,7.043029563332624
S14,appearance,69.7,77.04302956333262,7.343029563332621,7.343029563332621
S14,appearance,70.0,77.04302956333262,7.043029563332624,7.043029563332624
S14,appearance,72.5,77.04302956333262,4.543029563332624,4.543029563332624
S14,appearance,90.0,77.04302956333262,12.956970436667376,-12.956970436667376
S14,appearance,84.60000000000001,77.04302956333262,7.556970436667385,-7.556970436667385
S14,appearance,74.0,77.04302956333262,3.043029563332624,3.043029563332624
S14,appearance,90.0,77.04302956333262,12.956970436667376,-12.956970436667376
S14,appearance,90.5,77.04302956333262,13.456970436667376,-13.456970436667376
S14,appearance,60.0,77.04302956333262,17.043029563332624,17.043029563332624
S14,appearance,70.0,77.04302956333262,7.043029563332624,7.043029563332624
S14,appearance,74.6,77.04302956333262,2.4430295633326296,2.4430295633326296
S14,appearance,79.0,77.04302956333262,1.9569704366673761,-1.9569704366673761
S14,appearance,78.8,77.04302956333262,1.7569704366673733,-1.7569704366673733
S14,appearance,69.1,77.04302956333262,7.9430295633326296,7.9430295633326296
S14,appearance,70.0,77.04302956333262,7.043029563332624,7.043029563332624
S14,appearance,70.19999999999999,77.04302956333262,6.843029563332635,6.843029563332635
S14,appearance,74.3,77.04302956333262,2.7430295633326267,2.7430295633326267
S14,appearance,80.0,77.04302956333262,2.956970436667376,-2.956970436667376
S15,appearance,83.75,76.95507638862206,6.794923611377939,-6.794923611377939
S15,appearance,84.80000000000001,76.95507638862206,7.844923611377951,-7.844923611377951
S15,appearance,73.89999999999999,76.95507638862206,3.0550763886220693,3.0550763886220693
S15,appearance,86.4,76.95507638862206,9.444923611377945,-9.444923611377945
S15,appearance,80.0,76.95507638862206,3.044923611377939,-3.044923611377939
S15,appearance,83.75,76.95507638862206,6.794923611377939,-6.794923611377939
S15,appearance,90.0,76.95507638862206,13.04492361137794,-13.04492361137794
S15,appearance,87.69999999999999,76.95507638862206,10.744923611377928,-10.744923611377928
S15,appearance,88.3,76.95507638862206,11.344923611377936,-11.344923611377936
S15,appearance,100.0,76.95507638862206,23.04492361137794,-23.04492361137794
S15,appearance,90.0,76.95507638862206,13.04492361137794,-13.04492361137794
S15,appearance,70.0,76.95507638862206,6.955076388622061,6.955076388622061
S15,appearance,93.5,76.95507638862206,16.54492361137794,-16.54492361137794
S15,appearance,83.69999999999999,76.95507638862206,6.744923611377928,-6.744923611377928
S15,appearance,78.5,76.95507638862206,1.5449236113779392,-1.5449236113779392
S15,appearance,100.0,76.95507638862206,23.04492361137794,-23.04492361137794
S15,appearance,96.7,76.95507638862206,19.744923611377942,-19.744923611377942
S15,appearance,87.30000000000001,76.95507638862206,10.34492361137795,-10.34492361137795
S15,appearance,83.4,76.95507638862206,6.444923611377945,-6.444923611377945
S15,appearance,62.1,76.95507638862206,14.85507638862206,14.85507638862206
S16,appearance,83.3,82.59590396619258,0.7040960338074171,-0.7040960338074171
S16,appearance,73.1,82.59590396619258,9.495903966192586,9.495903966192586
S16,appearance,80.0,82.59590396619258,2.59590396619258,2.59590396619258
S16,appearance,80.1,82.59590396619258,2.4959039661925857,2.4959039661925857
S16,appearance,70.0,82.59590396619258,12.59590396619258,12.59590396619258
S16,appearance,80.0,82.59590396619258,2.59590396619258,2.59590396619258
S16,appearance,56.1,82.59590396619258,26.49590396619258,26.49590396619258
S16,appearance,100.0,82.59590396619258,17.40409603380742,-17.40409603380742
S16,appearance,90.0,82.59590396619258,7.40409603380742,-7.40409603380742
S16,appearance,96.1,82.59590396619258,13.504096033807414,-13.504096033807414
S16,appearance,70.0,82.59590396619258,12.59590396619258,12.59590396619258
S16,appearance,90.0,82.59590396619258,7.40409603380742,-7.40409603380742
S16,appearance,100.0,82.59590396619258,17.40409603380742,-17.40409603380742
S16,appearance,80.0,82.59590396619258,2.59590396619258,2.59590396619258
S16,appearance,100.0,82.59590396619258,17.40409603380742,-17.40409603380742
S16,appearance,100.0,82.59590396619258,17.40409603380742,-17.40409603380742
S16,appearance,100.0,82.59590396619258,17.40409603380742,-17.40409603380742
S16,appearance,65.1,82.59590396619258,17.495903966192586,17.495903966192586
S16,appearance,90.0,82.59590396619258,7.40409603380742,-7.40409603380742
S16,appearance,96.7,82.59590396619258,14.104096033807423,-14.104096033807423
S17,appearance,71.5,75.19952231807895,3.699522318078948,3.699522318078948
S17,appearance,60.6,75.19952231807895,14.599522318078947,14.599522318078947
S17,appearance,61.1,75.19952231807895,14.099522318078947,14.099522318078947
S17,appearance,80.3,75.19952231807895,5.100477681921049,-5.100477681921049
S17,appearance,90.0,75.19952231807895,14.800477681921052,-14.800477681921052
S17,appearance,87.89999999999999,75.19952231807895,12.700477681921043,-12.700477681921043
S17,appearance,90.0,75.19952231807895,14.800477681921052,-14.800477681921052
S17,appearance,70.8,75.19952231807895,4.399522318078951,4.399522318078951
S17,appearance,73.0,75.19952231807895,2.199522318078948,2.199522318078948
S17,appearance,71.0,75.19952231807895,4.199522318078948,4.199522318078948
S17,appearance,70.19999999999999,75.19952231807895,4.999522318078959,4.999522318078959
S17,appearance,82.10000000000001,75.19952231807895,6.9004776819210605,-6.9004776819210605
S17,appearance,72.4,75.19952231807895,2.7995223180789424,2.7995223180789424
S17,appearance,74.2,75.19952231807895,0.9995223180789452,0.9995223180789452
S17,appearance,70.0,75.19952231807895,5.199522318078948,5.199522318078948
S17,appearance,71.2,75.19952231807895,3.999522318078945,3.999522318078945
S17,appearance,68.3,75.19952231807895,6.899522318078951,6.899522318078951
S17,appearance,70.0,75.19952231807895,5.199522318078948,5.199522318078948
S17,appearance,72.2,75.19952231807895,2.999522318078945,2.999522318078945
S17,appearance,63.9,75.19952231807895,11.29952231807895,11.29952231807895
S18,appearance,76.25,77.48739757312936,1.237397573129357,1.237397573129357
S18,appearance,70.0,77.48739757312936,7.487397573129357,7.487397573129357
S18,appearance,81.1,77.48739757312936,3.6126024268706374,-3.6126024268706374
S18,appearance,76.39999999999999,77.48739757312936,1.0873975731293655,1.0873975731293655
S18,appearance,76.25,77.48739757312936,1.237397573129357,1.237397573129357
S18,appearance,66.10000000000001,77.48739757312936,11.387397573129348,11.387397573129348
S18,appearance,80.0,77.48739757312936,2.512602426870643,-2.512602426870643
S18,appearance,80.0,77.48739757312936,2.512602426870643,-2.512602426870643
S18,appearance,94.1,77.48739757312936,16.612602426870637,-16.612602426870637
S18,appearance,90.0,77.48739757312936,12.512602426870643,-12.512602426870643
S18,appearance,75.5,77.48739757312936,1.987397573129357,1.987397573129357
S18,appearance,90.1,77.48739757312936,12.612602426870637,-12.612602426870637
S18,appearance,65.7,77.48739757312936,11.787397573129354,11.787397573129354
S18,appearance,80.0,77.48739757312936,2.512602426870643,-2.512602426870643
S18,appearance,54.900000000000006,77.48739757312936,22.58739757312935,22.58739757312935
S18,appearance,99.8,77.48739757312936,22.31260242687064,-22.31260242687064
S18,appearance,80.0,77.48739757312936,2.512602426870643,-2.512602426870643
S18,appearance,60.0,77.48739757312936,17.487397573129357,17.487397573129357
S18,appearance,67.30000000000001,77.48739757312936,10.187397573129346,10.187397573129346
S18,appearance,86.0,77.48739757312936,8.512602426870643,-8.512602426870643
S19,appearance,77.5,76.34356101313226,1.156438986867741,-1.156438986867741
S19,appearance,84.39999999999999,76.34356101313226,8.056438986867732,-8.056438986867732
S19,appearance,69.3,76.34356101313226,7.043561013132262,7.043561013132262
S19,appearance,76.5,76.34356101313226,0.15643898686774094,-0.15643898686774094
S19,appearance,96.1,76.34356101313226,19.756438986867735,-19.756438986867735
S19,appearance,100.0,76.34356101313226,23.65643898686774,-23.65643898686774
S19,appearance,77.5,76.34356101313226,1.156438986867741,-1.156438986867741
S19,appearance,84.3,76.34356101313226,7.956438986867738,-7.956438986867738
S19,appearance,80.19999999999999,76.34356101313226,3.8564389868677296,-3.8564389868677296
S19,appearance,90.0,76.34356101313226,13.656438986867741,-13.656438986867741
S19,appearance,84.7,76.34356101313226,8.356438986867744,-8.356438986867744
S19,appearance,76.10000000000001,76.34356101313226,0.24356101313225054,0.24356101313225054
S19,appearance,57.3,76.34356101313226,19.043561013132262,19.043561013132262
S19,appearance,80.0,76.34356101313226,3.656438986867741,-3.656438986867741
S19,appearance,90.2,76.34356101313226,13.856438986867744,-13.856438986867744
S19,appearance,70.0,76.34356101313226,6.343561013132259,6.343561013132259
S19,appearance,79.2,76.34356101313226,2.856438986867744,-2.856438986867744
S19,appearance,97.3,76.34356101313226,20.956438986867738,-20.956438986867738
S19,appearance,64.2,76.34356101313226,12.143561013132256,12.143561013132256
S19,appearance,80.0,76.34356101313226,3.656438986867741,-3.656438986867741
S20,appearance,82.89999999999999,80.49195461958878,2.4080453804112096,-2.4080453804112096
S20,appearance,100.0,80.49195461958878,19.508045380411218,-19.508045380411218
S20,appearance,94.3,80.49195461958878,13.808045380411215,-13.808045380411215
S20,appearance,80.0,80.49195461958878,0.49195461958878184,0.49195461958878184
S20,appearance,58.0,80.49195461958878,22.491954619588782,22.491954619588782
S20,appearance,93.5,80.49195461958878,13.008045380411218,-13.008045380411218
S20,appearance,82.0,80.49195461958878,1.5080453804112182,-1.5080453804112182
S20,appearance,83.10000000000001,80.49195461958878,2.6080453804112267,-2.6080453804112267
S20,appearance,80.0,80.49195461958878,0.49195461958878184,0.49195461958878184
S20,appearance,100.0,80.49195461958878,19.508045380411218,-19.508045380411218
S20,appearance,84.9,80.49195461958878,4.408045380411224,-4.408045380411224
S20,appearance,68.3,80.49195461958878,12.191954619588785,12.191954619588785
S20,appearance,80.0,80.49195461958878,0.49195461958878184,0.49195461958878184
S20,appearance,80.0,80.49195461958878,0.49195461958878184,0.49195461958878184
S20,appearance,80.9,80.49195461958878,0.40804538041122385,-0.40804538041122385
S20,appearance,70.0,80.49195461958878,10.491954619588782,10.491954619588782
S20,appearance,69.1,80.49195461958878,11.391954619588788,11.391954619588788
S20,appearance,83.10000000000001,80.49195461958878,2.6080453804112267,-2.6080453804112267
S20,appearance,100.0,80.49195461958878,19.508045380411218,-19.508045380411218
S20,appearance,88.9,80.49195461958878,8.408045380411224,-8.408045380411224
S21,appearance,75.0,82.384015473717,7.384015473717,7.384015473717
S21,appearance,86.6,82.384015473717,4.215984526282995,-4.215984526282995
S21,appearance,70.0,82.384015473717,12.384015473717,12.384015473717
S21,appearance,86.0,82.384015473717,3.6159845262830004,-3.6159845262830004
S21,appearance,75.0,82.384015473717,7.384015473717,7.384015473717
S21,appearance,70.9,82.384015473717,11.484015473716994,11.484015473716994
S21,appearance,65.5,82.384015473717,16.884015473717,16.884015473717
S21,appearance,70.9,82.384015473717,11.484015473716994,11.484015473716994
S21,appearance,80.0,82.384015473717,2.3840154737169996,2.3840154737169996
S21,appearance,90.3,82.384015473717,7.9159845262829975,-7.9159845262829975
S21,appearance,61.1,82.384015473717,21.284015473716998,21.284015473716998
S21,appearance,94.5,82.384015473717,12.115984526283,-12.115984526283
S21,appearance,60.0,82.384015473717,22.384015473717,22.384015473717
S21,appearance,66.9,82.384015473717,15.484015473716994,15.484015473716994
S21,appearance,70.0,82.384015473717,12.384015473717,12.384015473717
S21,appearance,75.0,82.384015473717,7.384015473717,7.384015473717
S21,appearance,93.2,82.384015473717,10.815984526283003,-10.815984526283003
S21,appearance,70.6,82.384015473717,11.784015473717005,11.784015473717005
S21,appearance,63.7,82.384015473717,18.684015473716997,18.684015473716997
S21,appearance,80.0,82.384015473717,2.3840154737169996,2.3840154737169996
S22,appearance,76.3,82.36969809055981,6.069698090559811,6.069698090559811
S22,appearance,70.0,82.36969809055981,12.369698090559808,12.369698090559808
S22,appearance,64.9,82.36969809055981,17.469698090559802,17.469698090559802
S22,appearance,70.0,82.36969809055981,12.369698090559808,12.369698090559808
S22,appearance,84.0,82.36969809055981,1.6303019094401918,-1.6303019094401918
S22,appearance,80.0,82.36969809055981,2.369698090559808,2.369698090559808
S22,appearance,51.6,82.36969809055981,30.769698090559807,30.769698090559807
S22,appearance,80.0,82.36969809055981,2.369698090559808,2.369698090559808
S22,appearance,90.0,82.36969809055981,7.630301909440192,-7.630301909440192
S22,appearance,49.3,82.36969809055981,33.06969809055981,33.06969809055981
S22,appearance,84.39999999999999,82.36969809055981,2.0303019094401833,-2.0303019094401833
S22,appearance,90.0,82.36969809055981,7.630301909440192,-7.630301909440192
S22,appearance,67.30000000000001,82.36969809055981,15.069698090559797,15.069698090559797
S22,appearance,81.5,82.36969809055981,0.8696980905598082,0.8696980905598082
S22,appearance,75.5,82.36969809055981,6.869698090559808,6.869698090559808
S22,appearance,90.0,82.36969809055981,7.630301909440192,-7.630301909440192
S22,appearance,72.30000000000001,82.36969809055981,10.069698090559797,10.069698090559797
S22,appearance,94.5,82.36969809055981,12.130301909440192,-12.130301909440192
S22,appearance,66.3,82.36969809055981,16.06969809055981,16.06969809055981
S22,appearance,80.0,82.36969809055981,2.369698090559808,2.369698090559808
S23,appearance,70.1,81.51492149516527,11.414921495165274,11.414921495165274
S23,appearance,60.0,81.51492149516527,21.514921495165268,21.514921495165268
S23,appearance,90.0,81.51492149516527,8.485078504834732,-8.485078504834732
S23,appearance,73.4,81.51492149516527,8.114921495165262,8.114921495165262
S23,appearance,97.8,81.51492149516527,16.28507850483473,-16.28507850483473
S23,appearance,80.0,81.51492149516527,1.514921495165268,1.514921495165268
S23,appearance,82.5,81.51492149516527,0.9850785048347319,-0.9850785048347319
S23,appearance,91.1,81.51492149516527,9.585078504834726,-9.585078504834726
S23,appearance,80.0,81.51492149516527,1.514921495165268,1.514921495165268
S23,appearance,95.2,81.51492149516527,13.685078504834735,-13.685078504834735
S23,appearance,93.1,81.51492149516527,11.585078504834726,-11.585078504834726
S23,appearance,70.0,81.51492149516527,11.514921495165268,11.514921495165268
S23,appearance,81.89999999999999,81.51492149516527,0.3850785048347234,-0.3850785048347234
S23,appearance,80.0,81.51492149516527,1.514921495165268,1.514921495165268
S23,appearance,70.9,81.51492149516527,10.614921495165262,10.614921495165262
S23,appearance,80.0,81.51492149516527,1.514921495165268,1.514921495165268
S23,appearance,80.60000000000001,81.51492149516527,0.9149214951652596,0.9149214951652596
S23,appearance,71.10000000000001,81.51492149516527,10.41492149516526,10.41492149516526
S23,appearance,95.3,81.51492149516527,13.785078504834729,-13.785078504834729
S23,appearance,60.1,81.51492149516527,21.414921495165267,21.414921495165267
S24,appearance,87.10000000000001,76.63682235864763,10.463177641352374,-10.463177641352374
S24,appearance,81.5,76.63682235864763,4.863177641352365,-4.863177641352365
S24,appearance,90.0,76.63682235864763,13.363177641352365,-13.363177641352365
S24,appearance,90.0,76.63682235864763,13.363177641352365,-13.363177641352365
S24,appearance,79.1,76.63682235864763,2.4631776413523596,-2.4631776413523596
S24,appearance,100.0,76.63682235864763,23.363177641352365,-23.363177641352365
S24,appearance,88.3,76.63682235864763,11.663177641352362,-11.663177641352362
S24,appearance,90.0,76.63682235864763,13.363177641352365,-13.363177641352365
S24,appearance,74.0,76.63682235864763,2.6368223586476347,2.6368223586476347
S24,appearance,100.0,76.63682235864763,23.363177641352365,-23.363177641352365
S24,appearance,89.9,76.63682235864763,13.263177641352371,-13.263177641352371
S24,appearance,87.10000000000001,76.63682235864763,10.463177641352374,-10.463177641352374
S24,appearance,70.0,76.63682235864763,6.636822358647635,6.636822358647635
S24,appearance,79.1,76.63682235864763,2.4631776413523596,-2.4631776413523596
S24,appearance,70.0,76.63682235864763,6.636822358647635,6.636822358647635
S24,appearance,70.0,76.63682235864763,6.636822358647635,6.636822358647635
S24,appearance,90.0,76.63682235864763,13.363177641352365,-13.363177641352365
S24,appearance,88.3,76.63682235864763,11.663177641352362,-11.663177641352362
S24,appearance,100.0,76.63682235864763,23.363177641352365,-23.363177641352365
S24,appearance,80.0,76.63682235864763,3.3631776413523653,-3.3631776413523653
S25,appearance,74.2,75.3115328146561,1.1115328146561012,1.1115328146561012
S25,appearance,74.80000000000001,75.3115328146561,0.5115328146560927,0.5115328146560927
S25,appearance,50.2,75.3115328146561,25.1115328146561,25.1115328146561
S25,appearance,43.7,75.3115328146561,31.6115328146561,31.6115328146561
S25,appearance,80.0,75.3115328146561,4.688467185343896,-4.688467185343896
S25,appearance,74.2,75.3115328146561,1.1115328146561012,1.1115328146561012
S25,appearance,73.0,75.3115328146561,2.311532814656104,2.311532814656104
S25,appearance,58.6,75.3115328146561,16.711532814656103,16.711532814656103
S25,appearance,60.0,75.3115328146561,15.311532814656104,15.311532814656104
S25,appearance,79.4,75.3115328146561,4.088467185343902,-4.088467185343902
S25,appearance,69.0,75.3115328146561,6.311532814656104,6.311532814656104
S25,appearance,70.0,75.3115328146561,5.311532814656104,5.311532814656104
S25,appearance,53.1,75.3115328146561,22.211532814656103,22.211532814656103
S25,appearance,64.3,75.3115328146561,11.011532814656107,11.011532814656107
S25,appearance,73.1,75.3115328146561,2.2115328146561097,2.2115328146561097
S25,appearance,61.900000000000006,75.3115328146561,13.411532814656098,13.411532814656098
S25,appearance,93.4,75.3115328146561,18.0884671853439,-18.0884671853439
S25,appearance,70.0,75.3115328146561,5.311532814656104,5.311532814656104
S25,appearance,69.2,75.3115328146561,6.111532814656101,6.111532814656101
S25,appearance,59.7,75.3115328146561,15.611532814656101,15.611532814656101
S26,appearance,74.2,67.2427837059377,6.957216294062306,-6.957216294062306
S26,appearance,70.0,67.2427837059377,2.757216294062303,-2.757216294062303
S26,appearance,70.0,67.2427837059377,2.757216294062303,-2.757216294062303
S26,appearance,68.1,67.2427837059377,0.8572162940622974,-0.8572162940622974
S26,appearance,60.9,67.2427837059377,6.342783705937698,6.342783705937698
S26,appearance,74.2,67.2427837059377,6.957216294062306,-6.957216294062306
S26,appearance,70.0,67.2427837059377,2.757216294062303,-2.757216294062303
S26,appearance,53.0,67.2427837059377,14.242783705937697,14.242783705937697
S26,appearance,64.2,67.2427837059377,3.042783705937694,3.042783705937694
S26,appearance,90.3,67.2427837059377,23.0572162940623,-23.0572162940623
S26,appearance,76.7,67.2427837059377,9.457216294062306,-9.457216294062306
S26,appearance,67.9,67.2427837059377,0.6572162940623087,-0.6572162940623087
S26,appearance,46.5,67.2427837059377,20.742783705937697,20.742783705937697
S26,appearance,74.5,67.2427837059377,7.257216294062303,-7.257216294062303
S26,appearance,66.0,67.2427837059377,1.242783705937697,1.242783705937697
S26,appearance,88.6,67.2427837059377,21.357216294062297,-21.357216294062297
S26,appearance,75.3,67.2427837059377,8.0572162940623,-8.0572162940623
S26,appearance,54.3,67.2427837059377,12.9427837059377,12.9427837059377
S26,appearance,76.10000000000001,67.2427837059377,8.857216294062312,-8.857216294062312
S26,appearance,67.6,67.2427837059377,0.3572162940622974,-0.3572162940622974
S27,appearance,74.2,68.90155304716308,5.298446952836926,-5.298446952836926
S27,appearance,69.1,68.90155304716308,0.1984469528369175,-0.1984469528369175
S27,appearance,70.0,68.90155304716308,1.0984469528369232,-1.0984469528369232
S27,appearance,64.3,68.90155304716308,4.60155304716308,4.60155304716308
S27,appearance,70.0,68.90155304716308,1.0984469528369232,-1.0984469528369232
S27,appearance,57.3,68.90155304716308,11.60155304716308,11.60155304716308
S27,appearance,80.60000000000001,68.90155304716308,11.698446952836932,-11.698446952836932
S27,appearance,70.0,68.90155304716308,1.0984469528369232,-1.0984469528369232
S27,appearance,80.0,68.90155304716308,11.098446952836923,-11.098446952836923
S27,appearance,90.0,68.90155304716308,21.098446952836923,-21.098446952836923
S27,appearance,61.8,68.90155304716308,7.10155304716308,7.10155304716308
S27,appearance,61.0,68.90155304716308,7.901553047163077,7.901553047163077
S27,appearance,63.7,68.90155304716308,5.201553047163074,5.201553047163074
S27,appearance,74.6,68.90155304716308,5.6984469528369175,-5.6984469528369175
S27,appearance,74.0,68.90155304716308,5.098446952836923,-5.098446952836923
S27,appearance,70.0,68.90155304716308,1.0984469528369232,-1.0984469528369232
S27,appearance,57.6,68.90155304716308,11.301553047163075,11.301553047163075
S27,appearance,67.69999999999999,68.90155304716308,1.2015530471630882,1.2015530471630882
S27,appearance,50.8,68.90155304716308,18.10155304716308,18.10155304716308
S27,appearance,61.4,68.90155304716308,7.501553047163078,7.501553047163078
S28,appearance,75.8,71.23219836181912,4.567801638180882,-4.567801638180882
S28,appearance,90.7,71.23219836181912,19.467801638180887,-19.467801638180887
S28,appearance,70.0,71.23219836181912,1.2321983618191155,1.2321983618191155
S28,appearance,74.2,71.23219836181912,2.9678016381808874,-2.9678016381808874
S28,appearance,68.4,71.23219836181912,2.8321983618191098,2.8321983618191098
S28,appearance,64.9,71.23219836181912,6.33219836181911,6.33219836181911
S28,appearance,51.0,71.23219836181912,20.232198361819115,20.232198361819115
S28,appearance,70.19999999999999,71.23219836181912,1.0321983618191268,1.0321983618191268
S28,appearance,80.0,71.23219836181912,8.767801638180885,-8.767801638180885
S28,appearance,92.3,71.23219836181912,21.06780163818088,-21.06780163818088
S28,appearance,64.2,71.23219836181912,7.032198361819113,7.032198361819113
S28,appearance,73.1,71.23219836181912,1.8678016381808789,-1.8678016381808789
S28,appearance,51.8,71.23219836181912,19.43219836181912,19.43219836181912
S28,appearance,88.10000000000001,71.23219836181912,16.867801638180893,-16.867801638180893
S28,appearance,74.03,71.23219836181912,2.7978016381808857,-2.7978016381808857
S28,appearance,62.2,71.23219836181912,9.032198361819113,9.032198361819113
S28,appearance,64.9,71.23219836181912,6.33219836181911,6.33219836181911
S28,appearance,70.9,71.23219836181912,0.3321983618191098,0.3321983618191098
S28,appearance,60.2,71.23219836181912,11.032198361819113,11.032198361819113
S28,appearance,70.8,71.23219836181912,0.4321983618191183,0.4321983618191183
S29,appearance,74.2,71.54857122839505,2.651428771604955,-2.651428771604955
S29,appearance,77.0,71.54857122839505,5.451428771604952,-5.451428771604952
S29,appearance,63.3,71.54857122839505,8.24857122839505,8.24857122839505
S29,appearance,70.0,71.54857122839505,1.5485712283950477,1.5485712283950477
S29,appearance,70.0,71.54857122839505,1.5485712283950477,1.5485712283950477
S29,appearance,87.69999999999999,71.54857122839505,16.15142877160494,-16.15142877160494
S29,appearance,63.8,71.54857122839505,7.7485712283950505,7.7485712283950505
S29,appearance,70.0,71.54857122839505,1.5485712283950477,1.5485712283950477
S29,appearance,81.30000000000001,71.54857122839505,9.751428771604964,-9.751428771604964
S29,appearance,68.1,71.54857122839505,3.4485712283950534,3.4485712283950534
S29,appearance,88.0,71.54857122839505,16.451428771604952,-16.451428771604952
S29,appearance,76.5,71.54857122839505,4.951428771604952,-4.951428771604952
S29,appearance,61.8,71.54857122839505,9.74857122839505,9.74857122839505
S29,appearance,70.0,71.54857122839505,1.5485712283950477,1.5485712283950477
S29,appearance,73.3,71.54857122839505,1.7514287716049495,-1.7514287716049495
S29,appearance,70.0,71.54857122839505,1.5485712283950477,1.5485712283950477
S29,appearance,64.5,71.54857122839505,7.048571228395048,7.048571228395048
S29,appearance,73.3,71.54857122839505,1.7514287716049495,-1.7514287716049495
S29,appearance,58.8,71.54857122839505,12.74857122839505,12.74857122839505
S29,appearance,90.0,71.54857122839505,18.451428771604952,-18.451428771604952
S30,appearance,75.5,71.75687426356978,3.7431257364302155,-3.7431257364302155
S30,appearance,70.0,71.75687426356978,1.7568742635697845,1.7568742635697845
S30,appearance,71.8,71.75687426356978,0.04312573643021267,-0.04312573643021267
S30,appearance,69.2,71.75687426356978,2.5568742635697816,2.5568742635697816
S30,appearance,71.10000000000001,71.75687426356978,0.656874263569776,0.656874263569776
S30,appearance,73.2,71.75687426356978,1.4431257364302184,-1.4431257364302184
S30,appearance,82.6,71.75687426356978,10.84312573643021,-10.84312573643021
S30,appearance,70.5,71.75687426356978,1.2568742635697845,1.2568742635697845
S30,appearance,73.3,71.75687426356978,1.5431257364302127,-1.5431257364302127
S30,appearance,81.0,71.75687426356978,9.243125736430216,-9.243125736430216
S30,appearance,64.9,71.75687426356978,6.856874263569779,6.856874263569779
S30,appearance,83.69999999999999,71.75687426356978,11.943125736430204,-11.943125736430204
S30,appearance,75.0,71.75687426356978,3.2431257364302155,-3.2431257364302155
S30,appearance,62.2,71.75687426356978,9.556874263569782,9.556874263569782
S30,appearance,74.3,71.75687426356978,2.5431257364302127,-2.5431257364302127
S30,appearance,74.2,71.75687426356978,2.4431257364302184,-2.4431257364302184
S30,appearance,64.1,71.75687426356978,7.65687426356979,7.65687426356979
S1,infusion_color,61.3,71.91667632112706,10.61667632112706,10.61667632112706
S1,infusion_color,68.89999999999999,71.91667632112706,3.016676321127065,3.016676321127065
S1,infusion_color,65.19999999999999,71.91667632112706,6.716676321127068,6.716676321127068
S1,infusion_color,71.7,71.91667632112706,0.21667632112705348,0.21667632112705348
S1,infusion_color,80.1,71.91667632112706,8.183323678872938,-8.183323678872938
S1,infusion_color,64.3,71.91667632112706,7.616676321127059,7.616676321127059
S1,infusion_color,76.8,71.91667632112706,4.883323678872941,-4.883323678872941
S1,infusion_color,90.0,71.91667632112706,18.083323678872944,-18.083323678872944
S1,infusion_color,69.2,71.91667632112706,2.7166763211270535,2.7166763211270535
S1,infusion_color,70.0,71.91667632112706,1.9166763211270563,1.9166763211270563
S1,infusion_color,78.5,71.91667632112706,6.583323678872944,-6.583323678872944
S1,infusion_color,50.0,71.91667632112706,21.916676321127056,21.916676321127056
S1,infusion_color,76.5,71.91667632112706,4.583323678872944,-4.583323678872944
S1,infusion_color,90.0,71.91667632112706,18.083323678872944,-18.083323678872944
S1,infusion_color,66.6,71.91667632112706,5.316676321127062,5.316676321127062
S1,infusion_color,70.1,71.91667632112706,1.816676321127062,1.816676321127062
S1,infusion_color,80.0,71.91667632112706,8.083323678872944,-8.083323678872944
S1,infusion_color,70.7,71.91667632112706,1.2166763211270535,1.2166763211270535
S1,infusion_color,82.0,71.91667632112706,10.083323678872944,-10.083323678872944
S1,infusion_color,60.0,71.91667632112706,11.916676321127056,11.916676321127056
S2,infusion_color,70.3,71.08843273877127,0.7884327387712773,0.7884327387712773
S2,infusion_color,70.0,71.08843273877127,1.0884327387712744,1.0884327387712744
S2,infusion_color,61.1,71.08843273877127,9.988432738771273,9.988432738771273
S2,infusion_color,80.0,71.08843273877127,8.911567261228726,-8.911567261228726
S2,infusion_color,80.0,71.08843273877127,8.911567261228726,-8.911567261228726
S2,infusion_color,73.1,71.08843273877127,2.01156726122872,-2.01156726122872
S2,infusion_color,90.1,71.08843273877127,19.01156726122872,-19.01156726122872
S2,infusion_color,89.3,71.08843273877127,18.211567261228723,-18.211567261228723
S2,infusion_color,87.89999999999999,71.08843273877127,16.811567261228717,-16.811567261228717
S2,infusion_color,80.0,71.08843273877127,8.911567261228726,-8.911567261228726
S2,infusion_color,67.9,71.08843273877127,3.1884327387712688,3.1884327387712688
S2,infusion_color,71.3,71.08843273877127,0.21156726122872271,-0.21156726122872271
S2,infusion_color,60.1,71.08843273877127,10.988432738771273,10.988432738771273
S2,infusion_color,63.4,71.08843273877127,7.688432738771276,7.688432738771276
S2,infusion_color,94.3,71.08843273877127,23.211567261228723,-23.211567261228723
S2,infusion_color,60.0,71.08843273877127,11.088432738771274,11.088432738771274
S2,infusion_color,57.7,71.08843273877127,13.388432738771272,13.388432738771272
S2,infusion_color,63.5,71.08843273877127,7.588432738771274,7.588432738771274
S2,infusion_color,71.6,71.08843273877127,0.5115672612287199,-0.5115672612287199
S2,infusion_color,60.0,71.08843273877127,11.088432738771274,11.088432738771274
S3,infusion_color,78.7,78.5251008332114,0.17489916678860595,-0.17489916678860595
S3,infusion_color,80.0,78.5251008332114,1.474899166788603,-1.474899166788603
S3,infusion_color,82.30000000000001,78.5251008332114,3.7748991667886145,-3.7748991667886145
S3,infusion_color,84.60000000000001,78.5251008332114,6.074899166788612,-6.074899166788612
S3,infusion_color,70.0,78.5251008332114,8.525100833211397,8.525100833211397
S3,infusion_color,54.0,78.5251008332114,24.525100833211397,24.525100833211397
S3,infusion_color,66.6,78.5251008332114,11.925100833211403,11.925100833211403
S3,infusion_color,90.0,78.5251008332114,11.474899166788603,-11.474899166788603
S3,infusion_color,84.9,78.5251008332114,6.374899166788609,-6.374899166788609
S3,infusion_color,90.0,78.5251008332114,11.474899166788603,-11.474899166788603
S3,infusion_color,70.5,78.5251008332114,8.025100833211397,8.025100833211397
S3,infusion_color,79.2,78.5251008332114,0.674899166788606,-0.674899166788606
S3,infusion_color,82.8,78.5251008332114,4.2748991667886,-4.2748991667886
S3,infusion_color,80.0,78.5251008332114,1.474899166788603,-1.474899166788603
S3,infusion_color,80.19999999999999,78.5251008332114,1.6748991667885917,-1.6748991667885917
S3,infusion_color,92.1,78.5251008332114,13.574899166788597,-13.574899166788597
S3,infusion_color,70.0,78.5251008332114,8.525100833211397,8.525100833211397
S3,infusion_color,98.3,78.5251008332114,19.7748991667886,-19.7748991667886
S3,infusion_color,63.1,78.5251008332114,15.425100833211395,15.425100833211395
S3,infusion_color,83.0,78.5251008332114,4.474899166788603,-4.474899166788603
S4,infusion_color,73.60000000000001,75.21323803343394,1.6132380334339302,1.6132380334339302
S4,infusion_color,35.0,75.21323803343394,40.21323803343394,40.21323803343394
S4,infusion_color,50.0,75.21323803343394,25.21323803343394,25.21323803343394
S4,infusion_color,70.0,75.21323803343394,5.213238033433939,5.213238033433939
S4,infusion_color,62.2,75.21323803343394,13.013238033433936,13.013238033433936
S4,infusion_color,70.5,75.21323803343394,4.713238033433939,4.713238033433939
S4,infusion_color,90.0,75.21323803343394,14.786761966566061,-14.786761966566061
S4,infusion_color,77.9,75.21323803343394,2.686761966566067,-2.686761966566067
S4,infusion_color,60.0,75.21323803343394,15.213238033433939,15.213238033433939
S4,infusion_color,76.9,75.21323803343394,1.686761966566067,-1.686761966566067
S4,infusion_color,80.0,75.21323803343394,4.786761966566061,-4.786761966566061
S4,infusion_color,70.7,75.21323803343394,4.513238033433936,4.513238033433936
S4,infusion_color,80.5,75.21323803343394,5.286761966566061,-5.286761966566061
S4,infusion_color,77.9,75.21323803343394,2.686761966566067,-2.686761966566067
S4,infusion_color,60.0,75.21323803343394,15.213238033433939,15.213238033433939
S4,infusion_color,70.1,75.21323803343394,5.1132380334339445,5.1132380334339445
S4,infusion_color,84.9,75.21323803343394,9.686761966566067,-9.686761966566067
S4,infusion_color,81.4,75.21323803343394,6.186761966566067,-6.186761966566067
S4,infusion_color,68.0,75.21323803343394,7.213238033433939,7.213238033433939
S4,infusion_color,77.2,75.21323803343394,1.986761966566064,-1.986761966566064
S5,infusion_color,74.0,76.12241035358561,2.1224103535856074,2.1224103535856074
S5,infusion_color,69.3,76.12241035358561,6.82241035358561,6.82241035358561
S5,infusion_color,70.0,76.12241035358561,6.122410353585607,6.122410353585607
S5,infusion_color,58.8,76.12241035358561,17.32241035358561,17.32241035358561
S5,infusion_color,74.0,76.12241035358561,2.1224103535856074,2.1224103535856074
S5,infusion_color,80.0,76.12241035358561,3.8775896464143926,-3.8775896464143926
S5,infusion_color,58.8,76.12241035358561,17.32241035358561,17.32241035358561
S5,infusion_color,80.0,76.12241035358561,3.8775896464143926,-3.8775896464143926
S5,infusion_color,79.1,76.12241035358561,2.977589646414387,-2.977589646414387
S5,infusion_color,80.0,76.12241035358561,3.8775896464143926,-3.8775896464143926
S5,infusion_color,80.5,76.12241035358561,4.377589646414393,-4.377589646414393
S5,infusion_color,74.3,76.12241035358561,1.8224103535856102,1.8224103535856102
S5,infusion_color,60.0,76.12241035358561,16.122410353585607,16.122410353585607
S5,infusion_color,84.0,76.12241035358561,7.877589646414393,-7.877589646414393
S5,infusion_color,64.41,76.12241035358561,11.71241035358561,11.71241035358561
S5,infusion_color,90.0,76.12241035358561,13.877589646414393,-13.877589646414393
S5,infusion_color,80.9,76.12241035358561,4.777589646414398,-4.777589646414398
S5,infusion_color,73.8,76.12241035358561,2.32241035358561,2.32241035358561
S5,infusion_color,77.2,76.12241035358561,1.0775896464143955,-1.0775896464143955
S5,infusion_color,80.0,76.12241035358561,3.8775896464143926,-3.8775896464143926
S6,infusion_color,71.39999999999999,71.8581704144688,0.45817041446881035,0.45817041446881035
S6,infusion_color,60.0,71.8581704144688,11.858170414468802,11.858170414468802
S6,infusion_color,60.0,71.8581704144688,11.858170414468802,11.858170414468802
S6,infusion_color,71.39999999999999,71.8581704144688,0.45817041446881035,0.45817041446881035
S6,infusion_color,70.0,71.8581704144688,1.8581704144688018,1.8581704144688018
S6,infusion_color,70.5,71.8581704144688,1.3581704144688018,1.3581704144688018
S6,infusion_color,63.3,71.8581704144688,8.558170414468805,8.558170414468805
S6,infusion_color,70.0,71.8581704144688,1.8581704144688018,1.8581704144688018
S6,infusion_color,80.0,71.8581704144688,8.141829585531198,-8.141829585531198
S6,infusion_color,72.2,71.8581704144688,0.341829585531201,-0.341829585531201
S6,infusion_color,66.8,71.8581704144688,5.058170414468805,5.058170414468805
S6,infusion_color,57.0,71.8581704144688,14.858170414468802,14.858170414468802
S6,infusion_color,61.0,71.8581704144688,10.858170414468802,10.858170414468802
S6,infusion_color,66.6,71.8581704144688,5.2581704144688075,5.2581704144688075
S6,infusion_color,72.2,71.8581704144688,0.341829585531201,-0.341829585531201
S6,infusion_color,70.0,71.8581704144688,1.8581704144688018,1.8581704144688018
S6,infusion_color,69.5,71.8581704144688,2.358170414468802,2.358170414468802
S6,infusion_color,75.0,71.8581704144688,3.141829585531198,-3.141829585531198
S6,infusion_color,73.0,71.8581704144688,1.1418295855311982,-1.1418295855311982
S6,infusion_color,80.19999999999999,71.8581704144688,8.341829585531187,-8.341829585531187
S7,infusion_color,80.0,72.12670648575508,7.873293514244921,-7.873293514244921
S7,infusion_color,66.39999999999999,72.12670648575508,5.726706485755088,5.726706485755088
S7,infusion_color,90.5,72.12670648575508,18.37329351424492,-18.37329351424492
S7,infusion_color,57.3,72.12670648575508,14.826706485755082,14.826706485755082
S7,infusion_color,80.0,72.12670648575508,7.873293514244921,-7.873293514244921
S7,infusion_color,85.0,72.12670648575508,12.87329351424492,-12.87329351424492
S7,infusion_color,69.4,72.12670648575508,2.7267064857550736,2.7267064857550736
S7,infusion_color,80.0,72.12670648575508,7.873293514244921,-7.873293514244921
S7,infusion_color,100.0,72.12670648575508,27.87329351424492,-27.87329351424492
S7,infusion_color,70.4,72.12670648575508,1.7267064857550736,1.7267064857550736
S7,infusion_color,80.0,72.12670648575508,7.873293514244921,-7.873293514244921
S7,infusion_color,83.4,72.12670648575508,11.273293514244926,-11.273293514244926
S7,infusion_color,89.3,72.12670648575508,17.173293514244918,-17.173293514244918
S7,infusion_color,90.0,72.12670648575508,17.87329351424492,-17.87329351424492
S7,infusion_color,88.80000000000001,72.12670648575508,16.673293514244932,-16.673293514244932
S7,infusion_color,81.4,72.12670648575508,9.273293514244926,-9.273293514244926
S7,infusion_color,97.3,72.12670648575508,25.173293514244918,-25.173293514244918
S7,infusion_color,70.0,72.12670648575508,2.1267064857550793,2.1267064857550793
S7,infusion_color,70.8,72.12670648575508,1.326706485755082,1.326706485755082
S7,infusion_color,55.7,72.12670648575508,16.426706485755076,16.426706485755076
S8,infusion_color,76.10000000000001,73.39112585057137,2.708874149428638,-2.708874149428638
S8,infusion_color,73.0,73.39112585057137,0.3911258505713704,0.3911258505713704
S8,infusion_color,70.0,73.39112585057137,3.3911258505713704,3.3911258505713704
S8,infusion_color,74.1,73.39112585057137,0.7088741494286239,-0.7088741494286239
S8,infusion_color,80.0,73.39112585057137,6.60887414942863,-6.60887414942863
S8,infusion_color,70.5,73.39112585057137,2.8911258505713704,2.8911258505713704
S8,infusion_color,90.6,73.39112585057137,17.208874149428624,-17.208874149428624
S8,infusion_color,80.0,73.39112585057137,6.60887414942863,-6.60887414942863
S8,infusion_color,76.0,73.39112585057137,2.6088741494286296,-2.6088741494286296
S8,infusion_color,90.8,73.39112585057137,17.408874149428627,-17.408874149428627
S8,infusion_color,89.1,73.39112585057137,15.708874149428624,-15.708874149428624
S8,infusion_color,90.0,73.39112585057137,16.60887414942863,-16.60887414942863
S8,infusion_color,64.9,73.39112585057137,8.491125850571365,8.491125850571365
S8,infusion_color,90.0,73.39112585057137,16.60887414942863,-16.60887414942863
S8,infusion_color,74.80000000000001,73.39112585057137,1.408874149428641,-1.408874149428641
S8,infusion_color,66.9,73.39112585057137,6.491125850571365,6.491125850571365
S8,infusion_color,70.0,73.39112585057137,3.3911258505713704,3.3911258505713704
S8,infusion_color,84.3,73.39112585057137,10.908874149428627,-10.908874149428627
S8,infusion_color,90.2,73.39112585057137,16.808874149428632,-16.808874149428632
S8,infusion_color,70.0,73.39112585057137,3.3911258505713704,3.3911258505713704
S9,infusion_color,74.2,75.96437211721089,1.7643721172108826,1.7643721172108826
S9,infusion_color,70.19999999999999,75.96437211721089,5.764372117210897,5.764372117210897
S9,infusion_color,60.0,75.96437211721089,15.964372117210885,15.964372117210885
S9,infusion_color,50.0,75.96437211721089,25.964372117210885,25.964372117210885
S9,infusion_color,74.0,75.96437211721089,1.9643721172108854,1.9643721172108854
S9,infusion_color,80.0,75.96437211721089,4.0356278827891146,-4.0356278827891146
S9,infusion_color,87.69999999999999,75.96437211721089,11.735627882789103,-11.735627882789103
S9,infusion_color,80.0,75.96437211721089,4.0356278827891146,-4.0356278827891146
S9,infusion_color,80.0,75.96437211721089,4.0356278827891146,-4.0356278827891146
S9,infusion_color,88.0,75.96437211721089,12.035627882789115,-12.035627882789115
S9,infusion_color,73.0,75.96437211721089,2.9643721172108854,2.9643721172108854
S9,infusion_color,76.6,75.96437211721089,0.6356278827891089,-0.6356278827891089
S9,infusion_color,71.10000000000001,75.96437211721089,4.864372117210877,4.864372117210877
S9,infusion_color,84.2,75.96437211721089,8.235627882789117,-8.235627882789117
S9,infusion_color,80.5,75.96437211721089,4.5356278827891146,-4.5356278827891146
S9,infusion_color,80.8,75.96437211721089,4.835627882789112,-4.835627882789112
S9,infusion_color,78.0,75.96437211721089,2.0356278827891146,-2.0356278827891146
S9,infusion_color,63.0,75.96437211721089,12.964372117210885,12.964372117210885
S9,infusion_color,85.3,75.96437211721089,9.335627882789112,-9.335627882789112
S9,infusion_color,70.19999999999999,75.96437211721089,5.764372117210897,5.764372117210897
S10,infusion_color,68.1,71.63872615689714,3.538726156897141,3.538726156897141
S10,infusion_color,59.7,71.63872615689714,11.938726156897133,11.938726156897133
S10,infusion_color,64.1,71.63872615689714,7.538726156897141,7.538726156897141
S10,infusion_color,50.0,71.63872615689714,21.638726156897135,21.638726156897135
S10,infusion_color,64.9,71.63872615689714,6.73872615689713,6.73872615689713
S10,infusion_color,80.0,71.63872615689714,8.361273843102865,-8.361273843102865
S10,infusion_color,53.3,71.63872615689714,18.33872615689714,18.33872615689714
S10,infusion_color,60.2,71.63872615689714,11.438726156897133,11.438726156897133
S10,infusion_color,51.900000000000006,71.63872615689714,19.73872615689713,19.73872615689713
S10,infusion_color,64.2,71.63872615689714,7.438726156897133,7.438726156897133
S10,infusion_color,59.2,71.63872615689714,12.438726156897133,12.438726156897133
S10,infusion_color,69.4,71.63872615689714,2.2387261568971297,2.2387261568971297
S10,infusion_color,61.0,71.63872615689714,10.638726156897135,10.638726156897135
S10,infusion_color,71.10000000000001,71.63872615689714,0.5387261568971269,0.5387261568971269
S10,infusion_color,72.1,71.63872615689714,0.4612738431028589,-0.4612738431028589
S10,infusion_color,70.0,71.63872615689714,1.6387261568971354,1.6387261568971354
S10,infusion_color,54.900000000000006,71.63872615689714,16.73872615689713,16.73872615689713
S10,infusion_color,40.0,71.63872615689714,31.638726156897135,31.638726156897135
S10,infusion_color,84.9,71.63872615689714,13.26127384310287,-13.26127384310287
S10,infusion_color,50.0,71.63872615689714,21.638726156897135,21.638726156897135
S11,infusion_color,72.8,69.12716426553203,3.6728357344679665,-3.6728357344679665
S11,infusion_color,70.0,69.12716426553203,0.8728357344679694,-0.8728357344679694
S11,infusion_color,60.0,69.12716426553203,9.12716426553203,9.12716426553203
S11,infusion_color,60.5,69.12716426553203,8.62716426553203,8.62716426553203
S11,infusion_color,57.6,69.12716426553203,11.52716426553203,11.52716426553203
S11,infusion_color,60.0,69.12716426553203,9.12716426553203,9.12716426553203
S11,infusion_color,61.900000000000006,69.12716426553203,7.227164265532025,7.227164265532025
S11,infusion_color,50.0,69.12716426553203,19.12716426553203,19.12716426553203
S11,infusion_color,70.0,69.12716426553203,0.8728357344679694,-0.8728357344679694
S11,infusion_color,72.1,69.12716426553203,2.9728357344679637,-2.9728357344679637
S11,infusion_color,60.7,69.12716426553203,8.427164265532028,8.427164265532028
S11,infusion_color,60.5,69.12716426553203,8.62716426553203,8.62716426553203
S11,infusion_color,54.3,69.12716426553203,14.827164265532033,14.827164265532033
S11,infusion_color,62.9,69.12716426553203,6.227164265532032,6.227164265532032
S11,infusion_color,79.0,69.12716426553203,9.87283573446797,-9.87283573446797
S11,infusion_color,62.0,69.12716426553203,7.127164265532031,7.127164265532031
S11,infusion_color,60.8,69.12716426553203,8.327164265532033,8.327164265532033
S11,infusion_color,80.0,69.12716426553203,10.87283573446797,-10.87283573446797
S11,infusion_color,64.9,69.12716426553203,4.227164265532025,4.227164265532025
S11,infusion_color,71.0,69.12716426553203,1.8728357344679694,-1.8728357344679694
S12,infusion_color,80.0,73.17884025525315,6.821159744746851,-6.821159744746851
S12,infusion_color,75.0,73.17884025525315,1.8211597447468506,-1.8211597447468506
S12,infusion_color,60.0,73.17884025525315,13.17884025525315,13.17884025525315
S12,infusion_color,96.1,73.17884025525315,22.921159744746845,-22.921159744746845
S12,infusion_color,90.7,73.17884025525315,17.521159744746853,-17.521159744746853
S12,infusion_color,90.0,73.17884025525315,16.82115974474685,-16.82115974474685
S12,infusion_color,95.5,73.17884025525315,22.32115974474685,-22.32115974474685
S12,infusion_color,88.3,73.17884025525315,15.121159744746848,-15.121159744746848
S12,infusion_color,84.9,73.17884025525315,11.721159744746856,-11.721159744746856
S12,infusion_color,80.0,73.17884025525315,6.821159744746851,-6.821159744746851
S12,infusion_color,60.4,73.17884025525315,12.77884025525315,12.77884025525315
S12,infusion_color,80.0,73.17884025525315,6.821159744746851,-6.821159744746851
S12,infusion_color,70.1,73.17884025525315,3.078840255253155,3.078840255253155
S12,infusion_color,84.5,73.17884025525315,11.32115974474685,-11.32115974474685
S12,infusion_color,70.0,73.17884025525315,3.1788402552531494,3.1788402552531494
S12,infusion_color,42.3,73.17884025525315,30.878840255253152,30.878840255253152
S12,infusion_color,88.0,73.17884025525315,14.82115974474685,-14.82115974474685
S12,infusion_color,95.5,73.17884025525315,22.32115974474685,-22.32115974474685
S12,infusion_color,80.0,73.17884025525315,6.821159744746851,-6.821159744746851
S12,infusion_color,75.3,73.17884025525315,2.1211597447468478,-2.1211597447468478
S13,infusion_color,72.8,73.24644020953731,0.44644020953731456,0.44644020953731456
S13,infusion_color,70.0,73.24644020953731,3.2464402095373117,3.2464402095373117
S13,infusion_color,58.8,73.24644020953731,14.446440209537315,14.446440209537315
S13,infusion_color,60.0,73.24644020953731,13.246440209537312,13.246440209537312
S13,infusion_color,70.8,73.24644020953731,2.4464402095373146,2.4464402095373146
S13,infusion_color,80.0,73.24644020953731,6.753559790462688,-6.753559790462688
S13,infusion_color,72.8,73.24644020953731,0.44644020953731456,0.44644020953731456
S13,infusion_color,90.0,73.24644020953731,16.75355979046269,-16.75355979046269
S13,infusion_color,80.1,73.24644020953731,6.853559790462683,-6.853559790462683
S13,infusion_color,90.0,73.24644020953731,16.75355979046269,-16.75355979046269
S13,infusion_color,73.0,73.24644020953731,0.24644020953731172,0.24644020953731172
S13,infusion_color,59.1,73.24644020953731,14.14644020953731,14.14644020953731
S13,infusion_color,86.5,73.24644020953731,13.253559790462688,-13.253559790462688
S13,infusion_color,90.0,73.24644020953731,16.75355979046269,-16.75355979046269
S13,infusion_color,78.1,73.24644020953731,4.853559790462683,-4.853559790462683
S13,infusion_color,89.39999999999999,73.24644020953731,16.15355979046268,-16.15355979046268
S13,infusion_color,87.30000000000001,73.24644020953731,14.0535597904627,-14.0535597904627
S13,infusion_color,90.0,73.24644020953731,16.75355979046269,-16.75355979046269
S13,infusion_color,88.10000000000001,73.24644020953731,14.853559790462697,-14.853559790462697
S13,infusion_color,55.3,73.24644020953731,17.946440209537315,17.946440209537315
S14,infusion_color,78.5,77.32742500045906,1.1725749995409416,-1.1725749995409416
S14,infusion_color,70.0,77.32742500045906,7.327425000459058,7.327425000459058
S14,infusion_color,62.2,77.32742500045906,15.127425000459056,15.127425000459056
S14,infusion_color,71.10000000000001,77.32742500045906,6.22742500045905,6.22742500045905
S14,infusion_color,65.9,77.32742500045906,11.427425000459053,11.427425000459053
S14,infusion_color,90.0,77.32742500045906,12.672574999540942,-12.672574999540942
S14,infusion_color,86.4,77.32742500045906,9.072574999540947,-9.072574999540947
S14,infusion_color,70.0,77.32742500045906,7.327425000459058,7.327425000459058
S14,infusion_color,95.4,77.32742500045906,18.072574999540947,-18.072574999540947
S14,infusion_color,80.7,77.32742500045906,3.3725749995409444,-3.3725749995409444
S14,infusion_color,50.0,77.32742500045906,27.32742500045906,27.32742500045906
S14,infusion_color,70.0,77.32742500045906,7.327425000459058,7.327425000459058
S14,infusion_color,62.1,77.32742500045906,15.227425000459057,15.227425000459057
S14,infusion_color,80.9,77.32742500045906,3.5725749995409473,-3.5725749995409473
S14,infusion_color,78.89999999999999,77.32742500045906,1.572574999540933,-1.572574999540933
S14,infusion_color,63.4,77.32742500045906,13.92742500045906,13.92742500045906
S14,infusion_color,80.0,77.32742500045906,2.6725749995409416,-2.6725749995409416
S14,infusion_color,64.5,77.32742500045906,12.827425000459058,12.827425000459058
S14,infusion_color,77.69999999999999,77.32742500045906,0.3725749995409302,-0.3725749995409302
S14,infusion_color,80.0,77.32742500045906,2.6725749995409416,-2.6725749995409416
S15,infusion_color,85.0,74.22419770832055,10.775802291679454,-10.775802291679454
S15,infusion_color,82.8,74.22419770832055,8.575802291679452,-8.575802291679452
S15,infusion_color,76.0,74.22419770832055,1.7758022916794545,-1.7758022916794545
S15,infusion_color,82.30000000000001,74.22419770832055,8.075802291679466,-8.075802291679466
S15,infusion_color,80.0,74.22419770832055,5.7758022916794545,-5.7758022916794545
S15,infusion_color,85.0,74.22419770832055,10.775802291679454,-10.775802291679454
S15,infusion_color,100.0,74.22419770832055,25.775802291679454,-25.775802291679454
S15,infusion_color,84.3,74.22419770832055,10.075802291679452,-10.075802291679452
S15,infusion_color,100.0,74.22419770832055,25.775802291679454,-25.775802291679454
S15,infusion_color,100.0,74.22419770832055,25.775802291679454,-25.775802291679454
S15,infusion_color,100.0,74.22419770832055,25.775802291679454,-25.775802291679454
S15,infusion_color,70.0,74.22419770832055,4.2241977083205455,4.2241977083205455
S15,infusion_color,79.9,74.22419770832055,5.67580229167946,-5.67580229167946
S15,infusion_color,85.0,74.22419770832055,10.775802291679454,-10.775802291679454
S15,infusion_color,77.4,74.22419770832055,3.17580229167946,-3.17580229167946
S15,infusion_color,100.0,74.22419770832055,25.775802291679454,-25.775802291679454
S15,infusion_color,80.5,74.22419770832055,6.2758022916794545,-6.2758022916794545
S15,infusion_color,74.9,74.22419770832055,0.6758022916794602,-0.6758022916794602
S15,infusion_color,90.5,74.22419770832055,16.275802291679454,-16.275802291679454
S15,infusion_color,74.2,74.22419770832055,0.024197708320542688,0.024197708320542688
S16,infusion_color,85.0,77.60350243450048,7.396497565499516,-7.396497565499516
S16,infusion_color,72.9,77.60350243450048,4.703502434500479,4.703502434500479
S16,infusion_color,80.0,77.60350243450048,2.3964975654995158,-2.3964975654995158
S16,infusion_color,71.2,77.60350243450048,6.403502434500481,6.403502434500481
S16,infusion_color,80.0,77.60350243450048,2.3964975654995158,-2.3964975654995158
S16,infusion_color,80.0,77.60350243450048,2.3964975654995158,-2.3964975654995158
S16,infusion_color,55.0,77.60350243450048,22.603502434500484,22.603502434500484
S16,infusion_color,100.0,77.60350243450048,22.396497565499516,-22.396497565499516
S16,infusion_color,100.0,77.60350243450048,22.396497565499516,-22.396497565499516
S16,infusion_color,90.0,77.60350243450048,12.396497565499516,-12.396497565499516
S16,infusion_color,50.0,77.60350243450048,27.603502434500484,27.603502434500484
S16,infusion_color,90.0,77.60350243450048,12.396497565499516,-12.396497565499516
S16,infusion_color,100.0,77.60350243450048,22.396497565499516,-22.396497565499516
S16,infusion_color,60.0,77.60350243450048,17.603502434500484,17.603502434500484
S16,infusion_color,100.0,77.60350243450048,22.396497565499516,-22.396497565499516
S16,infusion_color,100.0,77.60350243450048,22.396497565499516,-22.396497565499516
S16,infusion_color,80.0,77.60350243450048,2.3964975654995158,-2.3964975654995158
S16,infusion_color,50.2,77.60350243450048,27.40350243450048,27.40350243450048
S16,infusion_color,90.0,77.60350243450048,12.396497565499516,-12.396497565499516
S16,infusion_color,99.0,77.60350243450048,21.396497565499516,-21.396497565499516
S17,infusion_color,70.0,74.31115733680028,4.311157336800278,4.311157336800278
S17,infusion_color,50.1,74.31115733680028,24.211157336800277,24.211157336800277
S17,infusion_color,70.0,74.31115733680028,4.311157336800278,4.311157336800278
S17,infusion_color,80.0,74.31115733680028,5.688842663199722,-5.688842663199722
S17,infusion_color,91.2,74.31115733680028,16.888842663199725,-16.888842663199725
S17,infusion_color,79.0,74.31115733680028,4.688842663199722,-4.688842663199722
S17,infusion_color,70.0,74.31115733680028,4.311157336800278,4.311157336800278
S17,infusion_color,59.6,74.31115733680028,14.711157336800277,14.711157336800277
S17,infusion_color,70.1,74.31115733680028,4.211157336800284,4.211157336800284
S17,infusion_color,66.2,74.31115733680028,8.111157336800275,8.111157336800275
S17,infusion_color,70.3,74.31115733680028,4.011157336800281,4.011157336800281
S17,infusion_color,61.900000000000006,74.31115733680028,12.411157336800272,12.411157336800272
S17,infusion_color,63.5,74.31115733680028,10.811157336800278,10.811157336800278
S17,infusion_color,72.9,74.31115733680028,1.4111573368002723,1.4111573368002723
S17,infusion_color,60.0,74.31115733680028,14.311157336800278,14.311157336800278
S17,infusion_color,59.6,74.31115733680028,14.711157336800277,14.711157336800277
S17,infusion_color,71.9,74.31115733680028,2.4111573368002723,2.4111573368002723
S17,infusion_color,64.9,74.31115733680028,9.411157336800272,9.411157336800272
S17,infusion_color,78.5,74.31115733680028,4.188842663199722,-4.188842663199722
S17,infusion_color,63.1,74.31115733680028,11.211157336800277,11.211157336800277
S18,infusion_color,80.0,77.94111044735715,2.058889552642853,-2.058889552642853
S18,infusion_color,65.0,77.94111044735715,12.941110447357147,12.941110447357147
S18,infusion_color,83.69999999999999,77.94111044735715,5.758889552642842,-5.758889552642842
S18,infusion_color,70.4,77.94111044735715,7.541110447357141,7.541110447357141
S18,infusion_color,80.0,77.94111044735715,2.058889552642853,-2.058889552642853
S18,infusion_color,51.900000000000006,77.94111044735715,26.04111044735714,26.04111044735714
S18,infusion_color,90.0,77.94111044735715,12.058889552642853,-12.058889552642853
S18,infusion_color,90.0,77.94111044735715,12.058889552642853,-12.058889552642853
S18,infusion_color,86.4,77.94111044735715,8.458889552642859,-8.458889552642859
S18,infusion_color,90.0,77.94111044735715,12.058889552642853,-12.058889552642853
S18,infusion_color,90.1,77.94111044735715,12.158889552642847,-12.158889552642847
S18,infusion_color,70.0,77.94111044735715,7.941110447357147,7.941110447357147
S18,infusion_color,70.9,77.94111044735715,7.041110447357141,7.041110447357141
S18,infusion_color,70.0,77.94111044735715,7.941110447357147,7.941110447357147
S18,infusion_color,55.0,77.94111044735715,22.941110447357147,22.941110447357147
S18,infusion_color,85.5,77.94111044735715,7.558889552642853,-7.558889552642853
S18,infusion_color,90.0,77.94111044735715,12.058889552642853,-12.058889552642853
S18,infusion_color,60.0,77.94111044735715,17.941110447357147,17.941110447357147
S18,infusion_color,82.4,77.94111044735715,4.458889552642859,-4.458889552642859
S18,infusion_color,84.0,77.94111044735715,6.058889552642853,-6.058889552642853
S19,infusion_color,81.19999999999999,75.19537941733542,6.004620582664572,-6.004620582664572
S19,infusion_color,76.9,75.19537941733542,1.7046205826645888,-1.7046205826645888
S19,infusion_color,61.2,75.19537941733542,13.995379417335414,13.995379417335414
S19,infusion_color,80.39999999999999,75.19537941733542,5.204620582664575,-5.204620582664575
S19,infusion_color,96.8,75.19537941733542,21.60462058266458,-21.60462058266458
S19,infusion_color,96.6,75.19537941733542,21.404620582664577,-21.404620582664577
S19,infusion_color,81.25,75.19537941733542,6.054620582664583,-6.054620582664583
S19,infusion_color,70.3,75.19537941733542,4.89537941733542,4.89537941733542
S19,infusion_color,96.4,75.19537941733542,21.20462058266459,-21.20462058266459
S19,infusion_color,89.9,75.19537941733542,14.704620582664589,-14.704620582664589
S19,infusion_color,96.9,75.19537941733542,21.70462058266459,-21.70462058266459
S19,infusion_color,80.5,75.19537941733542,5.304620582664583,-5.304620582664583
S19,infusion_color,66.6,75.19537941733542,8.595379417335423,8.595379417335423
S19,infusion_color,80.60000000000001,75.19537941733542,5.404620582664592,-5.404620582664592
S19,infusion_color,89.7,75.19537941733542,14.504620582664586,-14.504620582664586
S19,infusion_color,90.0,75.19537941733542,14.804620582664583,-14.804620582664583
S19,infusion_color,79.0,75.19537941733542,3.804620582664583,-3.804620582664583
S19,infusion_color,91.9,75.19537941733542,16.70462058266459,-16.70462058266459
S19,infusion_color,87.4,75.19537941733542,12.204620582664589,-12.204620582664589
S19,infusion_color,80.0,75.19537941733542,4.804620582664583,-4.804620582664583
S20,infusion_color,82.5,78.05670754099779,4.443292459002208,-4.443292459002208
S20,infusion_color,100.0,78.05670754099779,21.94329245900221,-21.94329245900221
S20,infusion_color,96.7,78.05670754099779,18.64329245900221,-18.64329245900221
S20,infusion_color,80.0,78.05670754099779,1.9432924590022083,-1.9432924590022083
S20,infusion_color,47.6,78.05670754099779,30.45670754099779,30.45670754099779
S20,infusion_color,79.9,78.05670754099779,1.843292459002214,-1.843292459002214
S20,infusion_color,82.0,78.05670754099779,3.9432924590022083,-3.9432924590022083
S20,infusion_color,96.1,78.05670754099779,18.043292459002203,-18.043292459002203
S20,infusion_color,80.0,78.05670754099779,1.9432924590022083,-1.9432924590022083
S20,infusion_color,100.0,78.05670754099779,21.94329245900221,-21.94329245900221
S20,infusion_color,85.3,78.05670754099779,7.243292459002205,-7.243292459002205
S20,infusion_color,61.1,78.05670754099779,16.95670754099779,16.95670754099779
S20,infusion_color,70.0,78.05670754099779,8.056707540997792,8.056707540997792
S20,infusion_color,80.0,78.05670754099779,1.9432924590022083,-1.9432924590022083
S20,infusion_color,96.1,78.05670754099779,18.043292459002203,-18.043292459002203
S20,infusion_color,97.1,78.05670754099779,19.043292459002203,-19.043292459002203
S20,infusion_color,81.5,78.05670754099779,3.4432924590022083,-3.4432924590022083
S20,infusion_color,96.1,78.05670754099779,18.043292459002203,-18.043292459002203
S20,infusion_color,84.3,78.05670754099779,6.243292459002205,-6.243292459002205
S20,infusion_color,97.3,78.05670754099779,19.243292459002205,-19.243292459002205
S21,infusion_color,75.0,79.05425032759237,4.054250327592371,4.054250327592371
S21,infusion_color,72.30000000000001,79.05425032759237,6.754250327592359,6.754250327592359
S21,infusion_color,70.0,79.05425032759237,9.05425032759237,9.05425032759237
S21,infusion_color,84.0,79.05425032759237,4.945749672407629,-4.945749672407629
S21,infusion_color,87.10000000000001,79.05425032759237,8.045749672407638,-8.045749672407638
S21,infusion_color,80.0,79.05425032759237,0.9457496724076293,-0.9457496724076293
S21,infusion_color,83.4,79.05425032759237,4.345749672407635,-4.345749672407635
S21,infusion_color,81.19999999999999,79.05425032759237,2.145749672407618,-2.145749672407618
S21,infusion_color,70.0,79.05425032759237,9.05425032759237,9.05425032759237
S21,infusion_color,81.1,79.05425032759237,2.0457496724076236,-2.0457496724076236
S21,infusion_color,84.60000000000001,79.05425032759237,5.545749672407638,-5.545749672407638
S21,infusion_color,90.7,79.05425032759237,11.645749672407632,-11.645749672407632
S21,infusion_color,60.0,79.05425032759237,19.05425032759237,19.05425032759237
S21,infusion_color,70.19999999999999,79.05425032759237,8.854250327592382,8.854250327592382
S21,infusion_color,81.6,79.05425032759237,2.5457496724076236,-2.5457496724076236
S21,infusion_color,87.10000000000001,79.05425032759237,8.045749672407638,-8.045749672407638
S21,infusion_color,80.39999999999999,79.05425032759237,1.3457496724076208,-1.3457496724076208
S21,infusion_color,84.0,79.05425032759237,4.945749672407629,-4.945749672407629
S21,infusion_color,77.30000000000001,79.05425032759237,1.7542503275923593,1.7542503275923593
S21,infusion_color,70.0,79.05425032759237,9.05425032759237,9.05425032759237
S22,infusion_color,75.0,83.34145807547773,8.341458075477732,8.341458075477732
S22,infusion_color,70.0,83.34145807547773,13.341458075477732,13.341458075477732
S22,infusion_color,80.5,83.34145807547773,2.841458075477732,2.841458075477732
S22,infusion_color,70.0,83.34145807547773,13.341458075477732,13.341458075477732
S22,infusion_color,83.0,83.34145807547773,0.3414580754777319,0.3414580754777319
S22,infusion_color,80.0,83.34145807547773,3.341458075477732,3.341458075477732
S22,infusion_color,51.1,83.34145807547773,32.24145807547773,32.24145807547773
S22,infusion_color,90.0,83.34145807547773,6.658541924522268,-6.658541924522268
S22,infusion_color,90.0,83.34145807547773,6.658541924522268,-6.658541924522268
S22,infusion_color,50.9,83.34145807547773,32.44145807547773,32.44145807547773
S22,infusion_color,90.1,83.34145807547773,6.758541924522262,-6.758541924522262
S22,infusion_color,90.0,83.34145807547773,6.658541924522268,-6.658541924522268
S22,infusion_color,82.4,83.34145807547773,0.9414580754777262,0.9414580754777262
S22,infusion_color,81.1,83.34145807547773,2.2414580754777376,2.2414580754777376
S22,infusion_color,69.0,83.34145807547773,14.341458075477732,14.341458075477732
S22,infusion_color,90.0,83.34145807547773,6.658541924522268,-6.658541924522268
S22,infusion_color,83.10000000000001,83.34145807547773,0.24145807547772336,0.24145807547772336
S22,infusion_color,80.19999999999999,83.34145807547773,3.1414580754777433,3.1414580754777433
S22,infusion_color,54.2,83.34145807547773,29.14145807547773,29.14145807547773
S22,infusion_color,70.0,83.34145807547773,13.341458075477732,13.341458075477732
S23,infusion_color,79.2,80.09613401031129,0.896134010311286,0.896134010311286
S23,infusion_color,70.0,80.09613401031129,10.096134010311289,10.096134010311289
S23,infusion_color,74.0,80.09613401031129,6.096134010311289,6.096134010311289
S23,infusion_color,73.3,80.09613401031129,6.796134010311292,6.796134010311292
S23,infusion_color,90.0,80.09613401031129,9.903865989688711,-9.903865989688711
S23,infusion_color,80.0,80.09613401031129,0.09613401031128888,0.09613401031128888
S23,infusion_color,82.5,80.09613401031129,2.403865989688711,-2.403865989688711
S23,infusion_color,80.60000000000001,80.09613401031129,0.5038659896887197,-0.5038659896887197
S23,infusion_color,80.0,80.09613401031129,0.09613401031128888,0.09613401031128888
S23,infusion_color,99.1,80.09613401031129,19.003865989688705,-19.003865989688705
S23,infusion_color,85.19999999999999,80.09613401031129,5.1038659896887,-5.1038659896887
S23,infusion_color,70.0,80.09613401031129,10.096134010311289,10.096134010311289
S23,infusion_color,84.39999999999999,80.09613401031129,4.303865989688703,-4.303865989688703
S23,infusion_color,80.0,80.09613401031129,0.09613401031128888,0.09613401031128888
S23,infusion_color,87.69999999999999,80.09613401031129,7.6038659896887,-7.6038659896887
S23,infusion_color,80.0,80.09613401031129,0.09613401031128888,0.09613401031128888
S23,infusion_color,98.5,80.09613401031129,18.40386598968871,-18.40386598968871
S23,infusion_color,54.6,80.09613401031129,25.496134010311287,25.496134010311287
S23,infusion_color,94.4,80.09613401031129,14.303865989688717,-14.303865989688717
S23,infusion_color,84.7,80.09613401031129,4.603865989688714,-4.603865989688714
S24,infusion_color,81.19999999999999,77.06685134648593,4.133148653514056,-4.133148653514056
S24,infusion_color,88.2,77.06685134648593,11.13314865351407,-11.13314865351407
S24,infusion_color,71.0,77.06685134648593,6.066851346485933,6.066851346485933
S24,infusion_color,80.0,77.06685134648593,2.933148653514067,-2.933148653514067
S24,infusion_color,60.5,77.06685134648593,16.566851346485933,16.566851346485933
S24,infusion_color,90.0,77.06685134648593,12.933148653514067,-12.933148653514067
S24,infusion_color,85.0,77.06685134648593,7.933148653514067,-7.933148653514067
S24,infusion_color,70.0,77.06685134648593,7.066851346485933,7.066851346485933
S24,infusion_color,75.5,77.06685134648593,1.566851346485933,1.566851346485933
S24,infusion_color,100.0,77.06685134648593,22.933148653514067,-22.933148653514067
S24,infusion_color,100.0,77.06685134648593,22.933148653514067,-22.933148653514067
S24,infusion_color,81.19999999999999,77.06685134648593,4.133148653514056,-4.133148653514056
S24,infusion_color,60.0,77.06685134648593,17.066851346485933,17.066851346485933
S24,infusion_color,90.7,77.06685134648593,13.63314865351407,-13.63314865351407
S24,infusion_color,90.0,77.06685134648593,12.933148653514067,-12.933148653514067
S24,infusion_color,90.0,77.06685134648593,12.933148653514067,-12.933148653514067
S24,infusion_color,80.0,77.06685134648593,2.933148653514067,-2.933148653514067
S24,infusion_color,85.0,77.06685134648593,7.933148653514067,-7.933148653514067
S24,infusion_color,100.0,77.06685134648593,22.933148653514067,-22.933148653514067
S24,infusion_color,70.0,77.06685134648593,7.066851346485933,7.066851346485933
S25,infusion_color,74.2,74.13804786436484,0.06195213563516688,-0.06195213563516688
S25,infusion_color,73.3,74.13804786436484,0.8380478643648388,0.8380478643648388
S25,infusion_color,44.400000000000006,74.13804786436484,29.73804786436483,29.73804786436483
S25,infusion_color,55.1,74.13804786436484,19.038047864364835,19.038047864364835
S25,infusion_color,70.0,74.13804786436484,4.138047864364836,4.138047864364836
S25,infusion_color,74.2,74.13804786436484,0.06195213563516688,-0.06195213563516688
S25,infusion_color,60.4,74.13804786436484,13.738047864364837,13.738047864364837
S25,infusion_color,67.1,74.13804786436484,7.038047864364842,7.038047864364842
S25,infusion_color,80.0,74.13804786436484,5.861952135635164,-5.861952135635164
S25,infusion_color,78.3,74.13804786436484,4.161952135635161,-4.161952135635161
S25,infusion_color,74.5,74.13804786436484,0.36195213563516404,-0.36195213563516404
S25,infusion_color,60.0,74.13804786436484,14.138047864364836,14.138047864364836
S25,infusion_color,60.8,74.13804786436484,13.338047864364839,13.338047864364839
S25,infusion_color,55.7,74.13804786436484,18.438047864364833,18.438047864364833
S25,infusion_color,69.1,74.13804786436484,5.038047864364842,5.038047864364842
S25,infusion_color,54.6,74.13804786436484,19.538047864364835,19.538047864364835
S25,infusion_color,80.60000000000001,74.13804786436484,6.461952135635173,-6.461952135635173
S25,infusion_color,70.0,74.13804786436484,4.138047864364836,4.138047864364836
S25,infusion_color,76.10000000000001,74.13804786436484,1.9619521356351726,-1.9619521356351726
S25,infusion_color,55.1,74.13804786436484,19.038047864364835,19.038047864364835
S26,infusion_color,74.2,66.96380166275732,7.2361983372426835,-7.2361983372426835
S26,infusion_color,70.0,66.96380166275732,3.0361983372426806,-3.0361983372426806
S26,infusion_color,60.0,66.96380166275732,6.963801662757319,6.963801662757319
S26,infusion_color,66.7,66.96380166275732,0.26380166275731654,0.26380166275731654
S26,infusion_color,64.6,66.96380166275732,2.363801662757325,2.363801662757325
S26,infusion_color,74.2,66.96380166275732,7.2361983372426835,-7.2361983372426835
S26,infusion_color,70.0,66.96380166275732,3.0361983372426806,-3.0361983372426806
S26,infusion_color,70.5,66.96380166275732,3.5361983372426806,-3.5361983372426806
S26,infusion_color,59.1,66.96380166275732,7.863801662757318,7.863801662757318
S26,infusion_color,95.0,66.96380166275732,28.03619833724268,-28.03619833724268
S26,infusion_color,70.8,66.96380166275732,3.836198337242678,-3.836198337242678
S26,infusion_color,55.8,66.96380166275732,11.163801662757322,11.163801662757322
S26,infusion_color,52.8,66.96380166275732,14.163801662757322,14.163801662757322
S26,infusion_color,74.4,66.96380166275732,7.436198337242686,-7.436198337242686
S26,infusion_color,74.3,66.96380166275732,7.336198337242678,-7.336198337242678
S26,infusion_color,73.89999999999999,66.96380166275732,6.936198337242672,-6.936198337242672
S26,infusion_color,60.5,66.96380166275732,6.463801662757319,6.463801662757319
S26,infusion_color,55.0,66.96380166275732,11.96380166275732,11.96380166275732
S26,infusion_color,63.4,66.96380166275732,3.563801662757321,3.563801662757321
S26,infusion_color,69.1,66.96380166275732,2.136198337242675,-2.136198337242675
S27,infusion_color,74.2,71.7527823828751,2.447217617124906,-2.447217617124906
S27,infusion_color,51.900000000000006,71.7527823828751,19.85278238287509,19.85278238287509
S27,infusion_color,60.0,71.7527823828751,11.752782382875097,11.752782382875097
S27,infusion_color,58.2,71.7527823828751,13.552782382875094,13.552782382875094
S27,infusion_color,80.0,71.7527823828751,8.247217617124903,-8.247217617124903
S27,infusion_color,67.4,71.7527823828751,4.352782382875091,4.352782382875091
S27,infusion_color,67.9,71.7527823828751,3.852782382875091,3.852782382875091
S27,infusion_color,70.0,71.7527823828751,1.7527823828750968,1.7527823828750968
S27,infusion_color,80.0,71.7527823828751,8.247217617124903,-8.247217617124903
S27,infusion_color,90.0,71.7527823828751,18.247217617124903,-18.247217617124903
S27,infusion_color,57.3,71.7527823828751,14.4527823828751,14.4527823828751
S27,infusion_color,63.4,71.7527823828751,8.352782382875098,8.352782382875098
S27,infusion_color,66.5,71.7527823828751,5.252782382875097,5.252782382875097
S27,infusion_color,65.1,71.7527823828751,6.6527823828751025,6.6527823828751025
S27,infusion_color,73.0,71.7527823828751,1.2472176171249032,-1.2472176171249032
S27,infusion_color,80.0,71.7527823828751,8.247217617124903,-8.247217617124903
S27,infusion_color,68.3,71.7527823828751,3.4527823828750996,3.4527823828750996
S27,infusion_color,62.8,71.7527823828751,8.9527823828751,8.9527823828751
S27,infusion_color,58.5,71.7527823828751,13.252782382875097,13.252782382875097
S27,infusion_color,70.19999999999999,71.7527823828751,1.5527823828751082,1.5527823828751082
S28,infusion_color,73.1,71.61395427433352,1.4860457256664716,-1.4860457256664716
S28,infusion_color,59.8,71.61395427433352,11.813954274333526,11.813954274333526
S28,infusion_color,60.0,71.61395427433352,11.613954274333523,11.613954274333523
S28,infusion_color,74.2,71.61395427433352,2.58604572566648,-2.58604572566648
S28,infusion_color,70.5,71.61395427433352,1.1139542743335227,1.1139542743335227
S28,infusion_color,70.7,71.61395427433352,0.9139542743335198,0.9139542743335198
S28,infusion_color,60.3,71.61395427433352,11.313954274333526,11.313954274333526
S28,infusion_color,71.10000000000001,71.61395427433352,0.5139542743335141,0.5139542743335141
S28,infusion_color,80.0,71.61395427433352,8.386045725666477,-8.386045725666477
S28,infusion_color,75.19999999999999,71.61395427433352,3.586045725666466,-3.586045725666466
S28,infusion_color,52.8,71.61395427433352,18.813954274333526,18.813954274333526
S28,infusion_color,70.0,71.61395427433352,1.6139542743335227,1.6139542743335227
S28,infusion_color,94.4,71.61395427433352,22.786045725666483,-22.786045725666483
S28,infusion_color,70.1,71.61395427433352,1.5139542743335284,1.5139542743335284
S28,infusion_color,73.879,71.61395427433352,2.265045725666482,-2.265045725666482
S28,infusion_color,80.0,71.61395427433352,8.386045725666477,-8.386045725666477
S28,infusion_color,71.10000000000001,71.61395427433352,0.5139542743335141,0.5139542743335141
S28,infusion_color,59.2,71.61395427433352,12.41395427433352,12.41395427433352
S28,infusion_color,63.0,71.61395427433352,8.613954274333523,8.613954274333523
S28,infusion_color,63.7,71.61395427433352,7.91395427433352,7.91395427433352
S29,infusion_color,74.2,70.71281170247171,3.4871882975282915,-3.4871882975282915
S29,infusion_color,75.0,70.71281170247171,4.287188297528289,-4.287188297528289
S29,infusion_color,66.2,70.71281170247171,4.5128117024717085,4.5128117024717085
S29,infusion_color,60.0,70.71281170247171,10.712811702471711,10.712811702471711
S29,infusion_color,80.0,70.71281170247171,9.287188297528289,-9.287188297528289
S29,infusion_color,95.3,70.71281170247171,24.587188297528286,-24.587188297528286
S29,infusion_color,70.0,70.71281170247171,0.7128117024717113,0.7128117024717113
S29,infusion_color,70.0,70.71281170247171,0.7128117024717113,0.7128117024717113
S29,infusion_color,80.19999999999999,70.71281170247171,9.487188297528277,-9.487188297528277
S29,infusion_color,59.3,70.71281170247171,11.412811702471714,11.412811702471714
S29,infusion_color,72.9,70.71281170247171,2.1871882975282944,-2.1871882975282944
S29,infusion_color,60.8,70.71281170247171,9.912811702471714,9.912811702471714
S29,infusion_color,66.0,70.71281170247171,4.712811702471711,4.712811702471711
S29,infusion_color,70.5,70.71281170247171,0.21281170247171133,0.21281170247171133
S29,infusion_color,71.3,70.71281170247171,0.5871882975282858,-0.5871882975282858
S29,infusion_color,63.1,70.71281170247171,7.61281170247171,7.61281170247171
S29,infusion_color,60.7,70.71281170247171,10.012811702471708,10.012811702471708
S29,infusion_color,71.3,70.71281170247171,0.5871882975282858,-0.5871882975282858
S29,infusion_color,80.0,70.71281170247171,9.287188297528289,-9.287188297528289
S29,infusion_color,90.0,70.71281170247171,19.28718829752829,-19.28718829752829
S30,infusion_color,76.7,69.72887418856352,6.97112581143648,-6.97112581143648
S30,infusion_color,80.0,69.72887418856352,10.271125811436477,-10.271125811436477
S30,infusion_color,62.1,69.72887418856352,7.628874188563522,7.628874188563522
S30,infusion_color,70.0,69.72887418856352,0.27112581143647674,-0.27112581143647674
S30,infusion_color,70.19999999999999,69.72887418856352,0.47112581143646537,-0.47112581143646537
S30,infusion_color,68.2,69.72887418856352,1.5288741885635204,1.5288741885635204
S30,infusion_color,87.89999999999999,69.72887418856352,18.171125811436468,-18.171125811436468
S30,infusion_color,61.0,69.72887418856352,8.728874188563523,8.728874188563523
S30,infusion_color,61.900000000000006,69.72887418856352,7.828874188563518,7.828874188563518
S30,infusion_color,70.1,69.72887418856352,0.37112581143647105,-0.37112581143647105
S30,infusion_color,70.0,69.72887418856352,0.27112581143647674,-0.27112581143647674
S30,infusion_color,62.8,69.72887418856352,6.928874188563526,6.928874188563526
S30,infusion_color,53.3,69.72887418856352,16.428874188563526,16.428874188563526
S30,infusion_color,50.2,69.72887418856352,19.52887418856352,19.52887418856352
S30,infusion_color,80.0,69.72887418856352,10.271125811436477,-10.271125811436477
S30,infusion_color,61.8,69.72887418856352,7.928874188563526,7.928874188563526
S30,infusion_color,62.2,69.72887418856352,7.52887418856352,7.52887418856352
S1,aroma,57.9,64.67538738582887,6.775387385828871,6.775387385828871
S1,aroma,61.4,64.67538738582887,3.2753873858288713,3.2753873858288713
S1,aroma,71.5,64.67538738582887,6.82461261417113,-6.82461261417113
S1,aroma,84.2,64.67538738582887,19.524612614171133,-19.524612614171133
S1,aroma,90.0,64.67538738582887,25.32461261417113,-25.32461261417113
S1,aroma,64.4,64.67538738582887,0.27538738582886424,0.27538738582886424
S1,aroma,69.0,64.67538738582887,4.32461261417113,-4.32461261417113
S1,aroma,90.2,64.67538738582887,25.524612614171133,-25.524612614171133
S1,aroma,70.6,64.67538738582887,5.924612614171124,-5.924612614171124
S1,aroma,70.0,64.67538738582887,5.32461261417113,-5.32461261417113
S1,aroma,71.39999999999999,64.67538738582887,6.7246126141711215,-6.7246126141711215
S1,aroma,70.0,64.67538738582887,5.32461261417113,-5.32461261417113
S1,aroma,72.8,64.67538738582887,8.124612614171127,-8.124612614171127
S1,aroma,80.0,64.67538738582887,15.32461261417113,-15.32461261417113
S1,aroma,68.1,64.67538738582887,3.4246126141711244,-3.4246126141711244
S1,aroma,67.69999999999999,64.67538738582887,3.0246126141711187,-3.0246126141711187
S1,aroma,70.0,64.67538738582887,5.32461261417113,-5.32461261417113
S1,aroma,65.7,64.67538738582887,1.024612614171133,-1.024612614171133
S1,aroma,47.3,64.67538738582887,17.375387385828873,17.375387385828873
S1,aroma,70.0,64.67538738582887,5.32461261417113,-5.32461261417113
S2,aroma,52.8,63.25490475507076,10.454904755070764,10.454904755070764
S2,aroma,50.0,63.25490475507076,13.254904755070761,13.254904755070761
S2,aroma,69.5,63.25490475507076,6.245095244929239,-6.245095244929239
S2,aroma,50.0,63.25490475507076,13.254904755070761,13.254904755070761
S2,aroma,60.0,63.25490475507076,3.2549047550707613,3.2549047550707613
S2,aroma,40.0,63.25490475507076,23.25490475507076,23.25490475507076
S2,aroma,40.1,63.25490475507076,23.15490475507076,23.15490475507076
S2,aroma,50.0,63.25490475507076,13.254904755070761,13.254904755070761
S2,aroma,91.1,63.25490475507076,27.845095244929233,-27.845095244929233
S2,aroma,70.0,63.25490475507076,6.745095244929239,-6.745095244929239
S2,aroma,67.30000000000001,63.25490475507076,4.04509524492925,-4.04509524492925
S2,aroma,60.0,63.25490475507076,3.2549047550707613,3.2549047550707613
S2,aroma,34.900000000000006,63.25490475507076,28.354904755070756,28.354904755070756
S2,aroma,74.6,63.25490475507076,11.345095244929233,-11.345095244929233
S2,aroma,46.900000000000006,63.25490475507076,16.354904755070756,16.354904755070756
S2,aroma,66.6,63.25490475507076,3.345095244929233,-3.345095244929233
S2,aroma,68.5,63.25490475507076,5.245095244929239,-5.245095244929239
S2,aroma,72.6,63.25490475507076,9.345095244929233,-9.345095244929233
S2,aroma,54.6,63.25490475507076,8.65490475507076,8.65490475507076
S2,aroma,80.0,63.25490475507076,16.74509524492924,-16.74509524492924
S3,aroma,67.5,77.24573064851857,9.745730648518574,9.745730648518574
S3,aroma,70.0,77.24573064851857,7.245730648518574,7.245730648518574
S3,aroma,72.5,77.24573064851857,4.745730648518574,4.745730648518574
S3,aroma,69.9,77.24573064851857,7.345730648518568,7.345730648518568
S3,aroma,70.0,77.24573064851857,7.245730648518574,7.245730648518574
S3,aroma,67.0,77.24573064851857,10.245730648518574,10.245730648518574
S3,aroma,88.10000000000001,77.24573064851857,10.854269351481435,-10.854269351481435
S3,aroma,80.0,77.24573064851857,2.754269351481426,-2.754269351481426
S3,aroma,92.9,77.24573064851857,15.654269351481432,-15.654269351481432
S3,aroma,80.0,77.24573064851857,2.754269351481426,-2.754269351481426
S3,aroma,74.5,77.24573064851857,2.745730648518574,2.745730648518574
S3,aroma,67.1,77.24573064851857,10.14573064851858,10.14573064851858
S3,aroma,60.9,77.24573064851857,16.345730648518575,16.345730648518575
S3,aroma,70.0,77.24573064851857,7.245730648518574,7.245730648518574
S3,aroma,84.39999999999999,77.24573064851857,7.1542693514814175,-7.1542693514814175
S3,aroma,73.3,77.24573064851857,3.945730648518577,3.945730648518577
S3,aroma,60.0,77.24573064851857,17.245730648518574,17.245730648518574
S3,aroma,82.8,77.24573064851857,5.554269351481423,-5.554269351481423
S3,aroma,77.0,77.24573064851857,0.24573064851857396,0.24573064851857396
S3,aroma,68.1,77.24573064851857,9.14573064851858,9.14573064851858
S4,aroma,60.0,69.15924933325448,9.159249333254479,9.159249333254479
S4,aroma,38.9,69.15924933325448,30.25924933325448,30.25924933325448
S4,aroma,40.0,69.15924933325448,29.15924933325448,29.15924933325448
S4,aroma,40.0,69.15924933325448,29.15924933325448,29.15924933325448
S4,aroma,50.0,69.15924933325448,19.15924933325448,19.15924933325448
S4,aroma,57.3,69.15924933325448,11.859249333254482,11.859249333254482
S4,aroma,30.0,69.15924933325448,39.15924933325448,39.15924933325448
S4,aroma,61.900000000000006,69.15924933325448,7.259249333254473,7.259249333254473
S4,aroma,70.0,69.15924933325448,0.8407506667455209,-0.8407506667455209
S4,aroma,90.2,69.15924933325448,21.040750666745524,-21.040750666745524
S4,aroma,80.0,69.15924933325448,10.840750666745521,-10.840750666745521
S4,aroma,82.0,69.15924933325448,12.840750666745521,-12.840750666745521
S4,aroma,67.1,69.15924933325448,2.059249333254485,2.059249333254485
S4,aroma,68.0,69.15924933325448,1.159249333254479,1.159249333254479
S4,aroma,60.0,69.15924933325448,9.159249333254479,9.159249333254479
S4,aroma,72.9,69.15924933325448,3.7407506667455266,-3.7407506667455266
S4,aroma,74.6,69.15924933325448,5.440750666745515,-5.440750666745515
S4,aroma,86.6,69.15924933325448,17.440750666745515,-17.440750666745515
S4,aroma,65.9,69.15924933325448,3.2592493332544734,3.2592493332544734
S4,aroma,76.9,69.15924933325448,7.740750666745527,-7.740750666745527
S5,aroma,70.0,73.18700116959346,3.187001169593458,3.187001169593458
S5,aroma,82.2,73.18700116959346,9.012998830406545,-9.012998830406545
S5,aroma,70.0,73.18700116959346,3.187001169593458,3.187001169593458
S5,aroma,68.89999999999999,73.18700116959346,4.287001169593466,4.287001169593466
S5,aroma,70.0,73.18700116959346,3.187001169593458,3.187001169593458
S5,aroma,70.0,73.18700116959346,3.187001169593458,3.187001169593458
S5,aroma,74.5,73.18700116959346,1.312998830406542,-1.312998830406542
S5,aroma,80.0,73.18700116959346,6.812998830406542,-6.812998830406542
S5,aroma,91.9,73.18700116959346,18.712998830406548,-18.712998830406548
S5,aroma,80.0,73.18700116959346,6.812998830406542,-6.812998830406542
S5,aroma,70.6,73.18700116959346,2.5870011695934636,2.5870011695934636
S5,aroma,64.9,73.18700116959346,8.287001169593452,8.287001169593452
S5,aroma,60.0,73.18700116959346,13.187001169593458,13.187001169593458
S5,aroma,71.10000000000001,73.18700116959346,2.0870011695934494,2.0870011695934494
S5,aroma,70.8,73.18700116959346,2.3870011695934608,2.3870011695934608
S5,aroma,80.0,73.18700116959346,6.812998830406542,-6.812998830406542
S5,aroma,72.9,73.18700116959346,0.28700116959345223,0.28700116959345223
S5,aroma,76.6,73.18700116959346,3.4129988304065364,-3.4129988304065364
S5,aroma,65.4,73.18700116959346,7.787001169593452,7.787001169593452
S5,aroma,70.0,73.18700116959346,3.187001169593458,3.187001169593458
S6,aroma,62.8,64.97604720123816,2.1760472012381626,2.1760472012381626
S6,aroma,70.0,64.97604720123816,5.02395279876184,-5.02395279876184
S6,aroma,50.0,64.97604720123816,14.97604720123816,14.97604720123816
S6,aroma,62.8,64.97604720123816,2.1760472012381626,2.1760472012381626
S6,aroma,50.0,64.97604720123816,14.97604720123816,14.97604720123816
S6,aroma,55.2,64.97604720123816,9.776047201238157,9.776047201238157
S6,aroma,72.5,64.97604720123816,7.52395279876184,-7.52395279876184
S6,aroma,60.0,64.97604720123816,4.97604720123816,4.97604720123816
S6,aroma,50.0,64.97604720123816,14.97604720123816,14.97604720123816
S6,aroma,80.0,64.97604720123816,15.02395279876184,-15.02395279876184
S6,aroma,54.900000000000006,64.97604720123816,10.076047201238154,10.076047201238154
S6,aroma,50.9,64.97604720123816,14.076047201238161,14.076047201238161
S6,aroma,76.10000000000001,64.97604720123816,11.123952798761849,-11.123952798761849
S6,aroma,70.4,64.97604720123816,5.423952798761846,-5.423952798761846
S6,aroma,62.6,64.97604720123816,2.3760472012381584,2.3760472012381584
S6,aroma,60.0,64.97604720123816,4.97604720123816,4.97604720123816
S6,aroma,62.8,64.97604720123816,2.1760472012381626,2.1760472012381626
S6,aroma,61.7,64.97604720123816,3.276047201238157,3.276047201238157
S6,aroma,43.9,64.97604720123816,21.07604720123816,21.07604720123816
S6,aroma,71.9,64.97604720123816,6.923952798761846,-6.923952798761846
S7,aroma,72.5,67.25119146608243,5.248808533917568,-5.248808533917568
S7,aroma,71.2,67.25119146608243,3.948808533917571,-3.948808533917571
S7,aroma,100.0,67.25119146608243,32.74880853391757,-32.74880853391757
S7,aroma,80.1,67.25119146608243,12.848808533917563,-12.848808533917563
S7,aroma,80.0,67.25119146608243,12.748808533917568,-12.748808533917568
S7,aroma,82.5,67.25119146608243,15.248808533917568,-15.248808533917568
S7,aroma,62.9,67.25119146608243,4.351191466082433,4.351191466082433
S7,aroma,90.0,67.25119146608243,22.74880853391757,-22.74880853391757
S7,aroma,90.0,67.25119146608243,22.74880853391757,-22.74880853391757
S7,aroma,60.7,67.25119146608243,6.551191466082429,6.551191466082429
S7,aroma,90.0,67.25119146608243,22.74880853391757,-22.74880853391757
S7,aroma,77.1,67.25119146608243,9.848808533917563,-9.848808533917563
S7,aroma,100.0,67.25119146608243,32.74880853391757,-32.74880853391757
S7,aroma,50.0,67.25119146608243,17.25119146608243,17.25119146608243
S7,aroma,71.8,67.25119146608243,4.5488085339175655,-4.5488085339175655
S7,aroma,99.1,67.25119146608243,31.848808533917563,-31.848808533917563
S7,aroma,80.19999999999999,67.25119146608243,12.948808533917557,-12.948808533917557
S7,aroma,80.0,67.25119146608243,12.748808533917568,-12.748808533917568
S7,aroma,62.9,67.25119146608243,4.351191466082433,4.351191466082433
S7,aroma,67.30000000000001,67.25119146608243,0.048808533917579666,-0.048808533917579666
S8,aroma,65.4,69.08284904352102,3.682849043521017,3.682849043521017
S8,aroma,68.1,69.08284904352102,0.9828490435210284,0.9828490435210284
S8,aroma,40.0,69.08284904352102,29.082849043521023,29.082849043521023
S8,aroma,71.9,69.08284904352102,2.817150956478983,-2.817150956478983
S8,aroma,50.0,69.08284904352102,19.082849043521023,19.082849043521023
S8,aroma,64.6,69.08284904352102,4.482849043521028,4.482849043521028
S8,aroma,50.0,69.08284904352102,19.082849043521023,19.082849043521023
S8,aroma,70.0,69.08284904352102,0.9171509564789773,-0.9171509564789773
S8,aroma,69.9,69.08284904352102,0.817150956478983,-0.817150956478983
S8,aroma,80.0,69.08284904352102,10.917150956478977,-10.917150956478977
S8,aroma,90.0,69.08284904352102,20.917150956478977,-20.917150956478977
S8,aroma,100.0,69.08284904352102,30.917150956478977,-30.917150956478977
S8,aroma,70.19999999999999,69.08284904352102,1.117150956478966,-1.117150956478966
S8,aroma,90.0,69.08284904352102,20.917150956478977,-20.917150956478977
S8,aroma,69.9,69.08284904352102,0.817150956478983,-0.817150956478983
S8,aroma,74.4,69.08284904352102,5.317150956478983,-5.317150956478983
S8,aroma,70.0,69.08284904352102,0.9171509564789773,-0.9171509564789773
S8,aroma,84.60000000000001,69.08284904352102,15.517150956478986,-15.517150956478986
S8,aroma,65.0,69.08284904352102,4.082849043521023,4.082849043521023
S8,aroma,50.0,69.08284904352102,19.082849043521023,19.082849043521023
S9,aroma,61.4,75.82547177371704,14.425471773717042,14.425471773717042
S9,aroma,81.1,75.82547177371704,5.274528226282953,-5.274528226282953
S9,aroma,60.0,75.82547177371704,15.825471773717041,15.825471773717041
S9,aroma,50.0,75.82547177371704,25.82547177371704,25.82547177371704
S9,aroma,79.4,75.82547177371704,3.5745282262829647,-3.5745282262829647
S9,aroma,50.0,75.82547177371704,25.82547177371704,25.82547177371704
S9,aroma,90.1,75.82547177371704,14.274528226282953,-14.274528226282953
S9,aroma,80.0,75.82547177371704,4.174528226282959,-4.174528226282959
S9,aroma,70.0,75.82547177371704,5.825471773717041,5.825471773717041
S9,aroma,90.0,75.82547177371704,14.174528226282959,-14.174528226282959
S9,aroma,42.8,75.82547177371704,33.025471773717044,33.025471773717044
S9,aroma,84.60000000000001,75.82547177371704,8.774528226282968,-8.774528226282968
S9,aroma,64.9,75.82547177371704,10.925471773717035,10.925471773717035
S9,aroma,99.1,75.82547177371704,23.274528226282953,-23.274528226282953
S9,aroma,73.8,75.82547177371704,2.025471773717044,2.025471773717044
S9,aroma,68.1,75.82547177371704,7.725471773717047,7.725471773717047
S9,aroma,75.5,75.82547177371704,0.32547177371704095,0.32547177371704095
S9,aroma,80.9,75.82547177371704,5.074528226282965,-5.074528226282965
S9,aroma,99.6,75.82547177371704,23.774528226282953,-23.774528226282953
S9,aroma,75.3,75.82547177371704,0.5254717737170438,0.5254717737170438
S10,aroma,64.5,61.75827259800891,2.741727401991092,-2.741727401991092
S10,aroma,55.0,61.75827259800891,6.758272598008908,6.758272598008908
S10,aroma,63.0,61.75827259800891,1.241727401991092,-1.241727401991092
S10,aroma,70.0,61.75827259800891,8.241727401991092,-8.241727401991092
S10,aroma,94.3,61.75827259800891,32.54172740199109,-32.54172740199109
S10,aroma,30.0,61.75827259800891,31.758272598008908,31.758272598008908
S10,aroma,82.2,61.75827259800891,20.441727401991095,-20.441727401991095
S10,aroma,94.3,61.75827259800891,32.54172740199109,-32.54172740199109
S10,aroma,63.3,61.75827259800891,1.5417274019910892,-1.5417274019910892
S10,aroma,70.19999999999999,61.75827259800891,8.44172740199108,-8.44172740199108
S10,aroma,60.6,61.75827259800891,1.1582725980089066,1.1582725980089066
S10,aroma,67.2,61.75827259800891,5.441727401991095,-5.441727401991095
S10,aroma,63.1,61.75827259800891,1.3417274019910934,-1.3417274019910934
S10,aroma,82.0,61.75827259800891,20.241727401991092,-20.241727401991092
S10,aroma,64.327,61.75827259800891,2.56872740199109,-2.56872740199109
S10,aroma,75.19999999999999,61.75827259800891,13.44172740199108,-13.44172740199108
S10,aroma,70.0,61.75827259800891,8.241727401991092,-8.241727401991092
S10,aroma,70.0,61.75827259800891,8.241727401991092,-8.241727401991092
S10,aroma,80.7,61.75827259800891,18.941727401991095,-18.941727401991095
S10,aroma,70.0,61.75827259800891,8.241727401991092,-8.241727401991092
S11,aroma,55.7,63.3625587634582,7.6625587634582,7.6625587634582
S11,aroma,50.0,63.3625587634582,13.362558763458203,13.362558763458203
S11,aroma,40.0,63.3625587634582,23.362558763458203,23.362558763458203
S11,aroma,62.9,63.3625587634582,0.4625587634582047,0.4625587634582047
S11,aroma,82.8,63.3625587634582,19.437441236541794,-19.437441236541794
S11,aroma,68.0,63.3625587634582,4.637441236541797,-4.637441236541797
S11,aroma,79.1,63.3625587634582,15.737441236541791,-15.737441236541791
S11,aroma,77.0,63.3625587634582,13.637441236541797,-13.637441236541797
S11,aroma,70.0,63.3625587634582,6.637441236541797,-6.637441236541797
S11,aroma,80.39999999999999,63.3625587634582,17.037441236541788,-17.037441236541788
S11,aroma,64.2,63.3625587634582,0.8374412365417996,-0.8374412365417996
S11,aroma,61.2,63.3625587634582,2.1625587634582004,2.1625587634582004
S11,aroma,24.3,63.3625587634582,39.0625587634582,39.0625587634582
S11,aroma,54.3,63.3625587634582,9.062558763458206,9.062558763458206
S11,aroma,40.1,63.3625587634582,23.262558763458202,23.262558763458202
S11,aroma,81.89999999999999,63.3625587634582,18.537441236541788,-18.537441236541788
S11,aroma,42.1,63.3625587634582,21.262558763458202,21.262558763458202
S11,aroma,70.6,63.3625587634582,7.237441236541791,-7.237441236541791
S11,aroma,25.8,63.3625587634582,37.5625587634582,37.5625587634582
S11,aroma,69.4,63.3625587634582,6.037441236541802,-6.037441236541802
S12,aroma,76.0,72.50076959896155,3.499230401038446,-3.499230401038446
S12,aroma,65.0,72.50076959896155,7.500769598961554,7.500769598961554
S12,aroma,60.0,72.50076959896155,12.500769598961554,12.500769598961554
S12,aroma,90.7,72.50076959896155,18.19923040103845,-18.19923040103845
S12,aroma,54.6,72.50076959896155,17.900769598961553,17.900769598961553
S12,aroma,50.0,72.50076959896155,22.500769598961554,22.500769598961554
S12,aroma,88.2,72.50076959896155,15.699230401038449,-15.699230401038449
S12,aroma,75.19999999999999,72.50076959896155,2.6992304010384345,-2.6992304010384345
S12,aroma,78.2,72.50076959896155,5.699230401038449,-5.699230401038449
S12,aroma,80.0,72.50076959896155,7.499230401038446,-7.499230401038446
S12,aroma,80.19999999999999,72.50076959896155,7.6992304010384345,-7.6992304010384345
S12,aroma,76.0,72.50076959896155,3.499230401038446,-3.499230401038446
S12,aroma,67.30000000000001,72.50076959896155,5.200769598961543,5.200769598961543
S12,aroma,95.9,72.50076959896155,23.39923040103845,-23.39923040103845
S12,aroma,89.7,72.50076959896155,17.19923040103845,-17.19923040103845
S12,aroma,55.7,72.50076959896155,16.80076959896155,16.80076959896155
S12,aroma,74.9,72.50076959896155,2.3992304010384515,-2.3992304010384515
S12,aroma,88.2,72.50076959896155,15.699230401038449,-15.699230401038449
S12,aroma,70.0,72.50076959896155,2.500769598961554,2.500769598961554
S12,aroma,82.8,72.50076959896155,10.299230401038443,-10.299230401038443
S13,aroma,62.1,72.17616870165254,10.076168701652541,10.076168701652541
S13,aroma,50.0,72.17616870165254,22.176168701652543,22.176168701652543
S13,aroma,77.8,72.17616870165254,5.623831298347454,-5.623831298347454
S13,aroma,50.0,72.17616870165254,22.176168701652543,22.176168701652543
S13,aroma,61.3,72.17616870165254,10.876168701652546,10.876168701652546
S13,aroma,50.0,72.17616870165254,22.176168701652543,22.176168701652543
S13,aroma,62.1,72.17616870165254,10.076168701652541,10.076168701652541
S13,aroma,80.0,72.17616870165254,7.823831298347457,-7.823831298347457
S13,aroma,67.2,72.17616870165254,4.97616870165254,4.97616870165254
S13,aroma,95.0,72.17616870165254,22.823831298347457,-22.823831298347457
S13,aroma,68.1,72.17616870165254,4.0761687016525485,4.0761687016525485
S13,aroma,81.1,72.17616870165254,8.923831298347451,-8.923831298347451
S13,aroma,83.69999999999999,72.17616870165254,11.523831298347446,-11.523831298347446
S13,aroma,90.0,72.17616870165254,17.823831298347457,-17.823831298347457
S13,aroma,64.3,72.17616870165254,7.876168701652546,7.876168701652546
S13,aroma,80.0,72.17616870165254,7.823831298347457,-7.823831298347457
S13,aroma,70.8,72.17616870165254,1.3761687016525457,1.3761687016525457
S13,aroma,80.0,72.17616870165254,7.823831298347457,-7.823831298347457
S13,aroma,62.0,72.17616870165254,10.176168701652543,10.176168701652543
S13,aroma,66.0,72.17616870165254,6.176168701652543,6.176168701652543
S14,aroma,65.7,73.67188035568235,7.9718803556823445,7.9718803556823445
S14,aroma,80.0,73.67188035568235,6.328119644317653,-6.328119644317653
S14,aroma,100.0,73.67188035568235,26.328119644317653,-26.328119644317653
S14,aroma,60.0,73.67188035568235,13.671880355682347,13.671880355682347
S14,aroma,59.7,73.67188035568235,13.971880355682345,13.971880355682345
S14,aroma,90.0,73.67188035568235,16.328119644317653,-16.328119644317653
S14,aroma,80.5,73.67188035568235,6.828119644317653,-6.828119644317653
S14,aroma,70.0,73.67188035568235,3.6718803556823474,3.6718803556823474
S14,aroma,90.0,73.67188035568235,16.328119644317653,-16.328119644317653
S14,aroma,79.2,73.67188035568235,5.5281196443176555,-5.5281196443176555
S14,aroma,90.0,73.67188035568235,16.328119644317653,-16.328119644317653
S14,aroma,70.0,73.67188035568235,3.6718803556823474,3.6718803556823474
S14,aroma,79.1,73.67188035568235,5.428119644317647,-5.428119644317647
S14,aroma,66.3,73.67188035568235,7.37188035568235,7.37188035568235
S14,aroma,65.8,73.67188035568235,7.87188035568235,7.87188035568235
S14,aroma,54.1,73.67188035568235,19.571880355682346,19.571880355682346
S14,aroma,70.0,73.67188035568235,3.6718803556823474,3.6718803556823474
S14,aroma,64.0,73.67188035568235,9.671880355682347,9.671880355682347
S14,aroma,80.5,73.67188035568235,6.828119644317653,-6.828119644317653
S14,aroma,50.0,73.67188035568235,23.671880355682347,23.671880355682347
S15,aroma,82.5,74.86357731077155,7.6364226892284535,-7.6364226892284535
S15,aroma,70.3,74.86357731077155,4.563577310771549,4.563577310771549
S15,aroma,84.5,74.86357731077155,9.636422689228453,-9.636422689228453
S15,aroma,89.39999999999999,74.86357731077155,14.536422689228445,-14.536422689228445
S15,aroma,80.0,74.86357731077155,5.1364226892284535,-5.1364226892284535
S15,aroma,82.5,74.86357731077155,7.6364226892284535,-7.6364226892284535
S15,aroma,80.0,74.86357731077155,5.1364226892284535,-5.1364226892284535
S15,aroma,92.9,74.86357731077155,18.03642268922846,-18.03642268922846
S15,aroma,96.2,74.86357731077155,21.336422689228456,-21.336422689228456
S15,aroma,90.0,74.86357731077155,15.136422689228453,-15.136422689228453
S15,aroma,80.0,74.86357731077155,5.1364226892284535,-5.1364226892284535
S15,aroma,70.0,74.86357731077155,4.8635773107715465,4.8635773107715465
S15,aroma,81.6,74.86357731077155,6.736422689228448,-6.736422689228448
S15,aroma,82.5,74.86357731077155,7.6364226892284535,-7.6364226892284535
S15,aroma,79.5,74.86357731077155,4.6364226892284535,-4.6364226892284535
S15,aroma,100.0,74.86357731077155,25.136422689228453,-25.136422689228453
S15,aroma,94.7,74.86357731077155,19.836422689228456,-19.836422689228456
S15,aroma,66.6,74.86357731077155,8.263577310771552,8.263577310771552
S15,aroma,98.0,74.86357731077155,23.136422689228453,-23.136422689228453
S15,aroma,70.0,74.86357731077155,4.8635773107715465,4.8635773107715465
S16,aroma,80.0,81.01451352982794,1.014513529827937,1.014513529827937
S16,aroma,71.9,81.01451352982794,9.114513529827931,9.114513529827931
S16,aroma,50.0,81.01451352982794,31.014513529827937,31.014513529827937
S16,aroma,82.10000000000001,81.01451352982794,1.0854864701720714,-1.0854864701720714
S16,aroma,80.0,81.01451352982794,1.014513529827937,1.014513529827937
S16,aroma,70.0,81.01451352982794,11.014513529827937,11.014513529827937
S16,aroma,80.7,81.01451352982794,0.31451352982793424,0.31451352982793424
S16,aroma,70.0,81.01451352982794,11.014513529827937,11.014513529827937
S16,aroma,80.0,81.01451352982794,1.014513529827937,1.014513529827937
S16,aroma,96.7,81.01451352982794,15.685486470172066,-15.685486470172066
S16,aroma,50.0,81.01451352982794,31.014513529827937,31.014513529827937
S16,aroma,90.0,81.01451352982794,8.985486470172063,-8.985486470172063
S16,aroma,70.0,81.01451352982794,11.014513529827937,11.014513529827937
S16,aroma,60.0,81.01451352982794,21.014513529827937,21.014513529827937
S16,aroma,100.0,81.01451352982794,18.985486470172063,-18.985486470172063
S16,aroma,100.0,81.01451352982794,18.985486470172063,-18.985486470172063
S16,aroma,90.0,81.01451352982794,8.985486470172063,-8.985486470172063
S16,aroma,93.7,81.01451352982794,12.685486470172066,-12.685486470172066
S16,aroma,90.0,81.01451352982794,8.985486470172063,-8.985486470172063
S16,aroma,97.9,81.01451352982794,16.88548647017207,-16.88548647017207
S17,aroma,60.0,72.54036689291542,12.540366892915415,12.540366892915415
S17,aroma,64.9,72.54036689291542,7.640366892915409,7.640366892915409
S17,aroma,70.1,72.54036689291542,2.4403668929154207,2.4403668929154207
S17,aroma,32.1,72.54036689291542,40.440366892915414,40.440366892915414
S17,aroma,50.0,72.54036689291542,22.540366892915415,22.540366892915415
S17,aroma,88.5,72.54036689291542,15.959633107084585,-15.959633107084585
S17,aroma,50.0,72.54036689291542,22.540366892915415,22.540366892915415
S17,aroma,35.0,72.54036689291542,37.540366892915415,37.540366892915415
S17,aroma,82.0,72.54036689291542,9.459633107084585,-9.459633107084585
S17,aroma,71.10000000000001,72.54036689291542,1.4403668929154065,1.4403668929154065
S17,aroma,62.7,72.54036689291542,9.840366892915412,9.840366892915412
S17,aroma,73.3,72.54036689291542,0.7596331070845821,-0.7596331070845821
S17,aroma,56.6,72.54036689291542,15.940366892915414,15.940366892915414
S17,aroma,58.6,72.54036689291542,13.940366892915414,13.940366892915414
S17,aroma,60.0,72.54036689291542,12.540366892915415,12.540366892915415
S17,aroma,82.5,72.54036689291542,9.959633107084585,-9.959633107084585
S17,aroma,71.10000000000001,72.54036689291542,1.4403668929154065,1.4403668929154065
S17,aroma,60.0,72.54036689291542,12.540366892915415,12.540366892915415
S17,aroma,46.900000000000006,72.54036689291542,25.64036689291541,25.64036689291541
S17,aroma,66.0,72.54036689291542,6.540366892915415,6.540366892915415
S18,aroma,72.5,75.82526259399333,3.3252625939933296,3.3252625939933296
S18,aroma,70.0,75.82526259399333,5.82526259399333,5.82526259399333
S18,aroma,97.1,75.82526259399333,21.274737406006665,-21.274737406006665
S18,aroma,80.0,75.82526259399333,4.17473740600667,-4.17473740600667
S18,aroma,72.5,75.82526259399333,3.3252625939933296,3.3252625939933296
S18,aroma,55.3,75.82526259399333,20.525262593993332,20.525262593993332
S18,aroma,70.0,75.82526259399333,5.82526259399333,5.82526259399333
S18,aroma,80.0,75.82526259399333,4.17473740600667,-4.17473740600667
S18,aroma,78.0,75.82526259399333,2.1747374060066704,-2.1747374060066704
S18,aroma,80.0,75.82526259399333,4.17473740600667,-4.17473740600667
S18,aroma,74.3,75.82526259399333,1.5252625939933324,1.5252625939933324
S18,aroma,95.3,75.82526259399333,19.474737406006668,-19.474737406006668
S18,aroma,88.5,75.82526259399333,12.67473740600667,-12.67473740600667
S18,aroma,70.0,75.82526259399333,5.82526259399333,5.82526259399333
S18,aroma,65.6,75.82526259399333,10.225262593993335,10.225262593993335
S18,aroma,99.7,75.82526259399333,23.874737406006673,-23.874737406006673
S18,aroma,70.0,75.82526259399333,5.82526259399333,5.82526259399333
S18,aroma,70.0,75.82526259399333,5.82526259399333,5.82526259399333
S18,aroma,64.9,75.82526259399333,10.925262593993324,10.925262593993324
S18,aroma,86.0,75.82526259399333,10.17473740600667,-10.17473740600667
S19,aroma,73.7,74.1249208640816,0.42492086408159935,0.42492086408159935
S19,aroma,97.3,74.1249208640816,23.175079135918395,-23.175079135918395
S19,aroma,62.7,74.1249208640816,11.4249208640816,11.4249208640816
S19,aroma,94.3,74.1249208640816,20.175079135918395,-20.175079135918395
S19,aroma,84.3,74.1249208640816,10.175079135918395,-10.175079135918395
S19,aroma,89.39999999999999,74.1249208640816,15.27507913591839,-15.27507913591839
S19,aroma,73.75,74.1249208640816,0.3749208640816022,0.3749208640816022
S19,aroma,99.2,74.1249208640816,25.0750791359184,-25.0750791359184
S19,aroma,99.4,74.1249208640816,25.275079135918403,-25.275079135918403
S19,aroma,90.0,74.1249208640816,15.875079135918398,-15.875079135918398
S19,aroma,74.3,74.1249208640816,0.17507913591839497,-0.17507913591839497
S19,aroma,79.2,74.1249208640816,5.075079135918401,-5.075079135918401
S19,aroma,75.4,74.1249208640816,1.2750791359184035,-1.2750791359184035
S19,aroma,81.7,74.1249208640816,7.575079135918401,-7.575079135918401
S19,aroma,54.3,74.1249208640816,19.824920864081605,19.824920864081605
S19,aroma,80.0,74.1249208640816,5.875079135918398,-5.875079135918398
S19,aroma,67.5,74.1249208640816,6.624920864081602,6.624920864081602
S19,aroma,93.3,74.1249208640816,19.175079135918395,-19.175079135918395
S19,aroma,85.3,74.1249208640816,11.175079135918395,-11.175079135918395
S19,aroma,50.0,74.1249208640816,24.124920864081602,24.124920864081602
S20,aroma,82.0,78.11551798720562,3.884482012794379,-3.884482012794379
S20,aroma,100.0,78.11551798720562,21.88448201279438,-21.88448201279438
S20,aroma,100.0,78.11551798720562,21.88448201279438,-21.88448201279438
S20,aroma,60.0,78.11551798720562,18.11551798720562,18.11551798720562
S20,aroma,96.3,78.11551798720562,18.184482012794376,-18.184482012794376
S20,aroma,81.6,78.11551798720562,3.4844820127943734,-3.4844820127943734
S20,aroma,82.0,78.11551798720562,3.884482012794379,-3.884482012794379
S20,aroma,82.0,78.11551798720562,3.884482012794379,-3.884482012794379
S20,aroma,90.0,78.11551798720562,11.884482012794379,-11.884482012794379
S20,aroma,90.0,78.11551798720562,11.884482012794379,-11.884482012794379
S20,aroma,79.2,78.11551798720562,1.084482012794382,-1.084482012794382
S20,aroma,87.0,78.11551798720562,8.884482012794379,-8.884482012794379
S20,aroma,70.0,78.11551798720562,8.115517987205621,8.115517987205621
S20,aroma,80.0,78.11551798720562,1.884482012794379,-1.884482012794379
S20,aroma,100.0,78.11551798720562,21.88448201279438,-21.88448201279438
S20,aroma,90.2,78.11551798720562,12.084482012794382,-12.084482012794382
S20,aroma,82.69999999999999,78.11551798720562,4.584482012794368,-4.584482012794368
S20,aroma,82.0,78.11551798720562,3.884482012794379,-3.884482012794379
S20,aroma,60.5,78.11551798720562,17.61551798720562,17.61551798720562
S20,aroma,92.8,78.11551798720562,14.684482012794376,-14.684482012794376
S21,aroma,70.0,78.58377601590226,8.58377601590226,8.58377601590226
S21,aroma,82.10000000000001,78.58377601590226,3.516223984097749,-3.516223984097749
S21,aroma,70.0,78.58377601590226,8.58377601590226,8.58377601590226
S21,aroma,86.0,78.58377601590226,7.416223984097741,-7.416223984097741
S21,aroma,64.80000000000001,78.58377601590226,13.783776015902248,13.783776015902248
S21,aroma,80.0,78.58377601590226,1.4162239840977406,-1.4162239840977406
S21,aroma,77.1,78.58377601590226,1.483776015902265,1.483776015902265
S21,aroma,69.2,78.58377601590226,9.383776015902257,9.383776015902257
S21,aroma,90.0,78.58377601590226,11.41622398409774,-11.41622398409774
S21,aroma,90.7,78.58377601590226,12.116223984097743,-12.116223984097743
S21,aroma,60.7,78.58377601590226,17.883776015902257,17.883776015902257
S21,aroma,64.3,78.58377601590226,14.283776015902262,14.283776015902262
S21,aroma,80.0,78.58377601590226,1.4162239840977406,-1.4162239840977406
S21,aroma,87.30000000000001,78.58377601590226,8.716223984097752,-8.716223984097752
S21,aroma,88.0,78.58377601590226,9.41622398409774,-9.41622398409774
S21,aroma,64.80000000000001,78.58377601590226,13.783776015902248,13.783776015902248
S21,aroma,94.6,78.58377601590226,16.016223984097735,-16.016223984097735
S21,aroma,60.0,78.58377601590226,18.58377601590226,18.58377601590226
S21,aroma,94.1,78.58377601590226,15.516223984097735,-15.516223984097735
S21,aroma,69.0,78.58377601590226,9.58377601590226,9.58377601590226
S22,aroma,80.0,83.2536061891587,3.2536061891587025,3.2536061891587025
S22,aroma,70.0,83.2536061891587,13.253606189158702,13.253606189158702
S22,aroma,89.7,83.2536061891587,6.4463938108413,-6.4463938108413
S22,aroma,80.0,83.2536061891587,3.2536061891587025,3.2536061891587025
S22,aroma,80.7,83.2536061891587,2.5536061891586996,2.5536061891586996
S22,aroma,80.0,83.2536061891587,3.2536061891587025,3.2536061891587025
S22,aroma,82.89999999999999,83.2536061891587,0.353606189158711,0.353606189158711
S22,aroma,70.0,83.2536061891587,13.253606189158702,13.253606189158702
S22,aroma,80.0,83.2536061891587,3.2536061891587025,3.2536061891587025
S22,aroma,46.7,83.2536061891587,36.5536061891587,36.5536061891587
S22,aroma,94.3,83.2536061891587,11.046393810841295,-11.046393810841295
S22,aroma,90.0,83.2536061891587,6.7463938108412975,-6.7463938108412975
S22,aroma,64.9,83.2536061891587,18.353606189158697,18.353606189158697
S22,aroma,78.7,83.2536061891587,4.5536061891587,4.5536061891587
S22,aroma,67.30000000000001,83.2536061891587,15.953606189158691,15.953606189158691
S22,aroma,80.0,83.2536061891587,3.2536061891587025,3.2536061891587025
S22,aroma,72.5,83.2536061891587,10.753606189158702,10.753606189158702
S22,aroma,97.6,83.2536061891587,14.346393810841292,-14.346393810841292
S22,aroma,88.9,83.2536061891587,5.646393810841303,-5.646393810841303
S22,aroma,70.0,83.2536061891587,13.253606189158702,13.253606189158702
S23,aroma,86.0,79.25075776010918,6.749242239890819,-6.749242239890819
S23,aroma,60.0,79.25075776010918,19.25075776010918,19.25075776010918
S23,aroma,90.0,79.25075776010918,10.749242239890819,-10.749242239890819
S23,aroma,67.8,79.25075776010918,11.450757760109184,11.450757760109184
S23,aroma,80.0,79.25075776010918,0.749242239890819,-0.749242239890819
S23,aroma,76.0,79.25075776010918,3.250757760109181,3.250757760109181
S23,aroma,80.0,79.25075776010918,0.749242239890819,-0.749242239890819
S23,aroma,95.4,79.25075776010918,16.149242239890825,-16.149242239890825
S23,aroma,90.0,79.25075776010918,10.749242239890819,-10.749242239890819
S23,aroma,93.1,79.25075776010918,13.849242239890813,-13.849242239890813
S23,aroma,92.7,79.25075776010918,13.449242239890822,-13.449242239890822
S23,aroma,60.0,79.25075776010918,19.25075776010918,19.25075776010918
S23,aroma,68.5,79.25075776010918,10.750757760109181,10.750757760109181
S23,aroma,80.0,79.25075776010918,0.749242239890819,-0.749242239890819
S23,aroma,70.19999999999999,79.25075776010918,9.050757760109192,9.050757760109192
S23,aroma,94.2,79.25075776010918,14.949242239890822,-14.949242239890822
S23,aroma,57.3,79.25075776010918,21.950757760109184,21.950757760109184
S23,aroma,84.5,79.25075776010918,5.249242239890819,-5.249242239890819
S23,aroma,86.1,79.25075776010918,6.849242239890813,-6.849242239890813
S23,aroma,74.3,79.25075776010918,4.950757760109184,4.950757760109184
S24,aroma,79.3,80.33727822019567,1.0372782201956738,1.0372782201956738
S24,aroma,70.6,80.33727822019567,9.737278220195677,9.737278220195677
S24,aroma,80.0,80.33727822019567,0.337278220195671,0.337278220195671
S24,aroma,80.0,80.33727822019567,0.337278220195671,0.337278220195671
S24,aroma,64.3,80.33727822019567,16.037278220195674,16.037278220195674
S24,aroma,70.0,80.33727822019567,10.337278220195671,10.337278220195671
S24,aroma,80.0,80.33727822019567,0.337278220195671,0.337278220195671
S24,aroma,100.0,80.33727822019567,19.66272177980433,-19.66272177980433
S24,aroma,79.0,80.33727822019567,1.337278220195671,1.337278220195671
S24,aroma,90.0,80.33727822019567,9.662721779804329,-9.662721779804329
S24,aroma,71.2,80.33727822019567,9.137278220195668,9.137278220195668
S24,aroma,79.3,80.33727822019567,1.0372782201956738,1.0372782201956738
S24,aroma,80.0,80.33727822019567,0.337278220195671,0.337278220195671
S24,aroma,91.3,80.33727822019567,10.962721779804326,-10.962721779804326
S24,aroma,60.0,80.33727822019567,20.33727822019567,20.33727822019567
S24,aroma,90.0,80.33727822019567,9.662721779804329,-9.662721779804329
S24,aroma,70.0,80.33727822019567,10.337278220195671,10.337278220195671
S24,aroma,80.0,80.33727822019567,0.337278220195671,0.337278220195671
S24,aroma,100.0,80.33727822019567,19.66272177980433,-19.66272177980433
S24,aroma,90.0,80.33727822019567,9.662721779804329,-9.662721779804329
S25,aroma,55.7,69.65879553998414,13.958795539984138,13.958795539984138
S25,aroma,30.0,69.65879553998414,39.65879553998414,39.65879553998414
S25,aroma,57.3,69.65879553998414,12.358795539984143,12.358795539984143
S25,aroma,58.8,69.65879553998414,10.858795539984143,10.858795539984143
S25,aroma,70.0,69.65879553998414,0.34120446001585947,-0.34120446001585947
S25,aroma,55.7,69.65879553998414,13.958795539984138,13.958795539984138
S25,aroma,60.3,69.65879553998414,9.358795539984143,9.358795539984143
S25,aroma,54.900000000000006,69.65879553998414,14.758795539984135,14.758795539984135
S25,aroma,50.0,69.65879553998414,19.65879553998414,19.65879553998414
S25,aroma,87.8,69.65879553998414,18.141204460015857,-18.141204460015857
S25,aroma,82.2,69.65879553998414,12.541204460015862,-12.541204460015862
S25,aroma,50.0,69.65879553998414,19.65879553998414,19.65879553998414
S25,aroma,78.1,69.65879553998414,8.441204460015854,-8.441204460015854
S25,aroma,80.19999999999999,69.65879553998414,10.541204460015848,-10.541204460015848
S25,aroma,55.7,69.65879553998414,13.958795539984138,13.958795539984138
S25,aroma,68.2,69.65879553998414,1.4587955399841377,1.4587955399841377
S25,aroma,36.6,69.65879553998414,33.05879553998414,33.05879553998414
S25,aroma,60.0,69.65879553998414,9.65879553998414,9.65879553998414
S25,aroma,82.69999999999999,69.65879553998414,13.041204460015848,-13.041204460015848
S25,aroma,60.3,69.65879553998414,9.358795539984143,9.358795539984143
S26,aroma,55.7,55.79607440826415,0.09607440826414404,0.09607440826414404
S26,aroma,30.0,55.79607440826415,25.796074408264147,25.796074408264147
S26,aroma,50.0,55.79607440826415,5.796074408264147,5.796074408264147
S26,aroma,51.0,55.79607440826415,4.796074408264147,4.796074408264147
S26,aroma,61.8,55.79607440826415,6.00392559173585,-6.00392559173585
S26,aroma,55.7,55.79607440826415,0.09607440826414404,0.09607440826414404
S26,aroma,60.0,55.79607440826415,4.203925591735853,-4.203925591735853
S26,aroma,61.7,55.79607440826415,5.903925591735856,-5.903925591735856
S26,aroma,63.3,55.79607440826415,7.50392559173585,-7.50392559173585
S26,aroma,76.10000000000001,55.79607440826415,20.30392559173586,-20.30392559173586
S26,aroma,66.7,55.79607440826415,10.903925591735856,-10.903925591735856
S26,aroma,67.30000000000001,55.79607440826415,11.503925591735864,-11.503925591735864
S26,aroma,60.5,55.79607440826415,4.703925591735853,-4.703925591735853
S26,aroma,55.4,55.79607440826415,0.3960744082641483,0.3960744082641483
S26,aroma,58.8,55.79607440826415,3.0039255917358503,-3.0039255917358503
S26,aroma,91.2,55.79607440826415,35.403925591735856,-35.403925591735856
S26,aroma,75.3,55.79607440826415,19.50392559173585,-19.50392559173585
S26,aroma,89.0,55.79607440826415,33.20392559173585,-33.20392559173585
S26,aroma,80.19999999999999,55.79607440826415,24.40392559173584,-24.40392559173584
S26,aroma,71.3,55.79607440826415,15.50392559173585,-15.50392559173585
S27,aroma,55.7,62.74108101667594,7.041081016675939,7.041081016675939
S27,aroma,60.0,62.74108101667594,2.741081016675942,2.741081016675942
S27,aroma,50.0,62.74108101667594,12.741081016675942,12.741081016675942
S27,aroma,66.6,62.74108101667594,3.8589189833240525,-3.8589189833240525
S27,aroma,60.0,62.74108101667594,2.741081016675942,2.741081016675942
S27,aroma,61.900000000000006,62.74108101667594,0.8410810166759362,0.8410810166759362
S27,aroma,38.2,62.74108101667594,24.54108101667594,24.54108101667594
S27,aroma,60.0,62.74108101667594,2.741081016675942,2.741081016675942
S27,aroma,50.0,62.74108101667594,12.741081016675942,12.741081016675942
S27,aroma,74.0,62.74108101667594,11.258918983324058,-11.258918983324058
S27,aroma,80.5,62.74108101667594,17.758918983324058,-17.758918983324058
S27,aroma,91.2,62.74108101667594,28.45891898332406,-28.45891898332406
S27,aroma,70.7,62.74108101667594,7.958918983324061,-7.958918983324061
S27,aroma,70.0,62.74108101667594,7.258918983324058,-7.258918983324058
S27,aroma,56.022,62.74108101667594,6.719081016675943,6.719081016675943
S27,aroma,60.0,62.74108101667594,2.741081016675942,2.741081016675942
S27,aroma,73.89999999999999,62.74108101667594,11.15891898332405,-11.15891898332405
S27,aroma,68.1,62.74108101667594,5.3589189833240525,-5.3589189833240525
S27,aroma,51.2,62.74108101667594,11.541081016675939,11.541081016675939
S27,aroma,66.5,62.74108101667594,3.758918983324058,-3.758918983324058
S28,aroma,52.7,64.74626148551701,12.046261485517007,12.046261485517007
S28,aroma,37.1,64.74626148551701,27.64626148551701,27.64626148551701
S28,aroma,50.0,64.74626148551701,14.74626148551701,14.74626148551701
S28,aroma,55.7,64.74626148551701,9.046261485517007,9.046261485517007
S28,aroma,67.2,64.74626148551701,2.4537385144829926,-2.4537385144829926
S28,aroma,56.7,64.74626148551701,8.046261485517007,8.046261485517007
S28,aroma,89.3,64.74626148551701,24.553738514482987,-24.553738514482987
S28,aroma,63.4,64.74626148551701,1.3462614855170116,1.3462614855170116
S28,aroma,50.0,64.74626148551701,14.74626148551701,14.74626148551701
S28,aroma,70.19999999999999,64.74626148551701,5.453738514482978,-5.453738514482978
S28,aroma,72.8,64.74626148551701,8.053738514482987,-8.053738514482987
S28,aroma,80.0,64.74626148551701,15.25373851448299,-15.25373851448299
S28,aroma,76.0,64.74626148551701,11.25373851448299,-11.25373851448299
S28,aroma,77.30000000000001,64.74626148551701,12.553738514483001,-12.553738514483001
S28,aroma,56.022,64.74626148551701,8.724261485517012,8.724261485517012
S28,aroma,50.0,64.74626148551701,14.74626148551701,14.74626148551701
S28,aroma,67.2,64.74626148551701,2.4537385144829926,-2.4537385144829926
S28,aroma,82.5,64.74626148551701,17.75373851448299,-17.75373851448299
S28,aroma,70.0,64.74626148551701,5.25373851448299,-5.25373851448299
S28,aroma,74.3,64.74626148551701,9.553738514482987,-9.553738514482987
S29,aroma,56.7,66.05189902212322,9.35189902212322,9.35189902212322
S29,aroma,32.0,66.05189902212322,34.05189902212322,34.05189902212322
S29,aroma,48.9,66.05189902212322,17.151899022123224,17.151899022123224
S29,aroma,50.0,66.05189902212322,16.051899022123223,16.051899022123223
S29,aroma,45.2,66.05189902212322,20.85189902212322,20.85189902212322
S29,aroma,50.2,66.05189902212322,15.85189902212322,15.85189902212322
S29,aroma,46.900000000000006,66.05189902212322,19.151899022123217,19.151899022123217
S29,aroma,57.3,66.05189902212322,8.751899022123226,8.751899022123226
S29,aroma,54.7,66.05189902212322,11.35189902212322,11.35189902212322
S29,aroma,43.8,66.05189902212322,22.251899022123226,22.251899022123226
S29,aroma,63.9,66.05189902212322,2.1518990221232244,2.1518990221232244
S29,aroma,67.69999999999999,66.05189902212322,1.6481009778767657,-1.6481009778767657
S29,aroma,59.3,66.05189902212322,6.751899022123226,6.751899022123226
S29,aroma,49.7,66.05189902212322,16.35189902212322,16.35189902212322
S29,aroma,60.0,66.05189902212322,6.051899022123223,6.051899022123223
S29,aroma,48.8,66.05189902212322,17.251899022123226,17.251899022123226
S29,aroma,35.9,66.05189902212322,30.151899022123224,30.151899022123224
S29,aroma,60.0,66.05189902212322,6.051899022123223,6.051899022123223
S29,aroma,57.9,66.05189902212322,8.151899022123224,8.151899022123224
S29,aroma,90.0,66.05189902212322,23.948100977876777,-23.948100977876777
S30,aroma,55.7,64.53270867874042,8.832708678740417,8.832708678740417
S30,aroma,60.0,64.53270867874042,4.53270867874042,4.53270867874042
S30,aroma,51.0,64.53270867874042,13.53270867874042,13.53270867874042
S30,aroma,61.0,64.53270867874042,3.53270867874042,3.53270867874042
S30,aroma,59.900000000000006,64.53270867874042,4.632708678740414,4.632708678740414
S30,aroma,55.3,64.53270867874042,9.232708678740423,9.232708678740423
S30,aroma,90.2,64.53270867874042,25.667291321259583,-25.667291321259583
S30,aroma,76.8,64.53270867874042,12.267291321259577,-12.267291321259577
S30,aroma,57.3,64.53270867874042,7.232708678740423,7.232708678740423
S30,aroma,60.5,64.53270867874042,4.03270867874042,4.03270867874042
S30,aroma,63.7,64.53270867874042,0.832708678740417,0.832708678740417
S30,aroma,68.2,64.53270867874042,3.667291321259583,-3.667291321259583
S30,aroma,69.1,64.53270867874042,4.5672913212595745,-4.5672913212595745
S30,aroma,68.2,64.53270867874042,3.667291321259583,-3.667291321259583
S30,aroma,60.0,64.53270867874042,4.53270867874042,4.53270867874042
S30,aroma,69.1,64.53270867874042,4.5672913212595745,-4.5672913212595745
S30,aroma,73.7,64.53270867874042,9.167291321259583,-9.167291321259583
S1,taste,95.2,61.72066208405255,33.479337915947454,-33.479337915947454
S1,taste,60.1,61.72066208405255,1.6206620840525474,1.6206620840525474
S1,taste,67.30000000000001,61.72066208405255,5.5793379159474625,-5.5793379159474625
S1,taste,61.1,61.72066208405255,0.6206620840525474,0.6206620840525474
S1,taste,25.3,61.72066208405255,36.42066208405255,36.42066208405255
S1,taste,60.1,61.72066208405255,1.6206620840525474,1.6206620840525474
S1,taste,49.8,61.72066208405255,11.920662084052552,11.920662084052552
S1,taste,20.0,61.72066208405255,41.72066208405255,41.72066208405255
S1,taste,34.300000000000004,61.72066208405255,27.420662084052545,27.420662084052545
S1,taste,60.0,61.72066208405255,1.7206620840525488,1.7206620840525488
S1,taste,48.5,61.72066208405255,13.220662084052549,13.220662084052549
S1,taste,40.0,61.72066208405255,21.72066208405255,21.72066208405255
S1,taste,51.1,61.72066208405255,10.620662084052547,10.620662084052547
S1,taste,57.0,61.72066208405255,4.720662084052549,4.720662084052549
S1,taste,50.9,61.72066208405255,10.82066208405255,10.82066208405255
S1,taste,64.2,61.72066208405255,2.479337915947454,-2.479337915947454
S1,taste,70.0,61.72066208405255,8.279337915947451,-8.279337915947451
S1,taste,40.2,61.72066208405255,21.520662084052546,21.520662084052546
S1,taste,34.6,61.72066208405255,27.120662084052547,27.120662084052547
S1,taste,70.0,61.72066208405255,8.279337915947451,-8.279337915947451
S2,taste,52.3,54.705173383773165,2.4051733837731675,2.4051733837731675
S2,taste,30.0,54.705173383773165,24.705173383773165,24.705173383773165
S2,taste,51.4,54.705173383773165,3.305173383773166,3.305173383773166
S2,taste,50.0,54.705173383773165,4.705173383773165,4.705173383773165
S2,taste,51.4,54.705173383773165,3.305173383773166,3.305173383773166
S2,taste,80.0,54.705173383773165,25.294826616226835,-25.294826616226835
S2,taste,79.9,54.705173383773165,25.19482661622684,-25.19482661622684
S2,taste,50.0,54.705173383773165,4.705173383773165,4.705173383773165
S2,taste,26.1,54.705173383773165,28.605173383773163,28.605173383773163
S2,taste,68.3,54.705173383773165,13.594826616226833,-13.594826616226833
S2,taste,77.9,54.705173383773165,23.19482661622684,-23.19482661622684
S2,taste,58.3,54.705173383773165,3.5948266162268325,-3.5948266162268325
S2,taste,83.9,54.705173383773165,29.19482661622684,-29.19482661622684
S2,taste,54.49,54.705173383773165,0.21517338377316264,0.21517338377316264
S2,taste,73.1,54.705173383773165,18.39482661622683,-18.39482661622683
S2,taste,61.5,54.705173383773165,6.794826616226835,-6.794826616226835
S2,taste,54.900000000000006,54.705173383773165,0.19482661622684105,-0.19482661622684105
S2,taste,46.7,54.705173383773165,8.005173383773162,8.005173383773162
S2,taste,68.2,54.705173383773165,13.494826616226838,-13.494826616226838
S2,taste,70.0,54.705173383773165,15.294826616226835,-15.294826616226835
S3,taste,74.7,83.51887710725232,8.81887710725232,8.81887710725232
S3,taste,70.0,83.51887710725232,13.518877107252322,13.518877107252322
S3,taste,64.5,83.51887710725232,19.018877107252322,19.018877107252322
S3,taste,75.3,83.51887710725232,8.218877107252325,8.218877107252325
S3,taste,80.0,83.51887710725232,3.5188771072523224,3.5188771072523224
S3,taste,73.0,83.51887710725232,10.518877107252322,10.518877107252322
S3,taste,76.39999999999999,83.51887710725232,7.118877107252331,7.118877107252331
S3,taste,60.0,83.51887710725232,23.518877107252322,23.518877107252322
S3,taste,82.10000000000001,83.51887710725232,1.4188771072523139,1.4188771072523139
S3,taste,80.0,83.51887710725232,3.5188771072523224,3.5188771072523224
S3,taste,60.7,83.51887710725232,22.81887710725232,22.81887710725232
S3,taste,65.8,83.51887710725232,17.718877107252325,17.718877107252325
S3,taste,75.3,83.51887710725232,8.218877107252325,8.218877107252325
S3,taste,80.0,83.51887710725232,3.5188771072523224,3.5188771072523224
S3,taste,80.19999999999999,83.51887710725232,3.3188771072523338,3.3188771072523338
S3,taste,85.19999999999999,83.51887710725232,1.6811228927476662,-1.6811228927476662
S3,taste,70.0,83.51887710725232,13.518877107252322,13.518877107252322
S3,taste,80.0,83.51887710725232,3.5188771072523224,3.5188771072523224
S3,taste,61.2,83.51887710725232,22.31887710725232,22.31887710725232
S3,taste,75.0,83.51887710725232,8.518877107252322,8.518877107252322
S4,taste,71.2,60.12998441370722,11.070015586292783,-11.070015586292783
S4,taste,45.5,60.12998441370722,14.62998441370722,14.62998441370722
S4,taste,50.0,60.12998441370722,10.12998441370722,10.12998441370722
S4,taste,30.0,60.12998441370722,30.12998441370722,30.12998441370722
S4,taste,50.0,60.12998441370722,10.12998441370722,10.12998441370722
S4,taste,83.3,60.12998441370722,23.170015586292777,-23.170015586292777
S4,taste,50.0,60.12998441370722,10.12998441370722,10.12998441370722
S4,taste,63.7,60.12998441370722,3.570015586292783,-3.570015586292783
S4,taste,68.0,60.12998441370722,7.87001558629278,-7.87001558629278
S4,taste,46.4,60.12998441370722,13.729984413707221,13.729984413707221
S4,taste,90.0,60.12998441370722,29.87001558629278,-29.87001558629278
S4,taste,60.0,60.12998441370722,0.12998441370721991,0.12998441370721991
S4,taste,60.0,60.12998441370722,0.12998441370721991,0.12998441370721991
S4,taste,46.7,60.12998441370722,13.429984413707217,13.429984413707217
S4,taste,70.0,60.12998441370722,9.87001558629278,-9.87001558629278
S4,taste,64.7,60.12998441370722,4.570015586292783,-4.570015586292783
S4,taste,69.0,60.12998441370722,8.87001558629278,-8.87001558629278
S4,taste,54.3,60.12998441370722,5.829984413707223,5.829984413707223
S4,taste,78.3,60.12998441370722,18.170015586292777,-18.170015586292777
S4,taste,65.5,60.12998441370722,5.37001558629278,-5.37001558629278
S5,taste,73.0,58.855073590663004,14.144926409336996,-14.144926409336996
S5,taste,80.1,58.855073590663004,21.24492640933699,-21.24492640933699
S5,taste,70.0,58.855073590663004,11.144926409336996,-11.144926409336996
S5,taste,60.0,58.855073590663004,1.1449264093369962,-1.1449264093369962
S5,taste,70.0,58.855073590663004,11.144926409336996,-11.144926409336996
S5,taste,60.0,58.855073590663004,1.1449264093369962,-1.1449264093369962
S5,taste,59.0,58.855073590663004,0.1449264093369962,-0.1449264093369962
S5,taste,67.1,58.855073590663004,8.24492640933699,-8.24492640933699
S5,taste,74.2,58.855073590663004,15.344926409336999,-15.344926409336999
S5,taste,90.0,58.855073590663004,31.144926409336996,-31.144926409336996
S5,taste,64.4,58.855073590663004,5.544926409337002,-5.544926409337002
S5,taste,60.1,58.855073590663004,1.2449264093369976,-1.2449264093369976
S5,taste,60.0,58.855073590663004,1.1449264093369962,-1.1449264093369962
S5,taste,66.10000000000001,58.855073590663004,7.244926409337005,-7.244926409337005
S5,taste,62.400000000000006,58.855073590663004,3.544926409337002,-3.544926409337002
S5,taste,70.0,58.855073590663004,11.144926409336996,-11.144926409336996
S5,taste,97.5,58.855073590663004,38.644926409336996,-38.644926409336996
S5,taste,64.2,58.855073590663004,5.344926409336999,-5.344926409336999
S5,taste,74.5,58.855073590663004,15.644926409336996,-15.644926409336996
S5,taste,70.0,58.855073590663004,11.144926409336996,-11.144926409336996
S6,taste,61.4,57.63390950209892,3.766090497901075,-3.766090497901075
S6,taste,30.0,57.63390950209892,27.633909502098923,27.633909502098923
S6,taste,50.0,57.63390950209892,7.633909502098923,7.633909502098923
S6,taste,61.4,57.63390950209892,3.766090497901075,-3.766090497901075
S6,taste,67.0,57.63390950209892,9.366090497901077,-9.366090497901077
S6,taste,70.3,57.63390950209892,12.666090497901074,-12.666090497901074
S6,taste,41.900000000000006,57.63390950209892,15.733909502098918,15.733909502098918
S6,taste,60.0,57.63390950209892,2.3660904979010766,-2.3660904979010766
S6,taste,79.9,57.63390950209892,22.266090497901082,-22.266090497901082
S6,taste,50.7,57.63390950209892,6.9339095020989205,6.9339095020989205
S6,taste,80.0,57.63390950209892,22.366090497901077,-22.366090497901077
S6,taste,32.3,57.63390950209892,25.333909502098926,25.333909502098926
S6,taste,65.6,57.63390950209892,7.966090497901071,-7.966090497901071
S6,taste,59.1,57.63390950209892,1.466090497901078,-1.466090497901078
S6,taste,64.9,57.63390950209892,7.266090497901082,-7.266090497901082
S6,taste,73.0,57.63390950209892,15.366090497901077,-15.366090497901077
S6,taste,56.0,57.63390950209892,1.6339095020989234,1.6339095020989234
S6,taste,58.3,57.63390950209892,0.6660904979010738,-0.6660904979010738
S6,taste,32.599999999999994,57.63390950209892,25.03390950209893,25.03390950209893
S6,taste,65.5,57.63390950209892,7.866090497901077,-7.866090497901077
S7,taste,72.083333,58.95212284709194,13.131210152908054,-13.131210152908054
S7,taste,50.0,58.95212284709194,8.952122847091943,8.952122847091943
S7,taste,87.6,58.95212284709194,28.647877152908052,-28.647877152908052
S7,taste,71.3,58.95212284709194,12.347877152908055,-12.347877152908055
S7,taste,80.0,58.95212284709194,21.047877152908057,-21.047877152908057
S7,taste,80.0,58.95212284709194,21.047877152908057,-21.047877152908057
S7,taste,50.3,58.95212284709194,8.652122847091945,8.652122847091945
S7,taste,90.0,58.95212284709194,31.047877152908057,-31.047877152908057
S7,taste,80.0,58.95212284709194,21.047877152908057,-21.047877152908057
S7,taste,66.10000000000001,58.95212284709194,7.147877152908066,-7.147877152908066
S7,taste,80.0,58.95212284709194,21.047877152908057,-21.047877152908057
S7,taste,69.7,58.95212284709194,10.74787715290806,-10.74787715290806
S7,taste,50.0,58.95212284709194,8.952122847091943,8.952122847091943
S7,taste,40.0,58.95212284709194,18.952122847091943,18.952122847091943
S7,taste,81.89999999999999,58.95212284709194,22.94787715290805,-22.94787715290805
S7,taste,76.5,58.95212284709194,17.547877152908057,-17.547877152908057
S7,taste,53.3,58.95212284709194,5.652122847091945,5.652122847091945
S7,taste,80.0,58.95212284709194,21.047877152908057,-21.047877152908057
S7,taste,68.2,58.95212284709194,9.24787715290806,-9.24787715290806
S7,taste,66.0,58.95212284709194,7.0478771529080575,-7.0478771529080575
S8,taste,75.4,66.86172844060314,8.538271559396861,-8.538271559396861
S8,taste,55.0,66.86172844060314,11.861728440603144,11.861728440603144
S8,taste,40.7,66.86172844060314,26.16172844060314,26.16172844060314
S8,taste,30.0,66.86172844060314,36.861728440603144,36.861728440603144
S8,taste,60.0,66.86172844060314,6.8617284406031445,6.8617284406031445
S8,taste,84.5,66.86172844060314,17.638271559396856,-17.638271559396856
S8,taste,70.0,66.86172844060314,3.1382715593968555,-3.1382715593968555
S8,taste,80.9,66.86172844060314,14.038271559396861,-14.038271559396861
S8,taste,60.8,66.86172844060314,6.061728440603147,6.061728440603147
S8,taste,77.9,66.86172844060314,11.038271559396861,-11.038271559396861
S8,taste,80.0,66.86172844060314,13.138271559396856,-13.138271559396856
S8,taste,80.0,66.86172844060314,13.138271559396856,-13.138271559396856
S8,taste,93.1,66.86172844060314,26.23827155939685,-26.23827155939685
S8,taste,60.0,66.86172844060314,6.8617284406031445,6.8617284406031445
S8,taste,74.9,66.86172844060314,8.038271559396861,-8.038271559396861
S8,taste,67.2,66.86172844060314,0.3382715593968584,-0.3382715593968584
S8,taste,70.0,66.86172844060314,3.1382715593968555,-3.1382715593968555
S8,taste,80.39999999999999,66.86172844060314,13.538271559396847,-13.538271559396847
S8,taste,89.9,66.86172844060314,23.03827155939686,-23.03827155939686
S8,taste,50.0,66.86172844060314,16.861728440603144,16.861728440603144
S9,taste,82.6,75.00405890702181,7.59594109297818,-7.59594109297818
S9,taste,62.0,75.00405890702181,13.004058907021815,13.004058907021815
S9,taste,60.0,75.00405890702181,15.004058907021815,15.004058907021815
S9,taste,80.0,75.00405890702181,4.995941092978185,-4.995941092978185
S9,taste,66.10000000000001,75.00405890702181,8.904058907021806,8.904058907021806
S9,taste,80.0,75.00405890702181,4.995941092978185,-4.995941092978185
S9,taste,78.1,75.00405890702181,3.0959410929781797,-3.0959410929781797
S9,taste,80.0,75.00405890702181,4.995941092978185,-4.995941092978185
S9,taste,90.0,75.00405890702181,14.995941092978185,-14.995941092978185
S9,taste,85.60000000000001,75.00405890702181,10.595941092978194,-10.595941092978194
S9,taste,60.0,75.00405890702181,15.004058907021815,15.004058907021815
S9,taste,64.7,75.00405890702181,10.304058907021812,10.304058907021812
S9,taste,88.0,75.00405890702181,12.995941092978185,-12.995941092978185
S9,taste,95.6,75.00405890702181,20.59594109297818,-20.59594109297818
S9,taste,70.1,75.00405890702181,4.90405890702182,4.90405890702182
S9,taste,65.9,75.00405890702181,9.104058907021809,9.104058907021809
S9,taste,71.5,75.00405890702181,3.5040589070218147,3.5040589070218147
S9,taste,57.0,75.00405890702181,18.004058907021815,18.004058907021815
S9,taste,73.5,75.00405890702181,1.5040589070218147,1.5040589070218147
S9,taste,65.19999999999999,75.00405890702181,9.804058907021826,9.804058907021826
S10,taste,64.4,59.49489306496582,4.905106935034183,-4.905106935034183
S10,taste,60.0,59.49489306496582,0.5051069350341777,-0.5051069350341777
S10,taste,60.4,59.49489306496582,0.9051069350341763,-0.9051069350341763
S10,taste,70.0,59.49489306496582,10.505106935034178,-10.505106935034178
S10,taste,36.4,59.49489306496582,23.094893064965824,23.094893064965824
S10,taste,70.0,59.49489306496582,10.505106935034178,-10.505106935034178
S10,taste,64.9,59.49489306496582,5.405106935034183,-5.405106935034183
S10,taste,54.900000000000006,59.49489306496582,4.594893064965817,4.594893064965817
S10,taste,45.7,59.49489306496582,13.79489306496582,13.79489306496582
S10,taste,70.0,59.49489306496582,10.505106935034178,-10.505106935034178
S10,taste,52.7,59.49489306496582,6.7948930649658195,6.7948930649658195
S10,taste,63.0,59.49489306496582,3.5051069350341777,-3.5051069350341777
S10,taste,50.0,59.49489306496582,9.494893064965822,9.494893064965822
S10,taste,60.8,59.49489306496582,1.3051069350341749,-1.3051069350341749
S10,taste,48.2,59.49489306496582,11.29489306496582,11.29489306496582
S10,taste,60.1,59.49489306496582,0.6051069350341791,-0.6051069350341791
S10,taste,60.0,59.49489306496582,0.5051069350341777,-0.5051069350341777
S10,taste,30.0,59.49489306496582,29.494893064965822,29.494893064965822
S10,taste,67.1,59.49489306496582,7.605106935034172,-7.605106935034172
S10,taste,70.0,59.49489306496582,10.505106935034178,-10.505106935034178
S11,taste,65.7,55.13586207468627,10.56413792531373,-10.56413792531373
S11,taste,60.0,55.13586207468627,4.864137925313727,-4.864137925313727
S11,taste,50.0,55.13586207468627,5.135862074686273,5.135862074686273
S11,taste,54.3,55.13586207468627,0.8358620746862755,0.8358620746862755
S11,taste,63.1,55.13586207468627,7.964137925313729,-7.964137925313729
S11,taste,60.0,55.13586207468627,4.864137925313727,-4.864137925313727
S11,taste,53.7,55.13586207468627,1.4358620746862698,1.4358620746862698
S11,taste,60.0,55.13586207468627,4.864137925313727,-4.864137925313727
S11,taste,70.0,55.13586207468627,14.864137925313727,-14.864137925313727
S11,taste,50.0,55.13586207468627,5.135862074686273,5.135862074686273
S11,taste,65.9,55.13586207468627,10.764137925313733,-10.764137925313733
S11,taste,55.2,55.13586207468627,0.06413792531373019,-0.06413792531373019
S11,taste,73.89999999999999,55.13586207468627,18.76413792531372,-18.76413792531372
S11,taste,62.9,55.13586207468627,7.764137925313726,-7.764137925313726
S11,taste,70.0,55.13586207468627,14.864137925313727,-14.864137925313727
S11,taste,69.4,55.13586207468627,14.264137925313733,-14.264137925313733
S11,taste,46.900000000000006,55.13586207468627,8.235862074686267,8.235862074686267
S11,taste,80.0,55.13586207468627,24.864137925313727,-24.864137925313727
S11,taste,50.9,55.13586207468627,4.235862074686274,4.235862074686274
S11,taste,82.2,55.13586207468627,27.06413792531373,-27.06413792531373
S12,taste,67.9,63.09981411159368,4.800185888406325,-4.800185888406325
S12,taste,73.5,63.09981411159368,10.40018588840632,-10.40018588840632
S12,taste,60.0,63.09981411159368,3.0998141115936804,3.0998141115936804
S12,taste,88.9,63.09981411159368,25.800185888406325,-25.800185888406325
S12,taste,74.9,63.09981411159368,11.800185888406325,-11.800185888406325
S12,taste,40.0,63.09981411159368,23.09981411159368,23.09981411159368
S12,taste,66.0,63.09981411159368,2.9001858884063196,-2.9001858884063196
S12,taste,71.39999999999999,63.09981411159368,8.300185888406311,-8.300185888406311
S12,taste,89.9,63.09981411159368,26.800185888406325,-26.800185888406325
S12,taste,90.0,63.09981411159368,26.90018588840632,-26.90018588840632
S12,taste,67.1,63.09981411159368,4.000185888406314,-4.000185888406314
S12,taste,67.9,63.09981411159368,4.800185888406325,-4.800185888406325
S12,taste,79.0,63.09981411159368,15.90018588840632,-15.90018588840632
S12,taste,96.9,63.09981411159368,33.800185888406325,-33.800185888406325
S12,taste,76.0,63.09981411159368,12.90018588840632,-12.90018588840632
S12,taste,39.1,63.09981411159368,23.99981411159368,23.99981411159368
S12,taste,57.400000000000006,63.09981411159368,5.699814111593675,5.699814111593675
S12,taste,66.0,63.09981411159368,2.9001858884063196,-2.9001858884063196
S12,taste,60.0,63.09981411159368,3.0998141115936804,3.0998141115936804
S12,taste,71.3,63.09981411159368,8.200185888406317,-8.200185888406317
S13,taste,62.1,66.96118030892123,4.861180308921227,4.861180308921227
S13,taste,40.0,66.96118030892123,26.96118030892123,26.96118030892123
S13,taste,65.9,66.96118030892123,1.061180308921223,1.061180308921223
S13,taste,70.0,66.96118030892123,3.0388196910787713,-3.0388196910787713
S13,taste,58.7,66.96118030892123,8.261180308921226,8.261180308921226
S13,taste,80.0,66.96118030892123,13.038819691078771,-13.038819691078771
S13,taste,71.39999999999999,66.96118030892123,4.438819691078763,-4.438819691078763
S13,taste,90.0,66.96118030892123,23.03881969107877,-23.03881969107877
S13,taste,89.80000000000001,66.96118030892123,22.838819691078783,-22.838819691078783
S13,taste,80.0,66.96118030892123,13.038819691078771,-13.038819691078771
S13,taste,55.0,66.96118030892123,11.961180308921229,11.961180308921229
S13,taste,46.5,66.96118030892123,20.46118030892123,20.46118030892123
S13,taste,71.8,66.96118030892123,4.838819691078768,-4.838819691078768
S13,taste,90.0,66.96118030892123,23.03881969107877,-23.03881969107877
S13,taste,60.0,66.96118030892123,6.961180308921229,6.961180308921229
S13,taste,65.3,66.96118030892123,1.6611803089212316,1.6611803089212316
S13,taste,88.80000000000001,66.96118030892123,21.838819691078783,-21.838819691078783
S13,taste,90.0,66.96118030892123,23.03881969107877,-23.03881969107877
S13,taste,80.7,66.96118030892123,13.738819691078774,-13.738819691078774
S13,taste,64.9,66.96118030892123,2.061180308921223,2.061180308921223
S14,taste,71.7,68.8208626224522,2.8791373775478064,-2.8791373775478064
S14,taste,62.1,68.8208626224522,6.720862622452195,6.720862622452195
S14,taste,75.5,68.8208626224522,6.679137377547804,-6.679137377547804
S14,taste,70.0,68.8208626224522,1.1791373775478036,-1.1791373775478036
S14,taste,60.1,68.8208626224522,8.720862622452195,8.720862622452195
S14,taste,90.0,68.8208626224522,21.179137377547804,-21.179137377547804
S14,taste,64.3,68.8208626224522,4.520862622452199,4.520862622452199
S14,taste,50.0,68.8208626224522,18.820862622452196,18.820862622452196
S14,taste,43.1,68.8208626224522,25.720862622452195,25.720862622452195
S14,taste,70.0,68.8208626224522,1.1791373775478036,-1.1791373775478036
S14,taste,60.0,68.8208626224522,8.820862622452196,8.820862622452196
S14,taste,70.0,68.8208626224522,1.1791373775478036,-1.1791373775478036
S14,taste,74.3,68.8208626224522,5.479137377547801,-5.479137377547801
S14,taste,68.8,68.8208626224522,0.020862622452199275,0.020862622452199275
S14,taste,70.9,68.8208626224522,2.0791373775478093,-2.0791373775478093
S14,taste,74.2,68.8208626224522,5.379137377547806,-5.379137377547806
S14,taste,80.0,68.8208626224522,11.179137377547804,-11.179137377547804
S14,taste,66.2,68.8208626224522,2.6208626224521936,2.6208626224521936
S14,taste,59.6,68.8208626224522,9.220862622452195,9.220862622452195
S14,taste,60.0,68.8208626224522,8.820862622452196,8.820862622452196
S15,taste,80.0,70.26420573353634,9.735794266463657,-9.735794266463657
S15,taste,79.5,70.26420573353634,9.235794266463657,-9.235794266463657
S15,taste,64.1,70.26420573353634,6.164205733536349,6.164205733536349
S15,taste,70.8,70.26420573353634,0.5357942664636539,-0.5357942664636539
S15,taste,80.0,70.26420573353634,9.735794266463657,-9.735794266463657
S15,taste,80.0,70.26420573353634,9.735794266463657,-9.735794266463657
S15,taste,70.0,70.26420573353634,0.26420573353634325,0.26420573353634325
S15,taste,80.3,70.26420573353634,10.035794266463654,-10.035794266463654
S15,taste,76.3,70.26420573353634,6.035794266463654,-6.035794266463654
S15,taste,100.0,70.26420573353634,29.735794266463657,-29.735794266463657
S15,taste,70.0,70.26420573353634,0.26420573353634325,0.26420573353634325
S15,taste,70.0,70.26420573353634,0.26420573353634325,0.26420573353634325
S15,taste,64.2,70.26420573353634,6.06420573353634,6.06420573353634
S15,taste,80.0,70.26420573353634,9.735794266463657,-9.735794266463657
S15,taste,66.10000000000001,70.26420573353634,4.164205733536335,4.164205733536335
S15,taste,100.0,70.26420573353634,29.735794266463657,-29.735794266463657
S15,taste,89.5,70.26420573353634,19.235794266463657,-19.235794266463657
S15,taste,67.4,70.26420573353634,2.8642057335363376,2.8642057335363376
S15,taste,72.30000000000001,70.26420573353634,2.035794266463668,-2.035794266463668
S15,taste,58.8,70.26420573353634,11.464205733536346,11.464205733536346
S16,taste,90.5,81.38136320745355,9.118636792546454,-9.118636792546454
S16,taste,57.8,81.38136320745355,23.58136320745355,23.58136320745355
S16,taste,80.0,81.38136320745355,1.3813632074535462,1.3813632074535462
S16,taste,45.5,81.38136320745355,35.881363207453546,35.881363207453546
S16,taste,80.0,81.38136320745355,1.3813632074535462,1.3813632074535462
S16,taste,90.0,81.38136320745355,8.618636792546454,-8.618636792546454
S16,taste,55.3,81.38136320745355,26.08136320745355,26.08136320745355
S16,taste,80.0,81.38136320745355,1.3813632074535462,1.3813632074535462
S16,taste,75.0,81.38136320745355,6.381363207453546,6.381363207453546
S16,taste,94.0,81.38136320745355,12.618636792546454,-12.618636792546454
S16,taste,90.0,81.38136320745355,8.618636792546454,-8.618636792546454
S16,taste,100.0,81.38136320745355,18.618636792546454,-18.618636792546454
S16,taste,80.0,81.38136320745355,1.3813632074535462,1.3813632074535462
S16,taste,70.0,81.38136320745355,11.381363207453546,11.381363207453546
S16,taste,100.0,81.38136320745355,18.618636792546454,-18.618636792546454
S16,taste,100.0,81.38136320745355,18.618636792546454,-18.618636792546454
S16,taste,88.0,81.38136320745355,6.618636792546454,-6.618636792546454
S16,taste,47.1,81.38136320745355,34.281363207453545,34.281363207453545
S16,taste,100.0,81.38136320745355,18.618636792546454,-18.618636792546454
S16,taste,90.5,81.38136320745355,9.118636792546454,-9.118636792546454
S17,taste,65.6,67.68542555183807,2.085425551838071,2.085425551838071
S17,taste,53.1,67.68542555183807,14.585425551838064,14.585425551838064
S17,taste,60.0,67.68542555183807,7.685425551838065,7.685425551838065
S17,taste,70.0,67.68542555183807,2.3145744481619346,-2.3145744481619346
S17,taste,40.0,67.68542555183807,27.685425551838065,27.685425551838065
S17,taste,40.9,67.68542555183807,26.785425551838067,26.785425551838067
S17,taste,50.0,67.68542555183807,17.685425551838065,17.685425551838065
S17,taste,40.2,67.68542555183807,27.485425551838063,27.485425551838063
S17,taste,59.1,67.68542555183807,8.585425551838064,8.585425551838064
S17,taste,65.0,67.68542555183807,2.6854255518380654,2.6854255518380654
S17,taste,66.2,67.68542555183807,1.4854255518380626,1.4854255518380626
S17,taste,40.6,67.68542555183807,27.085425551838064,27.085425551838064
S17,taste,45.8,67.68542555183807,21.88542555183807,21.88542555183807
S17,taste,61.4,67.68542555183807,6.285425551838067,6.285425551838067
S17,taste,60.0,67.68542555183807,7.685425551838065,7.685425551838065
S17,taste,59.0,67.68542555183807,8.685425551838065,8.685425551838065
S17,taste,60.0,67.68542555183807,7.685425551838065,7.685425551838065
S17,taste,71.9,67.68542555183807,4.21457444816194,-4.21457444816194
S17,taste,63.1,67.68542555183807,4.585425551838064,4.585425551838064
S17,taste,60.5,67.68542555183807,7.185425551838065,7.185425551838065
S18,taste,74.338125,68.31225235559693,6.02587264440308,-6.02587264440308
S18,taste,70.0,68.31225235559693,1.6877476444030748,-1.6877476444030748
S18,taste,65.8,68.31225235559693,2.512252355596928,2.512252355596928
S18,taste,62.3,68.31225235559693,6.012252355596928,6.012252355596928
S18,taste,72.5,68.31225235559693,4.187747644403075,-4.187747644403075
S18,taste,49.0,68.31225235559693,19.312252355596925,19.312252355596925
S18,taste,80.0,68.31225235559693,11.687747644403075,-11.687747644403075
S18,taste,80.0,68.31225235559693,11.687747644403075,-11.687747644403075
S18,taste,92.7,68.31225235559693,24.387747644403078,-24.387747644403078
S18,taste,90.0,68.31225235559693,21.687747644403075,-21.687747644403075
S18,taste,65.3,68.31225235559693,3.012252355596928,3.012252355596928
S18,taste,67.69999999999999,68.31225235559693,0.6122523555969366,0.6122523555969366
S18,taste,80.60000000000001,68.31225235559693,12.287747644403083,-12.287747644403083
S18,taste,70.0,68.31225235559693,1.6877476444030748,-1.6877476444030748
S18,taste,68.8,68.31225235559693,0.48774764440307194,-0.48774764440307194
S18,taste,75.5,68.31225235559693,7.187747644403075,-7.187747644403075
S18,taste,80.0,68.31225235559693,11.687747644403075,-11.687747644403075
S18,taste,70.0,68.31225235559693,1.6877476444030748,-1.6877476444030748
S18,taste,90.8,68.31225235559693,22.487747644403072,-22.487747644403072
S18,taste,72.0,68.31225235559693,3.687747644403075,-3.687747644403075
S19,taste,86.4,73.2436011424864,13.156398857513608,-13.156398857513608
S19,taste,99.5,73.2436011424864,26.256398857513602,-26.256398857513602
S19,taste,50.0,73.2436011424864,23.243601142486398,23.243601142486398
S19,taste,88.80000000000001,73.2436011424864,15.556398857513614,-15.556398857513614
S19,taste,75.3,73.2436011424864,2.0563988575135994,-2.0563988575135994
S19,taste,96.9,73.2436011424864,23.656398857513608,-23.656398857513608
S19,taste,75.0,73.2436011424864,1.7563988575136023,-1.7563988575136023
S19,taste,78.5,73.2436011424864,5.256398857513602,-5.256398857513602
S19,taste,80.0,73.2436011424864,6.756398857513602,-6.756398857513602
S19,taste,100.0,73.2436011424864,26.756398857513602,-26.756398857513602
S19,taste,67.69999999999999,73.2436011424864,5.543601142486409,5.543601142486409
S19,taste,52.8,73.2436011424864,20.4436011424864,20.4436011424864
S19,taste,67.9,73.2436011424864,5.343601142486392,5.343601142486392
S19,taste,80.0,73.2436011424864,6.756398857513602,-6.756398857513602
S19,taste,96.0,73.2436011424864,22.756398857513602,-22.756398857513602
S19,taste,90.0,73.2436011424864,16.756398857513602,-16.756398857513602
S19,taste,80.0,73.2436011424864,6.756398857513602,-6.756398857513602
S19,taste,69.4,73.2436011424864,3.843601142486392,3.843601142486392
S19,taste,99.1,73.2436011424864,25.856398857513597,-25.856398857513597
S19,taste,80.0,73.2436011424864,6.756398857513602,-6.756398857513602
S20,taste,82.0,71.90972620938966,10.09027379061034,-10.09027379061034
S20,taste,100.0,71.90972620938966,28.09027379061034,-28.09027379061034
S20,taste,60.7,71.90972620938966,11.209726209389657,11.209726209389657
S20,taste,60.0,71.90972620938966,11.90972620938966,11.90972620938966
S20,taste,50.3,71.90972620938966,21.609726209389663,21.609726209389663
S20,taste,64.2,71.90972620938966,7.7097262093896575,7.7097262093896575
S20,taste,76.0,71.90972620938966,4.09027379061034,-4.09027379061034
S20,taste,88.5,71.90972620938966,16.59027379061034,-16.59027379061034
S20,taste,80.0,71.90972620938966,8.09027379061034,-8.09027379061034
S20,taste,90.0,71.90972620938966,18.09027379061034,-18.09027379061034
S20,taste,82.6,71.90972620938966,10.690273790610334,-10.690273790610334
S20,taste,75.9,71.90972620938966,3.9902737906103454,-3.9902737906103454
S20,taste,80.0,71.90972620938966,8.09027379061034,-8.09027379061034
S20,taste,70.0,71.90972620938966,1.9097262093896603,1.9097262093896603
S20,taste,100.0,71.90972620938966,28.09027379061034,-28.09027379061034
S20,taste,77.5,71.90972620938966,5.59027379061034,-5.59027379061034
S20,taste,75.5,71.90972620938966,3.5902737906103397,-3.5902737906103397
S20,taste,88.5,71.90972620938966,16.59027379061034,-16.59027379061034
S20,taste,67.69999999999999,71.90972620938966,4.209726209389672,4.209726209389672
S20,taste,73.4,71.90972620938966,1.4902737906103454,-1.4902737906103454
S21,taste,77.41775,77.39272756553706,0.02502243446294017,-0.02502243446294017
S21,taste,68.89999999999999,77.39272756553706,8.492727565537066,8.492727565537066
S21,taste,70.0,77.39272756553706,7.392727565537058,7.392727565537058
S21,taste,72.0,77.39272756553706,5.392727565537058,5.392727565537058
S21,taste,70.0,77.39272756553706,7.392727565537058,7.392727565537058
S21,taste,70.0,77.39272756553706,7.392727565537058,7.392727565537058
S21,taste,69.7,77.39272756553706,7.692727565537055,7.692727565537055
S21,taste,72.6,77.39272756553706,4.792727565537064,4.792727565537064
S21,taste,84.0,77.39272756553706,6.607272434462942,-6.607272434462942
S21,taste,80.5,77.39272756553706,3.107272434462942,-3.107272434462942
S21,taste,80.0,77.39272756553706,2.607272434462942,-2.607272434462942
S21,taste,80.19999999999999,77.39272756553706,2.8072724344629307,-2.8072724344629307
S21,taste,50.0,77.39272756553706,27.392727565537058,27.392727565537058
S21,taste,79.1,77.39272756553706,1.7072724344629364,-1.7072724344629364
S21,taste,80.0,77.39272756553706,2.607272434462942,-2.607272434462942
S21,taste,80.0,77.39272756553706,2.607272434462942,-2.607272434462942
S21,taste,88.2,77.39272756553706,10.807272434462945,-10.807272434462945
S21,taste,67.30000000000001,77.39272756553706,10.092727565537047,10.092727565537047
S21,taste,54.3,77.39272756553706,23.09272756553706,23.09272756553706
S21,taste,65.0,77.39272756553706,12.392727565537058,12.392727565537058
S22,taste,78.2,79.94785011121473,1.7478501112147313,1.7478501112147313
S22,taste,70.0,79.94785011121473,9.947850111214734,9.947850111214734
S22,taste,71.2,79.94785011121473,8.747850111214731,8.747850111214731
S22,taste,80.0,79.94785011121473,0.05214988878526583,-0.05214988878526583
S22,taste,71.9,79.94785011121473,8.047850111214728,8.047850111214728
S22,taste,70.0,79.94785011121473,9.947850111214734,9.947850111214734
S22,taste,67.30000000000001,79.94785011121473,12.647850111214723,12.647850111214723
S22,taste,78.0,79.94785011121473,1.9478501112147342,1.9478501112147342
S22,taste,80.0,79.94785011121473,0.05214988878526583,-0.05214988878526583
S22,taste,59.0,79.94785011121473,20.947850111214734,20.947850111214734
S22,taste,78.0,79.94785011121473,1.9478501112147342,1.9478501112147342
S22,taste,50.0,79.94785011121473,29.947850111214734,29.947850111214734
S22,taste,90.8,79.94785011121473,10.852149888785263,-10.852149888785263
S22,taste,78.3,79.94785011121473,1.647850111214737,1.647850111214737
S22,taste,85.60000000000001,79.94785011121473,5.652149888785274,-5.652149888785274
S22,taste,80.0,79.94785011121473,0.05214988878526583,-0.05214988878526583
S22,taste,70.9,79.94785011121473,9.047850111214728,9.047850111214728
S22,taste,98.1,79.94785011121473,18.15214988878526,-18.15214988878526
S22,taste,65.19999999999999,79.94785011121473,14.747850111214746,14.747850111214746
S22,taste,60.0,79.94785011121473,19.947850111214734,19.947850111214734
S23,taste,77.0,75.31400248565271,1.6859975143472923,-1.6859975143472923
S23,taste,73.0,75.31400248565271,2.3140024856527077,2.3140024856527077
S23,taste,91.8,75.31400248565271,16.48599751434729,-16.48599751434729
S23,taste,49.2,75.31400248565271,26.114002485652705,26.114002485652705
S23,taste,30.0,75.31400248565271,45.31400248565271,45.31400248565271
S23,taste,70.0,75.31400248565271,5.314002485652708,5.314002485652708
S23,taste,81.4,75.31400248565271,6.085997514347298,-6.085997514347298
S23,taste,75.0,75.31400248565271,0.3140024856527077,0.3140024856527077
S23,taste,90.0,75.31400248565271,14.685997514347292,-14.685997514347292
S23,taste,93.8,75.31400248565271,18.48599751434729,-18.48599751434729
S23,taste,70.19999999999999,75.31400248565271,5.114002485652719,5.114002485652719
S23,taste,80.0,75.31400248565271,4.685997514347292,-4.685997514347292
S23,taste,84.3,75.31400248565271,8.98599751434729,-8.98599751434729
S23,taste,80.0,75.31400248565271,4.685997514347292,-4.685997514347292
S23,taste,64.1,75.31400248565271,11.214002485652713,11.214002485652713
S23,taste,60.6,75.31400248565271,14.714002485652706,14.714002485652706
S23,taste,71.10000000000001,75.31400248565271,4.214002485652699,4.214002485652699
S23,taste,69.0,75.31400248565271,6.314002485652708,6.314002485652708
S23,taste,93.8,75.31400248565271,18.48599751434729,-18.48599751434729
S23,taste,89.9,75.31400248565271,14.585997514347298,-14.585997514347298
S24,taste,85.8,71.93754263638981,13.86245736361019,-13.86245736361019
S24,taste,79.9,71.93754263638981,7.9624573636101985,-7.9624573636101985
S24,taste,82.2,71.93754263638981,10.262457363610196,-10.262457363610196
S24,taste,80.0,71.93754263638981,8.062457363610193,-8.062457363610193
S24,taste,60.8,71.93754263638981,11.13754263638981,11.13754263638981
S24,taste,76.0,71.93754263638981,4.062457363610193,-4.062457363610193
S24,taste,81.6,71.93754263638981,9.662457363610187,-9.662457363610187
S24,taste,70.0,71.93754263638981,1.9375426363898072,1.9375426363898072
S24,taste,60.1,71.93754263638981,11.837542636389806,11.837542636389806
S24,taste,96.9,71.93754263638981,24.9624573636102,-24.9624573636102
S24,taste,80.7,71.93754263638981,8.762457363610196,-8.762457363610196
S24,taste,85.8,71.93754263638981,13.86245736361019,-13.86245736361019
S24,taste,60.0,71.93754263638981,11.937542636389807,11.937542636389807
S24,taste,77.0,71.93754263638981,5.062457363610193,-5.062457363610193
S24,taste,60.0,71.93754263638981,11.937542636389807,11.937542636389807
S24,taste,100.0,71.93754263638981,28.062457363610193,-28.062457363610193
S24,taste,60.0,71.93754263638981,11.937542636389807,11.937542636389807
S24,taste,81.6,71.93754263638981,9.662457363610187,-9.662457363610187
S24,taste,100.0,71.93754263638981,28.062457363610193,-28.062457363610193
S24,taste,100.0,71.93754263638981,28.062457363610193,-28.062457363610193
S25,taste,42.6,60.72888253255641,18.12888253255641,18.12888253255641
S25,taste,20.0,60.72888253255641,40.72888253255641,40.72888253255641
S25,taste,31.9,60.72888253255641,28.828882532556413,28.828882532556413
S25,taste,31.9,60.72888253255641,28.828882532556413,28.828882532556413
S25,taste,60.0,60.72888253255641,0.7288825325564119,0.7288825325564119
S25,taste,42.6,60.72888253255641,18.12888253255641,18.12888253255641
S25,taste,51.6,60.72888253255641,9.12888253255641,9.12888253255641
S25,taste,62.7,60.72888253255641,1.971117467443591,-1.971117467443591
S25,taste,60.0,60.72888253255641,0.7288825325564119,0.7288825325564119
S25,taste,47.8,60.72888253255641,12.928882532556415,12.928882532556415
S25,taste,43.1,60.72888253255641,17.62888253255641,17.62888253255641
S25,taste,50.0,60.72888253255641,10.728882532556412,10.728882532556412
S25,taste,54.400000000000006,60.72888253255641,6.328882532556406,6.328882532556406
S25,taste,37.3,60.72888253255641,23.428882532556415,23.428882532556415
S25,taste,41.900000000000006,60.72888253255641,18.828882532556406,18.828882532556406
S25,taste,54.6,60.72888253255641,6.1288825325564105,6.1288825325564105
S25,taste,61.7,60.72888253255641,0.971117467443591,-0.971117467443591
S25,taste,58.3,60.72888253255641,2.4288825325564147,2.4288825325564147
S25,taste,31.6,60.72888253255641,29.12888253255641,29.12888253255641
S25,taste,45.3,60.72888253255641,15.428882532556415,15.428882532556415
S26,taste,42.6,42.06004743184054,0.5399525681594639,-0.5399525681594639
S26,taste,20.0,42.06004743184054,22.060047431840538,22.060047431840538
S26,taste,50.0,42.06004743184054,7.9399525681594625,-7.9399525681594625
S26,taste,47.3,42.06004743184054,5.23995256815946,-5.23995256815946
S26,taste,41.900000000000006,42.06004743184054,0.16004743184053183,0.16004743184053183
S26,taste,42.6,42.06004743184054,0.5399525681594639,-0.5399525681594639
S26,taste,51.6,42.06004743184054,9.539952568159464,-9.539952568159464
S26,taste,31.9,42.06004743184054,10.160047431840539,10.160047431840539
S26,taste,47.0,42.06004743184054,4.9399525681594625,-4.9399525681594625
S26,taste,30.0,42.06004743184054,12.060047431840538,12.060047431840538
S26,taste,66.3,42.06004743184054,24.23995256815946,-24.23995256815946
S26,taste,41.900000000000006,42.06004743184054,0.16004743184053183,0.16004743184053183
S26,taste,31.8,42.06004743184054,10.260047431840537,10.260047431840537
S26,taste,46.4,42.06004743184054,4.339952568159461,-4.339952568159461
S26,taste,59.900000000000006,42.06004743184054,17.839952568159468,-17.839952568159468
S26,taste,60.3,42.06004743184054,18.23995256815946,-18.23995256815946
S26,taste,47.1,42.06004743184054,5.039952568159464,-5.039952568159464
S26,taste,27.3,42.06004743184054,14.760047431840537,14.760047431840537
S26,taste,47.3,42.06004743184054,5.23995256815946,-5.23995256815946
S26,taste,60.0,42.06004743184054,17.939952568159462,-17.939952568159462
S27,taste,47.1,50.565100606713884,3.4651006067138823,3.4651006067138823
S27,taste,47.5,50.565100606713884,3.0651006067138837,3.0651006067138837
S27,taste,50.0,50.565100606713884,0.5651006067138837,0.5651006067138837
S27,taste,25.7,50.565100606713884,24.865100606713884,24.865100606713884
S27,taste,40.0,50.565100606713884,10.565100606713884,10.565100606713884
S27,taste,33.6,50.565100606713884,16.965100606713882,16.965100606713882
S27,taste,37.9,50.565100606713884,12.665100606713885,12.665100606713885
S27,taste,60.0,50.565100606713884,9.434899393286116,-9.434899393286116
S27,taste,60.0,50.565100606713884,9.434899393286116,-9.434899393286116
S27,taste,20.0,50.565100606713884,30.565100606713884,30.565100606713884
S27,taste,59.3,50.565100606713884,8.734899393286113,-8.734899393286113
S27,taste,40.2,50.565100606713884,10.365100606713881,10.365100606713881
S27,taste,58.2,50.565100606713884,7.634899393286119,-7.634899393286119
S27,taste,63.5,50.565100606713884,12.934899393286116,-12.934899393286116
S27,taste,47.7,50.565100606713884,2.865100606713881,2.865100606713881
S27,taste,48.0,50.565100606713884,2.5651006067138837,2.5651006067138837
S27,taste,57.7,50.565100606713884,7.134899393286119,-7.134899393286119
S27,taste,53.8,50.565100606713884,3.2348993932861134,-3.2348993932861134
S27,taste,67.30000000000001,50.565100606713884,16.734899393286128,-16.734899393286128
S27,taste,53.7,50.565100606713884,3.134899393286119,-3.134899393286119
S28,taste,47.1,54.38644644915144,7.286446449151441,7.286446449151441
S28,taste,35.0,54.38644644915144,19.386446449151443,19.386446449151443
S28,taste,50.0,54.38644644915144,4.3864464491514426,4.3864464491514426
S28,taste,47.1,54.38644644915144,7.286446449151441,7.286446449151441
S28,taste,39.2,54.38644644915144,15.18644644915144,15.18644644915144
S28,taste,47.3,54.38644644915144,7.086446449151445,7.086446449151445
S28,taste,51.3,54.38644644915144,3.0864464491514454,3.0864464491514454
S28,taste,36.3,54.38644644915144,18.086446449151445,18.086446449151445
S28,taste,60.0,54.38644644915144,5.6135535508485574,-5.6135535508485574
S28,taste,20.0,54.38644644915144,34.38644644915144,34.38644644915144
S28,taste,48.5,54.38644644915144,5.8864464491514426,5.8864464491514426
S28,taste,61.5,54.38644644915144,7.1135535508485574,-7.1135535508485574
S28,taste,20.0,54.38644644915144,34.38644644915144,34.38644644915144
S28,taste,41.8,54.38644644915144,12.586446449151445,12.586446449151445
S28,taste,47.7,54.38644644915144,6.68644644915144,6.68644644915144
S28,taste,63.0,54.38644644915144,8.613553550848557,-8.613553550848557
S28,taste,35.2,54.38644644915144,19.18644644915144,19.18644644915144
S28,taste,55.5,54.38644644915144,1.1135535508485574,-1.1135535508485574
S28,taste,51.7,54.38644644915144,2.6864464491514397,2.6864464491514397
S28,taste,36.7,54.38644644915144,17.68644644915144,17.68644644915144
S29,taste,49.5,55.01630684633594,5.516306846335937,5.516306846335937
S29,taste,40.0,55.01630684633594,15.016306846335937,15.016306846335937
S29,taste,54.900000000000006,55.01630684633594,0.11630684633593091,0.11630684633593091
S29,taste,61.2,55.01630684633594,6.183693153664066,-6.183693153664066
S29,taste,47.0,55.01630684633594,8.016306846335937,8.016306846335937
S29,taste,23.3,55.01630684633594,31.716306846335936,31.716306846335936
S29,taste,60.0,55.01630684633594,4.983693153664063,-4.983693153664063
S29,taste,48.1,55.01630684633594,6.916306846335935,6.916306846335935
S29,taste,68.3,55.01630684633594,13.28369315366406,-13.28369315366406
S29,taste,36.0,55.01630684633594,19.016306846335937,19.016306846335937
S29,taste,46.900000000000006,55.01630684633594,8.116306846335931,8.116306846335931
S29,taste,67.9,55.01630684633594,12.883693153664069,-12.883693153664069
S29,taste,53.1,55.01630684633594,1.9163068463359352,1.9163068463359352
S29,taste,43.9,55.01630684633594,11.116306846335938,11.116306846335938
S29,taste,58.3,55.01630684633594,3.2836931536640606,-3.2836931536640606
S29,taste,50.1,55.01630684633594,4.916306846335935,4.916306846335935
S29,taste,52.8,55.01630684633594,2.2163068463359394,2.2163068463359394
S29,taste,58.3,55.01630684633594,3.2836931536640606,-3.2836931536640606
S29,taste,64.4,55.01630684633594,9.383693153664069,-9.383693153664069
S29,taste,20.0,55.01630684633594,35.01630684633594,35.01630684633594
S30,taste,52.400000000000006,54.26789062331276,1.8678906233127535,1.8678906233127535
S30,taste,40.0,54.26789062331276,14.26789062331276,14.26789062331276
S30,taste,62.0,54.26789062331276,7.732109376687241,-7.732109376687241
S30,taste,62.2,54.26789062331276,7.932109376687244,-7.932109376687244
S30,taste,59.1,54.26789062331276,4.832109376687242,-4.832109376687242
S30,taste,61.0,54.26789062331276,6.732109376687241,-6.732109376687241
S30,taste,24.4,54.26789062331276,29.86789062331276,29.86789062331276
S30,taste,49.400000000000006,54.26789062331276,4.8678906233127535,4.8678906233127535
S30,taste,33.7,54.26789062331276,20.567890623312756,20.567890623312756
S30,taste,42.5,54.26789062331276,11.76789062331276,11.76789062331276
S30,taste,69.2,54.26789062331276,14.932109376687244,-14.932109376687244
S30,taste,52.8,54.26789062331276,1.467890623312762,1.467890623312762
S30,taste,60.0,54.26789062331276,5.732109376687241,-5.732109376687241
S30,taste,32.7,54.26789062331276,21.567890623312756,21.567890623312756
S30,taste,51.4,54.26789062331276,2.8678906233127606,2.8678906233127606
S30,taste,68.7,54.26789062331276,14.432109376687244,-14.432109376687244
S30,taste,56.6,54.26789062331276,2.3321093766872423,-2.3321093766872423
S1,overall_score,81.16,68.18835663080615,12.971643369193842,-12.971643369193842
S1,overall_score,63.150000000000006,68.18835663080615,5.038356630806149,5.038356630806149
S1,overall_score,69.68,68.18835663080615,1.4916433691938522,-1.4916433691938522
S1,overall_score,71.7,68.18835663080615,3.5116433691938482,-3.5116433691938482
S1,overall_score,64.80000000000001,68.18835663080615,3.3883566308061432,3.3883566308061432
S1,overall_score,70.4,68.18835663080615,2.211643369193851,-2.211643369193851
S1,overall_score,67.225,68.18835663080615,0.9633566308061603,0.9633566308061603
S1,overall_score,70.17,68.18835663080615,1.981643369193847,-1.981643369193847
S1,overall_score,58.985,68.18835663080615,9.203356630806155,9.203356630806155
S1,overall_score,70.0,68.18835663080615,1.8116433691938454,-1.8116433691938454
S1,overall_score,67.97500000000001,68.18835663080615,0.21335663080614609,0.21335663080614609
S1,overall_score,57.65,68.18835663080615,10.538356630806156,10.538356630806156
S1,overall_score,69.685,68.18835663080615,1.4966433691938477,-1.4966433691938477
S1,overall_score,65.5,68.18835663080615,2.6883566308061546,2.6883566308061546
S1,overall_score,64.78,68.18835663080615,3.4083566308061535,3.4083566308061535
S1,overall_score,71.22,68.18835663080615,3.0316433691938443,-3.0316433691938443
S1,overall_score,71.0,68.18835663080615,2.8116433691938454,-2.8116433691938454
S1,overall_score,57.370000000000005,68.18835663080615,10.81835663080615,10.81835663080615
S1,overall_score,55.0,68.18835663080615,13.188356630806155,13.188356630806155
S1,overall_score,64.0,68.18835663080615,4.188356630806155,4.188356630806155
S2,overall_score,60.9,64.7570716230716,3.8570716230715973,3.8570716230715973
S2,overall_score,56.0,64.7570716230716,8.757071623071596,8.757071623071596
S2,overall_score,60.73,64.7570716230716,4.027071623071599,4.027071623071599
S2,overall_score,65.5,64.7570716230716,0.7429283769284041,-0.7429283769284041
S2,overall_score,64.36,64.7570716230716,0.3970716230715965,0.3970716230715965
S2,overall_score,67.02,64.7570716230716,2.2629283769284,-2.2629283769284
S2,overall_score,64.95,64.7570716230716,0.19292837692840692,-0.19292837692840692
S2,overall_score,69.18,64.7570716230716,4.422928376928411,-4.422928376928411
S2,overall_score,69.39,64.7570716230716,4.632928376928405,-4.632928376928405
S2,overall_score,69.6,64.7570716230716,4.842928376928398,-4.842928376928398
S2,overall_score,70.6,64.7570716230716,5.842928376928398,-5.842928376928398
S2,overall_score,65.255,64.7570716230716,0.49792837692839953,-0.49792837692839953
S2,overall_score,60.55,64.7570716230716,4.207071623071599,4.207071623071599
S2,overall_score,67.75,64.7570716230716,2.992928376928404,-2.992928376928404
S2,overall_score,66.3,64.7570716230716,1.5429283769284012,-1.5429283769284012
S2,overall_score,68.60000000000001,64.7570716230716,3.8429283769284126,-3.8429283769284126
S2,overall_score,62.25,64.7570716230716,2.507071623071596,2.507071623071596
S2,overall_score,62.25,64.7570716230716,2.507071623071596,2.507071623071596
S2,overall_score,67.085,64.7570716230716,2.327928376928398,-2.327928376928398
S2,overall_score,71.0,64.7570716230716,6.242928376928404,-6.242928376928404
S3,overall_score,74.6,81.27791904314543,6.677919043145437,6.677919043145437
S3,overall_score,73.0,81.27791904314543,8.277919043145431,8.277919043145431
S3,overall_score,69.80000000000001,81.27791904314543,11.47791904314542,11.47791904314542
S3,overall_score,80.8,81.27791904314543,0.4779190431454339,0.4779190431454339
S3,overall_score,73.0,81.27791904314543,8.277919043145431,8.277919043145431
S3,overall_score,65.39,81.27791904314543,15.88791904314543,15.88791904314543
S3,overall_score,71.49,81.27791904314543,9.787919043145436,9.787919043145436
S3,overall_score,77.0,81.27791904314543,4.277919043145431,4.277919043145431
S3,overall_score,89.22,81.27791904314543,7.942080956854568,-7.942080956854568
S3,overall_score,83.3,81.27791904314543,2.022080956854566,-2.022080956854566
S3,overall_score,72.24000000000001,81.27791904314543,9.037919043145422,9.037919043145422
S3,overall_score,72.88,81.27791904314543,8.397919043145436,8.397919043145436
S3,overall_score,72.34,81.27791904314543,8.937919043145428,8.937919043145428
S3,overall_score,78.5,81.27791904314543,2.777919043145431,2.777919043145431
S3,overall_score,80.42999999999999,81.27791904314543,0.8479190431454384,0.8479190431454384
S3,overall_score,85.84,81.27791904314543,4.562080956854572,-4.562080956854572
S3,overall_score,70.0,81.27791904314543,11.277919043145431,11.277919043145431
S3,overall_score,82.0,81.27791904314543,0.722080956854569,-0.722080956854569
S3,overall_score,72.2,81.27791904314543,9.077919043145428,9.077919043145428
S3,overall_score,73.0,81.27791904314543,8.277919043145431,8.277919043145431
S4,overall_score,70.16,69.92742404766256,0.23257595233744155,-0.23257595233744155
S4,overall_score,45.1,69.92742404766256,24.827424047662554,24.827424047662554
S4,overall_score,49.900000000000006,69.92742404766256,20.02742404766255,20.02742404766255
S4,overall_score,51.25,69.92742404766256,18.677424047662555,18.677424047662555
S4,overall_score,59.77,69.92742404766256,10.157424047662552,10.157424047662552
S4,overall_score,71.21000000000001,69.92742404766256,1.282575952337453,-1.282575952337453
S4,overall_score,62.5,69.92742404766256,7.427424047662555,7.427424047662555
S4,overall_score,65.13,69.92742404766256,4.79742404766256,4.79742404766256
S4,overall_score,71.9,69.92742404766256,1.9725759523374506,-1.9725759523374506
S4,overall_score,69.57,69.92742404766256,0.35742404766256186,0.35742404766256186
S4,overall_score,82.11,69.92742404766256,12.182575952337444,-12.182575952337444
S4,overall_score,70.7,69.92742404766256,0.7725759523374478,-0.7725759523374478
S4,overall_score,73.525,69.92742404766256,3.5975759523374506,-3.5975759523374506
S4,overall_score,64.0,69.92742404766256,5.927424047662555,5.927424047662555
S4,overall_score,64.02,69.92742404766256,5.907424047662559,5.907424047662559
S4,overall_score,69.74000000000001,69.92742404766256,0.18742404766254595,0.18742404766254595
S4,overall_score,71.53,69.92742404766256,1.602575952337446,-1.602575952337446
S4,overall_score,70.6,69.92742404766256,0.6725759523374393,-0.6725759523374393
S4,overall_score,73.872,69.92742404766256,3.944575952337445,-3.944575952337445
S4,overall_score,75.11,69.92742404766256,5.182575952337444,-5.182575952337444
S5,overall_score,75.3,71.58541597673491,3.7145840232650897,-3.7145840232650897
S5,overall_score,77.39,71.58541597673491,5.804584023265093,-5.804584023265093
S5,overall_score,70.0,71.58541597673491,1.5854159767349074,1.5854159767349074
S5,overall_score,63.43,71.58541597673491,8.155415976734908,8.155415976734908
S5,overall_score,72.85,71.58541597673491,1.264584023265087,-1.264584023265087
S5,overall_score,73.5,71.58541597673491,1.9145840232650926,-1.9145840232650926
S5,overall_score,63.040000000000006,71.58541597673491,8.545415976734901,8.545415976734901
S5,overall_score,71.0,71.58541597673491,0.5854159767349074,0.5854159767349074
S5,overall_score,82.4,71.58541597673491,10.814584023265098,-10.814584023265098
S5,overall_score,83.41,71.58541597673491,11.82458402326509,-11.82458402326509
S5,overall_score,70.6,71.58541597673491,0.9854159767349131,0.9854159767349131
S5,overall_score,71.7,71.58541597673491,0.11458402326509542,-0.11458402326509542
S5,overall_score,61.0,71.58541597673491,10.585415976734907,10.585415976734907
S5,overall_score,76.65,71.58541597673491,5.064584023265098,-5.064584023265098
S5,overall_score,69.29,71.58541597673491,2.295415976734901,2.295415976734901
S5,overall_score,82.5,71.58541597673491,10.914584023265093,-10.914584023265093
S5,overall_score,83.04500000000002,71.58541597673491,11.459584023265108,-11.459584023265108
S5,overall_score,71.58,71.58541597673491,0.005415976734909123,0.005415976734909123
S5,overall_score,73.3,71.58541597673491,1.7145840232650897,-1.7145840232650897
S5,overall_score,73.5,71.58541597673491,1.9145840232650926,-1.9145840232650926
S6,overall_score,69.1,67.21771510431314,1.8822848956868512,-1.8822848956868512
S6,overall_score,53.0,67.21771510431314,14.217715104313143,14.217715104313143
S6,overall_score,55.45,67.21771510431314,11.76771510431314,11.76771510431314
S6,overall_score,65.44,67.21771510431314,1.7777151043131454,1.7777151043131454
S6,overall_score,69.6,67.21771510431314,2.382284895686851,-2.382284895686851
S6,overall_score,70.46000000000001,67.21771510431314,3.242284895686865,-3.242284895686865
S6,overall_score,64.3,67.21771510431314,2.917715104313146,2.917715104313146
S6,overall_score,67.75,67.21771510431314,0.5322848956868569,-0.5322848956868569
S6,overall_score,71.82000000000001,67.21771510431314,4.602284895686864,-4.602284895686864
S6,overall_score,71.42999999999999,67.21771510431314,4.2122848956868495,-4.2122848956868495
S6,overall_score,71.95,67.21771510431314,4.73228489568686,-4.73228489568686
S6,overall_score,52.975,67.21771510431314,14.242715104313142,14.242715104313142
S6,overall_score,70.0,67.21771510431314,2.782284895686857,-2.782284895686857
S6,overall_score,69.21000000000001,67.21771510431314,1.9922848956868648,-1.9922848956868648
S6,overall_score,67.655,67.21771510431314,0.437284895686858,-0.437284895686858
S6,overall_score,70.4,67.21771510431314,3.1822848956868626,-3.1822848956868626
S6,overall_score,64.7,67.21771510431314,2.5177151043131403,2.5177151043131403
S6,overall_score,66.595,67.21771510431314,0.6227151043131443,0.6227151043131443
S6,overall_score,51.495,67.21771510431314,15.722715104313146,15.722715104313146
S6,overall_score,71.42999999999999,67.21771510431314,4.2122848956868495,-4.2122848956868495
S7,overall_score,74.3,68.11216495260271,6.187835047397286,-6.187835047397286
S7,overall_score,67.26,68.11216495260271,0.8521649526027062,0.8521649526027062
S7,overall_score,88.80000000000001,68.11216495260271,20.6878350473973,-20.6878350473973
S7,overall_score,72.1,68.11216495260271,3.987835047397283,-3.987835047397283
S7,overall_score,82.0,68.11216495260271,13.887835047397289,-13.887835047397289
S7,overall_score,83.46000000000001,68.11216495260271,15.347835047397297,-15.347835047397297
S7,overall_score,65.72,68.11216495260271,2.3921649526027124,2.3921649526027124
S7,overall_score,85.28999999999999,68.11216495260271,17.17783504739728,-17.17783504739728
S7,overall_score,89.0,68.11216495260271,20.88783504739729,-20.88783504739729
S7,overall_score,70.93,68.11216495260271,2.8178350473972955,-2.8178350473972955
S7,overall_score,84.5,68.11216495260271,16.38783504739729,-16.38783504739729
S7,overall_score,73.69,68.11216495260271,5.577835047397286,-5.577835047397286
S7,overall_score,76.77,68.11216495260271,8.657835047397285,-8.657835047397285
S7,overall_score,64.0,68.11216495260271,4.112164952602711,4.112164952602711
S7,overall_score,76.88,68.11216495260271,8.767835047397284,-8.767835047397284
S7,overall_score,90.16,68.11216495260271,22.047835047397285,-22.047835047397285
S7,overall_score,72.2,68.11216495260271,4.0878350473972915,-4.0878350473972915
S7,overall_score,76.5,68.11216495260271,8.387835047397289,-8.387835047397289
S7,overall_score,72.78999999999999,68.11216495260271,4.677835047397281,-4.677835047397281
S7,overall_score,60.32,68.11216495260271,7.792164952602711,7.792164952602711
S8,overall_score,71.435,71.05836534227139,0.3766346577286157,-0.3766346577286157
S8,overall_score,66.8,71.05836534227139,4.258365342271389,4.258365342271389
S8,overall_score,54.51,71.05836534227139,16.54836534227139,16.54836534227139
S8,overall_score,58.9,71.05836534227139,12.158365342271388,12.158365342271388
S8,overall_score,65.73,71.05836534227139,5.328365342271383,5.328365342271383
S8,overall_score,75.25999999999999,71.05836534227139,4.201634657728604,-4.201634657728604
S8,overall_score,73.64,71.05836534227139,2.581634657728614,-2.581634657728614
S8,overall_score,77.8,71.05836534227139,6.741634657728611,-6.741634657728611
S8,overall_score,67.96000000000001,71.05836534227139,3.0983653422713786,3.0983653422713786
S8,overall_score,82.44999999999999,71.05836534227139,11.391634657728602,-11.391634657728602
S8,overall_score,85.73,71.05836534227139,14.671634657728617,-14.671634657728617
S8,overall_score,90.5,71.05836534227139,19.441634657728613,-19.441634657728613
S8,overall_score,78.60000000000001,71.05836534227139,7.541634657728622,-7.541634657728622
S8,overall_score,82.0,71.05836534227139,10.941634657728613,-10.941634657728613
S8,overall_score,73.1,71.05836534227139,2.0416346577286077,-2.0416346577286077
S8,overall_score,71.7,71.05836534227139,0.6416346577286163,-0.6416346577286163
S8,overall_score,70.0,71.05836534227139,1.0583653422713866,1.0583653422713866
S8,overall_score,79.9,71.05836534227139,8.84163465772862,-8.84163465772862
S8,overall_score,79.2,71.05836534227139,8.141634657728616,-8.141634657728616
S8,overall_score,62.0,71.05836534227139,9.058365342271387,9.058365342271387
S9,overall_score,73.78,76.87041593190084,3.0904159319008357,3.0904159319008357
S9,overall_score,72.12,76.87041593190084,4.750415931900832,4.750415931900832
S9,overall_score,61.0,76.87041593190084,15.870415931900837,15.870415931900837
S9,overall_score,65.4,76.87041593190084,11.470415931900831,11.470415931900831
S9,overall_score,72.45,76.87041593190084,4.420415931900834,4.420415931900834
S9,overall_score,72.99000000000001,76.87041593190084,3.880415931900828,3.880415931900828
S9,overall_score,82.0,76.87041593190084,5.129584068099163,-5.129584068099163
S9,overall_score,82.0,76.87041593190084,5.129584068099163,-5.129584068099163
S9,overall_score,83.0,76.87041593190084,6.129584068099163,-6.129584068099163
S9,overall_score,91.255,76.87041593190084,14.384584068099159,-14.384584068099159
S9,overall_score,64.3,76.87041593190084,12.57041593190084,12.57041593190084
S9,overall_score,75.19,76.87041593190084,1.6804159319008392,1.6804159319008392
S9,overall_score,73.67,76.87041593190084,3.200415931900835,3.200415931900835
S9,overall_score,94.15,76.87041593190084,17.27958406809917,-17.27958406809917
S9,overall_score,75.0,76.87041593190084,1.8704159319008369,1.8704159319008369
S9,overall_score,74.24000000000001,76.87041593190084,2.630415931900828,2.630415931900828
S9,overall_score,73.45,76.87041593190084,3.420415931900834,3.420415931900834
S9,overall_score,67.5,76.87041593190084,9.370415931900837,9.370415931900837
S9,overall_score,88.38,76.87041593190084,11.509584068099159,-11.509584068099159
S9,overall_score,72.67,76.87041593190084,4.200415931900835,4.200415931900835
S10,overall_score,67.0,67.07253824879838,0.07253824879838078,0.07253824879838078
S10,overall_score,60.59,67.07253824879838,6.482538248798377,6.482538248798377
S10,overall_score,64.7,67.07253824879838,2.372538248798378,2.372538248798378
S10,overall_score,63.46,67.07253824879838,3.61253824879838,3.61253824879838
S10,overall_score,69.0,67.07253824879838,1.9274617512016192,-1.9274617512016192
S10,overall_score,69.0,67.07253824879838,1.9274617512016192,-1.9274617512016192
S10,overall_score,70.7,67.07253824879838,3.627461751201622,-3.627461751201622
S10,overall_score,72.18,67.07253824879838,5.107461751201626,-5.107461751201626
S10,overall_score,54.400000000000006,67.07253824879838,12.672538248798375,12.672538248798375
S10,overall_score,70.97,67.07253824879838,3.897461751201618,-3.897461751201618
S10,overall_score,60.24,67.07253824879838,6.832538248798379,6.832538248798379
S10,overall_score,70.78999999999999,67.07253824879838,3.7174617512016113,-3.7174617512016113
S10,overall_score,60.0,67.07253824879838,7.072538248798381,7.072538248798381
S10,overall_score,71.39999999999999,67.07253824879838,4.327461751201611,-4.327461751201611
S10,overall_score,61.900000000000006,67.07253824879838,5.172538248798375,5.172538248798375
S10,overall_score,69.83,67.07253824879838,2.7574617512016175,-2.7574617512016175
S10,overall_score,64.19,67.07253824879838,2.882538248798383,2.882538248798383
S10,overall_score,51.0,67.07253824879838,16.07253824879838,16.07253824879838
S10,overall_score,74.68,67.07253824879838,7.607461751201626,-7.607461751201626
S10,overall_score,71.0,67.07253824879838,3.9274617512016192,-3.9274617512016192
S11,overall_score,69.11,64.99635461391851,4.113645386081487,-4.113645386081487
S11,overall_score,60.7,64.99635461391851,4.29635461391851,4.29635461391851
S11,overall_score,51.54,64.99635461391851,13.456354613918514,13.456354613918514
S11,overall_score,67.0,64.99635461391851,2.0036453860814873,-2.0036453860814873
S11,overall_score,67.37,64.99635461391851,2.373645386081492,-2.373645386081492
S11,overall_score,63.87,64.99635461391851,1.1263546139185152,1.1263546139185152
S11,overall_score,68.89999999999999,64.99635461391851,3.903645386081479,-3.903645386081479
S11,overall_score,66.16,64.99635461391851,1.163645386081484,-1.163645386081484
S11,overall_score,70.64,64.99635461391851,5.643645386081488,-5.643645386081488
S11,overall_score,71.63,64.99635461391851,6.633645386081483,-6.633645386081483
S11,overall_score,67.58,64.99635461391851,2.5836453860814856,-2.5836453860814856
S11,overall_score,63.2,64.99635461391851,1.7963546139185098,1.7963546139185098
S11,overall_score,61.8,64.99635461391851,3.1963546139185155,3.1963546139185155
S11,overall_score,70.0,64.99635461391851,5.003645386081487,-5.003645386081487
S11,overall_score,68.89999999999999,64.99635461391851,3.903645386081479,-3.903645386081479
S11,overall_score,71.59,64.99635461391851,6.593645386081491,-6.593645386081491
S11,overall_score,51.2,64.99635461391851,13.79635461391851,13.79635461391851
S11,overall_score,76.44999999999999,64.99635461391851,11.453645386081476,-11.453645386081476
S11,overall_score,57.0,64.99635461391851,7.996354613918513,7.996354613918513
S11,overall_score,76.6,64.99635461391851,11.603645386081482,-11.603645386081482
S12,overall_score,74.66,71.58003450459464,3.079965495405361,-3.079965495405361
S12,overall_score,72.45,71.58003450459464,0.869965495405367,-0.869965495405367
S12,overall_score,63.5,71.58003450459464,8.080034504594636,8.080034504594636
S12,overall_score,93.95,71.58003450459464,22.369965495405367,-22.369965495405367
S12,overall_score,74.76,71.58003450459464,3.1799654954053693,-3.1799654954053693
S12,overall_score,63.0,71.58003450459464,8.580034504594636,8.580034504594636
S12,overall_score,83.88999999999999,71.58003450459464,12.30996549540535,-12.30996549540535
S12,overall_score,76.75500000000001,71.58003450459464,5.174965495405374,-5.174965495405374
S12,overall_score,87.63,71.58003450459464,16.04996549540536,-16.04996549540536
S12,overall_score,87.5,71.58003450459464,15.919965495405364,-15.919965495405364
S12,overall_score,73.0,71.58003450459464,1.4199654954053642,-1.4199654954053642
S12,overall_score,75.47,71.58003450459464,3.889965495405363,-3.889965495405363
S12,overall_score,74.75,71.58003450459464,3.169965495405364,-3.169965495405364
S12,overall_score,95.49,71.58003450459464,23.90996549540536,-23.90996549540536
S12,overall_score,76.72,71.58003450459464,5.139965495405363,-5.139965495405363
S12,overall_score,50.35,71.58003450459464,21.230034504594634,21.230034504594634
S12,overall_score,72.22,71.58003450459464,0.6399654954053631,-0.6399654954053631
S12,overall_score,84.9,71.58003450459464,13.31996549540537,-13.31996549540537
S12,overall_score,72.5,71.58003450459464,0.9199654954053642,-0.9199654954053642
S12,overall_score,74.955,71.58003450459464,3.3749654954053625,-3.3749654954053625
S13,overall_score,67.98,72.31560015500881,4.335600155008805,4.335600155008805
S13,overall_score,57.91,72.31560015500881,14.405600155008813,14.405600155008813
S13,overall_score,66.64500000000001,72.31560015500881,5.670600155008799,5.670600155008799
S13,overall_score,62.93,72.31560015500881,9.38560015500881,9.38560015500881
S13,overall_score,67.25,72.31560015500881,5.065600155008809,5.065600155008809
S13,overall_score,74.5,72.31560015500881,2.1843998449911908,-2.1843998449911908
S13,overall_score,70.67999999999999,72.31560015500881,1.6356001550088166,1.6356001550088166
S13,overall_score,88.5,72.31560015500881,16.18439984499119,-16.18439984499119
S13,overall_score,78.49000000000001,72.31560015500881,6.1743998449912,-6.1743998449912
S13,overall_score,91.67,72.31560015500881,19.354399844991192,-19.354399844991192
S13,overall_score,65.16499999999999,72.31560015500881,7.150600155008817,7.150600155008817
S13,overall_score,63.525,72.31560015500881,8.79060015500881,8.79060015500881
S13,overall_score,78.12,72.31560015500881,5.804399844991195,-5.804399844991195
S13,overall_score,90.0,72.31560015500881,17.68439984499119,-17.68439984499119
S13,overall_score,68.1,72.31560015500881,4.215600155008815,4.215600155008815
S13,overall_score,73.4,72.31560015500881,1.0843998449911965,-1.0843998449911965
S13,overall_score,84.13,72.31560015500881,11.814399844991186,-11.814399844991186
S13,overall_score,88.5,72.31560015500881,16.18439984499119,-16.18439984499119
S13,overall_score,74.4,72.31560015500881,2.0843998449911965,-2.0843998449911965
S13,overall_score,63.61,72.31560015500881,8.70560015500881,8.70560015500881
S14,overall_score,72.42,74.26871346498237,1.8487134649823673,1.8487134649823673
S14,overall_score,73.13,74.26871346498237,1.1387134649823736,1.1387134649823736
S14,overall_score,77.955,74.26871346498237,3.6862865350176293,-3.6862865350176293
S14,overall_score,66.50999999999999,74.26871346498237,7.758713464982378,7.758713464982378
S14,overall_score,64.38,74.26871346498237,9.888713464982374,9.888713464982374
S14,overall_score,91.0,74.26871346498237,16.73128653501763,-16.73128653501763
S14,overall_score,77.095,74.26871346498237,2.82628653501763,-2.82628653501763
S14,overall_score,64.82000000000001,74.26871346498237,9.448713464982362,9.448713464982362
S14,overall_score,74.48,74.26871346498237,0.21128653501763495,-0.21128653501763495
S14,overall_score,81.49,74.26871346498237,7.221286535017626,-7.221286535017626
S14,overall_score,68.5,74.26871346498237,5.768713464982369,5.768713464982369
S14,overall_score,72.0,74.26871346498237,2.268713464982369,2.268713464982369
S14,overall_score,76.9,74.26871346498237,2.6312865350176367,-2.6312865350176367
S14,overall_score,72.25,74.26871346498237,2.018713464982369,2.018713464982369
S14,overall_score,73.77,74.26871346498237,0.498713464982373,0.498713464982373
S14,overall_score,65.99000000000001,74.26871346498237,8.27871346498236,8.27871346498236
S14,overall_score,74.0,74.26871346498237,0.26871346498236903,0.26871346498236903
S14,overall_score,67.94,74.26871346498237,6.328713464982371,6.328713464982371
S14,overall_score,74.35,74.26871346498237,0.08128653501762528,-0.08128653501762528
S14,overall_score,68.5,74.26871346498237,5.768713464982369,5.768713464982369
S15,overall_score,82.66,74.53191178341777,8.128088216582228,-8.128088216582228
S15,overall_score,80.9,74.53191178341777,6.368088216582237,-6.368088216582237
S15,overall_score,74.32000000000001,74.53191178341777,0.2119117834177615,0.2119117834177615
S15,overall_score,81.47,74.53191178341777,6.93808821658223,-6.93808821658223
S15,overall_score,80.0,74.53191178341777,5.468088216582231,-5.468088216582231
S15,overall_score,84.06,74.53191178341777,9.528088216582233,-9.528088216582233
S15,overall_score,82.5,74.53191178341777,7.968088216582231,-7.968088216582231
S15,overall_score,86.25999999999999,74.53191178341777,11.728088216582222,-11.728088216582222
S15,overall_score,87.81,74.53191178341777,13.278088216582233,-13.278088216582233
S15,overall_score,97.5,74.53191178341777,22.96808821658223,-22.96808821658223
S15,overall_score,82.5,74.53191178341777,7.968088216582231,-7.968088216582231
S15,overall_score,70.0,74.53191178341777,4.531911783417769,4.531911783417769
S15,overall_score,80.69000000000001,74.53191178341777,6.158088216582243,-6.158088216582243
S15,overall_score,83.96000000000001,74.53191178341777,9.428088216582239,-9.428088216582239
S15,overall_score,73.86999999999999,74.53191178341777,0.6619117834177786,0.6619117834177786
S15,overall_score,99.0,74.53191178341777,24.46808821658223,-24.46808821658223
S15,overall_score,92.75,74.53191178341777,18.21808821658223,-18.21808821658223
S15,overall_score,74.27,74.53191178341777,0.2619117834177729,0.2619117834177729
S15,overall_score,86.09,74.53191178341777,11.558088216582235,-11.558088216582235
S15,overall_score,65.085,74.53191178341777,9.446911783417775,9.446911783417775
S16,overall_score,84.60000000000001,81.74711113449519,2.8528888655048235,-2.8528888655048235
S16,overall_score,67.78999999999999,81.74711113449519,13.957111134495193,13.957111134495193
S16,overall_score,73.5,81.74711113449519,8.247111134495185,8.247111134495185
S16,overall_score,70.98,81.74711113449519,10.767111134495181,10.767111134495181
S16,overall_score,77.35000000000001,81.74711113449519,4.3971111344951765,4.3971111344951765
S16,overall_score,82.39000000000001,81.74711113449519,0.6428888655048297,-0.6428888655048297
S16,overall_score,64.28,81.74711113449519,17.467111134495184,17.467111134495184
S16,overall_score,86.5,81.74711113449519,4.752888865504815,-4.752888865504815
S16,overall_score,84.67,81.74711113449519,2.9228888655048166,-2.9228888655048166
S16,overall_score,95.4,81.74711113449519,13.65288886550482,-13.65288886550482
S16,overall_score,70.0,81.74711113449519,11.747111134495185,11.747111134495185
S16,overall_score,93.0,81.74711113449519,11.252888865504815,-11.252888865504815
S16,overall_score,85.5,81.74711113449519,3.752888865504815,-3.752888865504815
S16,overall_score,70.5,81.74711113449519,11.247111134495185,11.247111134495185
S16,overall_score,100.0,81.74711113449519,18.252888865504815,-18.252888865504815
S16,overall_score,99.0,81.74711113449519,17.252888865504815,-17.252888865504815
S16,overall_score,91.9,81.74711113449519,10.15288886550482,-10.15288886550482
S16,overall_score,65.85,81.74711113449519,15.89711113449519,15.89711113449519
S16,overall_score,93.0,81.74711113449519,11.252888865504815,-11.252888865504815
S16,overall_score,95.7,81.74711113449519,13.952888865504818,-13.952888865504818
S17,overall_score,66.8,72.63340800037503,5.83340800037503,5.83340800037503
S17,overall_score,59.925,72.63340800037503,12.70840800037503,12.70840800037503
S17,overall_score,64.7,72.63340800037503,7.9334080003750245,7.9334080003750245
S17,overall_score,63.48,72.63340800037503,9.15340800037503,9.15340800037503
S17,overall_score,66.10000000000001,72.63340800037503,6.533408000375019,6.533408000375019
S17,overall_score,71.59,72.63340800037503,1.043408000375024,1.043408000375024
S17,overall_score,67.0,72.63340800037503,5.633408000375027,5.633408000375027
S17,overall_score,52.27,72.63340800037503,20.363408000375024,20.363408000375024
S17,overall_score,70.49000000000001,72.63340800037503,2.143408000375018,2.143408000375018
S17,overall_score,70.64,72.63340800037503,1.9934080003750267,1.9934080003750267
S17,overall_score,67.725,72.63340800037503,4.908408000375033,4.908408000375033
S17,overall_score,64.33,72.63340800037503,8.303408000375029,8.303408000375029
S17,overall_score,58.36,72.63340800037503,14.273408000375028,14.273408000375028
S17,overall_score,65.75999999999999,72.63340800037503,6.873408000375036,6.873408000375036
S17,overall_score,66.5,72.63340800037503,6.133408000375027,6.133408000375027
S17,overall_score,69.135,72.63340800037503,3.498408000375022,3.498408000375022
S17,overall_score,66.5,72.63340800037503,6.133408000375027,6.133408000375027
S17,overall_score,70.56,72.63340800037503,2.073408000375025,2.073408000375025
S17,overall_score,64.63499999999999,72.63340800037503,7.998408000375036,7.998408000375036
S17,overall_score,63.425,72.63340800037503,9.20840800037503,9.20840800037503
S18,overall_score,74.77000000000001,74.72631503457119,0.04368496542882383,-0.04368496542882383
S18,overall_score,72.5,74.72631503457119,2.2263150345711864,2.2263150345711864
S18,overall_score,79.35,74.72631503457119,4.623684965428808,-4.623684965428808
S18,overall_score,72.14,74.72631503457119,2.586315034571186,2.586315034571186
S18,overall_score,74.7,74.72631503457119,0.02631503457118356,0.02631503457118356
S18,overall_score,58.75,74.72631503457119,15.976315034571186,15.976315034571186
S18,overall_score,80.5,74.72631503457119,5.773684965428814,-5.773684965428814
S18,overall_score,81.0,74.72631503457119,6.273684965428814,-6.273684965428814
S18,overall_score,89.47,74.72631503457119,14.743684965428812,-14.743684965428812
S18,overall_score,87.5,74.72631503457119,12.773684965428814,-12.773684965428814
S18,overall_score,73.0,74.72631503457119,1.7263150345711864,1.7263150345711864
S18,overall_score,83.66,74.72631503457119,8.93368496542881,-8.93368496542881
S18,overall_score,77.4,74.72631503457119,2.6736849654288193,-2.6736849654288193
S18,overall_score,72.5,74.72631503457119,2.2263150345711864,2.2263150345711864
S18,overall_score,63.87,74.72631503457119,10.856315034571189,10.856315034571189
S18,overall_score,91.07,74.72631503457119,16.343684965428807,-16.343684965428807
S18,overall_score,79.3,74.72631503457119,4.573684965428811,-4.573684965428811
S18,overall_score,67.5,74.72631503457119,7.226315034571186,7.226315034571186
S18,overall_score,78.5,74.72631503457119,3.7736849654288136,-3.7736849654288136
S18,overall_score,80.55,74.72631503457119,5.823684965428811,-5.823684965428811
S19,overall_score,79.69,75.65377743564815,4.036222564351846,-4.036222564351846
S19,overall_score,91.7,75.65377743564815,16.04622256435185,-16.04622256435185
S19,overall_score,60.71,75.65377743564815,14.943777435648151,14.943777435648151
S19,overall_score,85.07,75.65377743564815,9.416222564351841,-9.416222564351841
S19,overall_score,87.37,75.65377743564815,11.716222564351852,-11.716222564351852
S19,overall_score,96.08,75.65377743564815,20.426222564351846,-20.426222564351846
S19,overall_score,76.12700000000001,75.65377743564815,0.4732225643518575,-0.4732225643518575
S19,overall_score,85.28,75.65377743564815,9.626222564351849,-9.626222564351849
S19,overall_score,86.34,75.65377743564815,10.686222564351851,-10.686222564351851
S19,overall_score,93.99,75.65377743564815,18.336222564351843,-18.336222564351843
S19,overall_score,77.88,75.65377743564815,2.2262225643518434,-2.2262225643518434
S19,overall_score,70.245,75.65377743564815,5.4087774356481475,5.4087774356481475
S19,overall_score,66.0,75.65377743564815,9.653777435648152,9.653777435648152
S19,overall_score,80.48,75.65377743564815,4.826222564351852,-4.826222564351852
S19,overall_score,83.44,75.65377743564815,7.786222564351846,-7.786222564351846
S19,overall_score,81.5,75.65377743564815,5.846222564351848,-5.846222564351848
S19,overall_score,76.57,75.65377743564815,0.9162225643518411,-0.9162225643518411
S19,overall_score,87.66,75.65377743564815,12.006222564351845,-12.006222564351845
S19,overall_score,83.14500000000001,75.65377743564815,7.491222564351858,-7.491222564351858
S19,overall_score,73.5,75.65377743564815,2.153777435648152,2.153777435648152
S20,overall_score,82.8,77.60846363074609,5.19153636925391,-5.19153636925391
S20,overall_score,100.0,77.60846363074609,22.391536369253913,-22.391536369253913
S20,overall_score,85.77,77.60846363074609,8.16153636925391,-8.16153636925391
S20,overall_score,70.0,77.60846363074609,7.608463630746087,7.608463630746087
S20,overall_score,65.085,77.60846363074609,12.523463630746093,12.523463630746093
S20,overall_score,79.925,77.60846363074609,2.3165363692539103,-2.3165363692539103
S20,overall_score,80.67,77.60846363074609,3.061536369253915,-3.061536369253915
S20,overall_score,85.55999999999999,77.60846363074609,7.951536369253901,-7.951536369253901
S20,overall_score,83.5,77.60846363074609,5.891536369253913,-5.891536369253913
S20,overall_score,94.5,77.60846363074609,16.891536369253913,-16.891536369253913
S20,overall_score,82.59,77.60846363074609,4.9815363692539165,-4.9815363692539165
S20,overall_score,75.59,77.60846363074609,2.0184636307460835,2.0184636307460835
S20,overall_score,76.5,77.60846363074609,1.108463630746087,1.108463630746087
S20,overall_score,77.0,77.60846363074609,0.6084636307460869,0.6084636307460869
S20,overall_score,94.835,77.60846363074609,17.226536369253907,-17.226536369253907
S20,overall_score,80.60000000000001,77.60846363074609,2.9915363692539216,-2.9915363692539216
S20,overall_score,78.57000000000001,77.60846363074609,0.9615363692539205,-0.9615363692539205
S20,overall_score,85.98,77.60846363074609,8.371536369253917,-8.371536369253917
S20,overall_score,78.86,77.60846363074609,1.2515363692539125,-1.2515363692539125
S20,overall_score,87.17,77.60846363074609,9.561536369253915,-9.561536369253915
S21,overall_score,74.58,80.46535198708901,5.88535198708901,5.88535198708901
S21,overall_score,77.9,80.46535198708901,2.5653519870890023,2.5653519870890023
S21,overall_score,70.0,80.46535198708901,10.465351987089008,10.465351987089008
S21,overall_score,83.0,80.46535198708901,2.534648012910992,-2.534648012910992
S21,overall_score,73.66,80.46535198708901,6.805351987089011,6.805351987089011
S21,overall_score,74.4,80.46535198708901,6.065351987089002,6.065351987089002
S21,overall_score,72.9,80.46535198708901,7.565351987089002,7.565351987089002
S21,overall_score,73.425,80.46535198708901,7.040351987089011,7.040351987089011
S21,overall_score,84.7,80.46535198708901,4.234648012910995,-4.234648012910995
S21,overall_score,87.5,80.46535198708901,7.034648012910992,-7.034648012910992
S21,overall_score,70.44,80.46535198708901,10.02535198708901,10.02535198708901
S21,overall_score,81.28999999999999,80.46535198708901,0.8246480129109841,-0.8246480129109841
S21,overall_score,63.0,80.46535198708901,17.465351987089008,17.465351987089008
S21,overall_score,76.27,80.46535198708901,4.195351987089012,4.195351987089012
S21,overall_score,79.55,80.46535198708901,0.9153519870890108,0.9153519870890108
S21,overall_score,75.66,80.46535198708901,4.805351987089011,4.805351987089011
S21,overall_score,91.45,80.46535198708901,10.984648012910995,-10.984648012910995
S21,overall_score,69.46,80.46535198708901,11.005351987089014,11.005351987089014
S21,overall_score,72.47,80.46535198708901,7.995351987089009,7.995351987089009
S21,overall_score,72.25,80.46535198708901,8.215351987089008,8.215351987089008
S22,overall_score,78.055,82.26242531645093,4.207425316450923,4.207425316450923
S22,overall_score,70.0,82.26242531645093,12.26242531645093,12.26242531645093
S22,overall_score,76.64,82.26242531645093,5.622425316450929,5.622425316450929
S22,overall_score,76.5,82.26242531645093,5.76242531645093,5.76242531645093
S22,overall_score,78.38,82.26242531645093,3.8824253164509344,3.8824253164509344
S22,overall_score,79.0,82.26242531645093,3.26242531645093,3.26242531645093
S22,overall_score,67.52,82.26242531645093,14.742425316450934,14.742425316450934
S22,overall_score,79.9,82.26242531645093,2.362425316450924,2.362425316450924
S22,overall_score,85.5,82.26242531645093,3.23757468354907,-3.23757468354907
S22,overall_score,56.790000000000006,82.26242531645093,25.472425316450924,25.472425316450924
S22,overall_score,85.5,82.26242531645093,3.23757468354907,-3.23757468354907
S22,overall_score,77.0,82.26242531645093,5.26242531645093,5.26242531645093
S22,overall_score,75.17,82.26242531645093,7.092425316450928,7.092425316450928
S22,overall_score,79.25,82.26242531645093,3.01242531645093,3.01242531645093
S22,overall_score,76.18,82.26242531645093,6.082425316450923,6.082425316450923
S22,overall_score,85.5,82.26242531645093,3.23757468354907,-3.23757468354907
S22,overall_score,74.6,82.26242531645093,7.6624253164509355,7.6624253164509355
S22,overall_score,95.47,82.26242531645093,13.207574683549069,-13.207574683549069
S22,overall_score,71.7,82.26242531645093,10.562425316450927,10.562425316450927
S22,overall_score,69.5,82.26242531645093,12.76242531645093,12.76242531645093
S23,overall_score,78.25999999999999,79.96224481267095,1.7022448126709548,1.7022448126709548
S23,overall_score,66.5,79.96224481267095,13.462244812670946,13.462244812670946
S23,overall_score,89.94,79.96224481267095,9.977755187329052,-9.977755187329052
S23,overall_score,65.0,79.96224481267095,14.962244812670946,14.962244812670946
S23,overall_score,71.44999999999999,79.96224481267095,8.512244812670957,8.512244812670957
S23,overall_score,76.7,79.96224481267095,3.262244812670943,3.262244812670943
S23,overall_score,81.53999999999999,79.96224481267095,1.5777551873290463,-1.5777551873290463
S23,overall_score,87.18,79.96224481267095,7.217755187329061,-7.217755187329061
S23,overall_score,86.5,79.96224481267095,6.537755187329054,-6.537755187329054
S23,overall_score,95.1,79.96224481267095,15.137755187329049,-15.137755187329049
S23,overall_score,83.93,79.96224481267095,3.967755187329061,-3.967755187329061
S23,overall_score,71.5,79.96224481267095,8.462244812670946,8.462244812670946
S23,overall_score,79.66,79.96224481267095,0.30224481267094916,0.30224481267094916
S23,overall_score,82.0,79.96224481267095,2.0377551873290543,-2.0377551873290543
S23,overall_score,72.27000000000001,79.96224481267095,7.6922448126709355,7.6922448126709355
S23,overall_score,78.65,79.96224481267095,1.31224481267094,1.31224481267094
S23,overall_score,73.3,79.96224481267095,6.662244812670949,6.662244812670949
S23,overall_score,72.8,79.96224481267095,7.162244812670949,7.162244812670949
S23,overall_score,92.93,79.96224481267095,12.967755187329061,-12.967755187329061
S23,overall_score,75.98,79.96224481267095,3.9822448126709418,3.9822448126709418
S24,overall_score,83.46000000000001,76.86645529586293,6.593544704137074,-6.593544704137074
S24,overall_score,80.815,76.86645529586293,3.9485447041370634,-3.9485447041370634
S24,overall_score,84.26,76.86645529586293,7.393544704137071,-7.393544704137071
S24,overall_score,82.32,76.86645529586293,5.453544704137059,-5.453544704137059
S24,overall_score,69.14,76.86645529586293,7.726455295862934,7.726455295862934
S24,overall_score,84.03,76.86645529586293,7.163544704137067,-7.163544704137067
S24,overall_score,82.975,76.86645529586293,6.10854470413706,-6.10854470413706
S24,overall_score,83.5,76.86645529586293,6.633544704137066,-6.633544704137066
S24,overall_score,71.8,76.86645529586293,5.066455295862937,5.066455295862937
S24,overall_score,96.07,76.86645529586293,19.20354470413706,-19.20354470413706
S24,overall_score,83.01500000000001,76.86645529586293,6.14854470413708,-6.14854470413708
S24,overall_score,84.19,76.86645529586293,7.323544704137063,-7.323544704137063
S24,overall_score,69.5,76.86645529586293,7.366455295862934,7.366455295862934
S24,overall_score,84.77000000000001,76.86645529586293,7.903544704137076,-7.903544704137076
S24,overall_score,66.6,76.86645529586293,10.26645529586294,10.26645529586294
S24,overall_score,87.0,76.86645529586293,10.133544704137066,-10.133544704137066
S24,overall_score,74.0,76.86645529586293,2.8664552958629343,2.8664552958629343
S24,overall_score,83.74499999999999,76.86645529586293,6.878544704137056,-6.878544704137056
S24,overall_score,99.0,76.86645529586293,22.133544704137066,-22.133544704137066
S24,overall_score,87.89,76.86645529586293,11.023544704137066,-11.023544704137066
S25,overall_score,62.67,70.26488201893704,7.594882018937042,7.594882018937042
S25,overall_score,48.92,70.26488201893704,21.344882018937042,21.344882018937042
S25,overall_score,47.6,70.26488201893704,22.664882018937043,22.664882018937043
S25,overall_score,47.98,70.26488201893704,22.284882018937047,22.284882018937047
S25,overall_score,70.5,70.26488201893704,0.235117981062956,-0.235117981062956
S25,overall_score,62.67,70.26488201893704,7.594882018937042,7.594882018937042
S25,overall_score,62.24,70.26488201893704,8.024882018937042,8.024882018937042
S25,overall_score,60.24,70.26488201893704,10.024882018937042,10.024882018937042
S25,overall_score,60.57000000000001,70.26488201893704,9.694882018937037,9.694882018937037
S25,overall_score,71.58,70.26488201893704,1.3151179810629543,-1.3151179810629543
S25,overall_score,64.9,70.26488201893704,5.364882018937038,5.364882018937038
S25,overall_score,58.3,70.26488201893704,11.964882018937047,11.964882018937047
S25,overall_score,63.8,70.26488201893704,6.464882018937047,6.464882018937047
S25,overall_score,60.875,70.26488201893704,9.389882018937044,9.389882018937044
S25,overall_score,61.68,70.26488201893704,8.584882018937044,8.584882018937044
S25,overall_score,61.025,70.26488201893704,9.239882018937045,9.239882018937045
S25,overall_score,69.07,70.26488201893704,1.1948820189370508,1.1948820189370508
S25,overall_score,63.99,70.26488201893704,6.274882018937042,6.274882018937042
S25,overall_score,62.765,70.26488201893704,7.499882018937043,7.499882018937043
S25,overall_score,55.650000000000006,70.26488201893704,14.614882018937038,14.614882018937038
S26,overall_score,61.760000000000005,57.7575246016516,4.002475398348402,-4.002475398348402
S26,overall_score,48.0,57.7575246016516,9.757524601651603,9.757524601651603
S26,overall_score,60.0,57.7575246016516,2.2424753983483967,-2.2424753983483967
S26,overall_score,55.8,57.7575246016516,1.9575246016516061,1.9575246016516061
S26,overall_score,57.13,57.7575246016516,0.6275246016516007,0.6275246016516007
S26,overall_score,62.56999999999999,57.7575246016516,4.81247539834839,-4.81247539834839
S26,overall_score,64.98,57.7575246016516,7.222475398348401,-7.222475398348401
S26,overall_score,51.900000000000006,57.7575246016516,5.857524601651598,5.857524601651598
S26,overall_score,60.75,57.7575246016516,2.9924753983483967,-2.9924753983483967
S26,overall_score,67.71,57.7575246016516,9.95247539834839,-9.95247539834839
S26,overall_score,68.89,57.7575246016516,11.132475398348397,-11.132475398348397
S26,overall_score,59.900000000000006,57.7575246016516,2.1424753983484024,-2.1424753983484024
S26,overall_score,49.2,57.7575246016516,8.5575246016516,8.5575246016516
S26,overall_score,62.27,57.7575246016516,4.5124753983484,-4.5124753983484
S26,overall_score,63.6,57.7575246016516,5.842475398348398,-5.842475398348398
S26,overall_score,80.42999999999999,57.7575246016516,22.67247539834839,-22.67247539834839
S26,overall_score,65.65,57.7575246016516,7.892475398348402,-7.892475398348402
S26,overall_score,57.38,57.7575246016516,0.37752460165160073,0.37752460165160073
S26,overall_score,69.6,57.7575246016516,11.842475398348391,-11.842475398348391
S26,overall_score,67.465,57.7575246016516,9.7074753983484,-9.7074753983484
S27,overall_score,60.75,63.08419376567484,2.33419376567484,2.33419376567484
S27,overall_score,58.3,63.08419376567484,4.784193765674843,4.784193765674843
S27,overall_score,61.0,63.08419376567484,2.08419376567484,2.08419376567484
S27,overall_score,54.0,63.08419376567484,9.08419376567484,9.08419376567484
S27,overall_score,62.5,63.08419376567484,0.5841937656748399,0.5841937656748399
S27,overall_score,53.56,63.08419376567484,9.524193765674838,9.524193765674838
S27,overall_score,57.86,63.08419376567484,5.2241937656748405,5.2241937656748405
S27,overall_score,67.5,63.08419376567484,4.41580623432516,-4.41580623432516
S27,overall_score,66.28999999999999,63.08419376567484,3.205806234325152,-3.205806234325152
S27,overall_score,66.0,63.08419376567484,2.91580623432516,-2.91580623432516
S27,overall_score,66.125,63.08419376567484,3.04080623432516,-3.04080623432516
S27,overall_score,63.11,63.08419376567484,0.025806234325159494,-0.025806234325159494
S27,overall_score,65.69,63.08419376567484,2.605806234325158,-2.605806234325158
S27,overall_score,71.7,63.08419376567484,8.615806234325163,-8.615806234325163
S27,overall_score,64.1,63.08419376567484,1.0158062343251544,-1.0158062343251544
S27,overall_score,64.9,63.08419376567484,1.8158062343251657,-1.8158062343251657
S27,overall_score,63.35,63.08419376567484,0.2658062343251615,-0.2658062343251615
S27,overall_score,63.83,63.08419376567484,0.7458062343251584,-0.7458062343251584
S27,overall_score,58.7,63.08419376567484,4.384193765674837,4.384193765674837
S27,overall_score,61.185,63.08419376567484,1.8991937656748377,1.8991937656748377
S28,overall_score,61.900000000000006,65.37416445329748,3.474164453297476,3.474164453297476
S28,overall_score,56.09,65.37416445329748,9.284164453297478,9.284164453297478
S28,overall_score,58.1,65.37416445329748,7.27416445329748,7.27416445329748
S28,overall_score,64.0,65.37416445329748,1.3741644532974817,1.3741644532974817
S28,overall_score,58.8,65.37416445329748,6.574164453297485,6.574164453297485
S28,overall_score,59.21,65.37416445329748,6.164164453297481,6.164164453297481
S28,overall_score,63.115,65.37416445329748,2.2591644532974797,2.2591644532974797
S28,overall_score,58.3,65.37416445329748,7.074164453297485,7.074164453297485
S28,overall_score,68.5,65.37416445329748,3.1258355467025183,-3.1258355467025183
S28,overall_score,64.14,65.37416445329748,1.2341644532974811,1.2341644532974811
S28,overall_score,61.54,65.37416445329748,3.8341644532974826,3.8341644532974826
S28,overall_score,71.7,65.37416445329748,6.325835546702521,-6.325835546702521
S28,overall_score,52.9,65.37416445329748,12.474164453297483,12.474164453297483
S28,overall_score,70.9,65.37416445329748,5.525835546702524,-5.525835546702524
S28,overall_score,62.67,65.37416445329748,2.70416445329748,2.70416445329748
S28,overall_score,64.95,65.37416445329748,0.42416445329747887,0.42416445329747887
S28,overall_score,59.1,65.37416445329748,6.27416445329748,6.27416445329748
S28,overall_score,69.32000000000001,65.37416445329748,3.9458355467025257,-3.9458355467025257
S28,overall_score,61.0,65.37416445329748,4.374164453297482,4.374164453297482
S28,overall_score,63.650000000000006,65.37416445329748,1.724164453297476,1.724164453297476
S29,overall_score,62.2,65.90171797112066,3.701717971120658,3.701717971120658
S29,overall_score,56.7,65.90171797112066,9.201717971120658,9.201717971120658
S29,overall_score,57.0,65.90171797112066,8.90171797112066,8.90171797112066
S29,overall_score,64.36,65.90171797112066,1.5417179711206614,1.5417179711206614
S29,overall_score,60.5,65.90171797112066,5.401717971120661,5.401717971120661
S29,overall_score,64.0,65.90171797112066,1.9017179711206609,1.9017179711206609
S29,overall_score,64.5,65.90171797112066,1.4017179711206609,1.4017179711206609
S29,overall_score,64.5,65.90171797112066,1.4017179711206609,1.4017179711206609
S29,overall_score,72.5,65.90171797112066,6.598282028879339,-6.598282028879339
S29,overall_score,69.0,65.90171797112066,3.098282028879339,-3.098282028879339
S29,overall_score,65.6,65.90171797112066,0.30171797112066656,0.30171797112066656
S29,overall_score,70.0,65.90171797112066,4.098282028879339,-4.098282028879339
S29,overall_score,60.2,65.90171797112066,5.701717971120658,5.701717971120658
S29,overall_score,60.14,65.90171797112066,5.76171797112066,5.76171797112066
S29,overall_score,64.65,65.90171797112066,1.2517179711206552,1.2517179711206552
S29,overall_score,58.17999999999999,65.90171797112066,7.721717971120668,7.721717971120668
S29,overall_score,57.0,65.90171797112066,8.90171797112066,8.90171797112066
S29,overall_score,64.315,65.90171797112066,1.5867179711206632,1.5867179711206632
S29,overall_score,64.5,65.90171797112066,1.4017179711206609,1.4017179711206609
S29,overall_score,66.7,65.90171797112066,0.798282028879342,-0.798282028879342
S30,overall_score,63.4,65.6932532642994,2.293253264299402,2.293253264299402
S30,overall_score,62.5,65.6932532642994,3.1932532642994005,3.1932532642994005
S30,overall_score,62.73,65.6932532642994,2.9632532642994036,2.9632532642994036
S30,overall_score,65.31,65.6932532642994,0.3832532642993982,0.3832532642993982
S30,overall_score,63.99,65.6932532642994,1.7032532642993985,1.7032532642993985
S30,overall_score,64.35,65.6932532642994,1.3432532642994062,1.3432532642994062
S30,overall_score,66.34,65.6932532642994,0.6467467357006029,-0.6467467357006029
S30,overall_score,64.7,65.6932532642994,0.9932532642993976,0.9932532642993976
S30,overall_score,55.57000000000001,65.6932532642994,10.123253264299393,10.123253264299393
S30,overall_score,65.13,65.6932532642994,0.563253264299405,0.563253264299405
S30,overall_score,66.82000000000001,65.6932532642994,1.126746735700607,-1.126746735700607
S30,overall_score,67.425,65.6932532642994,1.7317467357005967,-1.7317467357005967
S30,overall_score,66.39999999999999,65.6932532642994,0.706746735700591,-0.706746735700591
S30,overall_score,55.1,65.6932532642994,10.593253264299399,10.593253264299399
S30,overall_score,63.99,65.6932532642994,1.7032532642993985,1.7032532642993985
S30,overall_score,68.945,65.6932532642994,3.2517467357005927,-3.2517467357005927
S30,overall_score,64.1,65.6932532642994,1.5932532642994062,1.5932532642994062
