sample_code,target,model,y_true,y_pred,abs_error,signed_error
S1,protein_ug_g,scheffe_quadratic,81.66666666666669,84.52680270052267,2.86013603385598,2.86013603385598
S10,protein_ug_g,scheffe_quadratic,90.0,86.1213828667374,3.878617133262594,-3.878617133262594
S11,protein_ug_g,scheffe_quadratic,66.04166666666667,118.92464626373693,52.88297959707026,52.88297959707026
S12,protein_ug_g,scheffe_quadratic,69.16666666666667,78.72848392949045,9.56181726282378,9.56181726282378
S13,protein_ug_g,scheffe_quadratic,69.58333333333334,82.45503734051007,12.871704007176731,12.871704007176731
S14,protein_ug_g,scheffe_quadratic,90.41666666666669,79.45922642722401,10.957440239442676,-10.957440239442676
S15,protein_ug_g,scheffe_quadratic,106.45833333333336,80.541028888202,25.91730444513135,-25.91730444513135
S16,protein_ug_g,scheffe_quadratic,80.41666666666669,80.88150823549495,0.46484156882826255,0.46484156882826255
S17,protein_ug_g,scheffe_quadratic,79.58333333333336,99.35288374371925,19.76955041038589,19.76955041038589
S18,protein_ug_g,scheffe_quadratic,91.66666666666669,81.5752608923877,10.091405774278982,-10.091405774278982
S19,protein_ug_g,scheffe_quadratic,81.66666666666669,104.07842190484763,22.411755238180945,22.411755238180945
S2,protein_ug_g,scheffe_quadratic,44.58333333333334,100.9019735547734,56.31864022144006,56.31864022144006
S20,protein_ug_g,scheffe_quadratic,70.00000000000001,87.207913239374,17.20791323937398,17.20791323937398
S21,protein_ug_g,scheffe_quadratic,118.125,80.9483767328126,37.176623267187395,-37.176623267187395
S22,protein_ug_g,scheffe_quadratic,80.20833333333336,107.8328064883842,27.624473155050836,27.624473155050836
S23,protein_ug_g,scheffe_quadratic,88.54166666666667,97.49487000782482,8.953203341158144,8.953203341158144
S24,protein_ug_g,scheffe_quadratic,127.9166666666667,75.90715129872746,52.009515367939244,-52.009515367939244
S25,protein_ug_g,scheffe_quadratic,74.79166666666669,67.39816825667683,7.39349840998986,-7.39349840998986
S26,protein_ug_g,scheffe_quadratic,74.58333333333334,51.42778767133723,23.155545661996115,-23.155545661996115
S27,protein_ug_g,scheffe_quadratic,75.00000000000001,73.74845531546269,1.251544684537322,-1.251544684537322
S28,protein_ug_g,scheffe_quadratic,74.79166666666669,74.46966579233884,0.3220008743278413,-0.3220008743278413
S29,protein_ug_g,scheffe_quadratic,73.95833333333334,87.52691546982587,13.568582136492523,13.568582136492523
S3,protein_ug_g,scheffe_quadratic,60.208333333333336,100.8597386149053,40.65140528157196,40.65140528157196
S30,protein_ug_g,scheffe_quadratic,75.00000000000001,79.2878727222888,4.287872722288782,4.287872722288782
S4,protein_ug_g,scheffe_quadratic,64.58333333333334,72.31683639001912,7.733503056685777,7.733503056685777
S5,protein_ug_g,scheffe_quadratic,127.9166666666667,60.950764439545,66.9659022271217,-66.9659022271217
S6,protein_ug_g,scheffe_quadratic,85.83333333333334,82.52775635055829,3.305576982775051,-3.305576982775051
S7,protein_ug_g,scheffe_quadratic,62.91666666666667,91.4121354946439,28.495468827977234,28.495468827977234
S8,protein_ug_g,scheffe_quadratic,116.875,72.9331432451778,43.9418567548222,-43.9418567548222
S9,protein_ug_g,scheffe_quadratic,123.125,66.99661845571116,56.12838154428884,-56.12838154428884
S1,protein_ug_g,ridge_a,81.66666666666669,91.3826999936484,9.716033326981716,9.716033326981716
S10,protein_ug_g,ridge_a,90.0,78.92670771192803,11.073292288071968,-11.073292288071968
S11,protein_ug_g,ridge_a,66.04166666666667,98.4812377656944,32.43957109902773,32.43957109902773
S12,protein_ug_g,ridge_a,69.16666666666667,79.50511610141241,10.33844943474574,10.33844943474574
S13,protein_ug_g,ridge_a,69.58333333333334,94.5084092958675,24.92507596253415,24.92507596253415
S14,protein_ug_g,ridge_a,90.41666666666669,83.34007313721106,7.0765935294556215,-7.0765935294556215
S15,protein_ug_g,ridge_a,106.45833333333336,86.61873413339909,19.83959919993427,-19.83959919993427
S16,protein_ug_g,ridge_a,80.41666666666669,84.40474382838374,3.988077161717058,3.988077161717058
S17,protein_ug_g,ridge_a,79.58333333333336,89.6782465731617,10.094913239828344,10.094913239828344
S18,protein_ug_g,ridge_a,91.66666666666669,93.60600356379737,1.939336897130687,1.939336897130687
S19,protein_ug_g,ridge_a,81.66666666666669,88.68612215109884,7.019455484432157,7.019455484432157
S2,protein_ug_g,ridge_a,44.58333333333334,81.18862624985405,36.60529291652071,36.60529291652071
S20,protein_ug_g,ridge_a,70.00000000000001,86.00212295246486,16.002122952464845,16.002122952464845
S21,protein_ug_g,ridge_a,118.125,83.66474011753414,34.46025988246586,-34.46025988246586
S22,protein_ug_g,ridge_a,80.20833333333336,89.75545137964397,9.547118046310615,9.547118046310615
S23,protein_ug_g,ridge_a,88.54166666666667,88.66943435904194,0.1277676923752722,0.1277676923752722
S24,protein_ug_g,ridge_a,127.9166666666667,86.44726964531729,41.46939702134941,-41.46939702134941
S25,protein_ug_g,ridge_a,74.79166666666669,69.89536040444312,4.896306262223561,-4.896306262223561
S26,protein_ug_g,ridge_a,74.58333333333334,70.3624323934696,4.220900939863739,-4.220900939863739
S27,protein_ug_g,ridge_a,75.00000000000001,76.91622641511404,1.916226415114025,1.916226415114025
S28,protein_ug_g,ridge_a,74.79166666666669,72.20916422419545,2.582502442471238,-2.582502442471238
S29,protein_ug_g,ridge_a,73.95833333333334,83.11323911478068,9.15490578144734,9.15490578144734
S3,protein_ug_g,ridge_a,60.208333333333336,88.1665935663609,27.958260233027566,27.958260233027566
S30,protein_ug_g,ridge_a,75.00000000000001,78.61831045999614,3.618310459996124,3.618310459996124
S4,protein_ug_g,ridge_a,64.58333333333334,78.92552931002147,14.342195976688132,14.342195976688132
S5,protein_ug_g,ridge_a,127.9166666666667,71.59060064046595,56.32606602620075,-56.32606602620075
S6,protein_ug_g,ridge_a,85.83333333333334,85.82344785448018,0.009885478853163931,-0.009885478853163931
S7,protein_ug_g,ridge_a,62.91666666666667,94.13880292307091,31.22213625640424,31.22213625640424
S8,protein_ug_g,ridge_a,116.875,79.77254331790378,37.10245668209622,-37.10245668209622
S9,protein_ug_g,ridge_a,123.125,86.17425921685776,36.95074078314224,-36.95074078314224
S1,protein_ug_g,ridge_b_no_intercept,81.66666666666669,75.69702089603395,5.969645770632738,-5.969645770632738
S10,protein_ug_g,ridge_b_no_intercept,90.0,72.49989400509854,17.50010599490146,-17.50010599490146
S11,protein_ug_g,ridge_b_no_intercept,66.04166666666667,79.89906956824048,13.857402901573806,13.857402901573806
S12,protein_ug_g,ridge_b_no_intercept,69.16666666666667,72.47625909813436,3.309592431467692,3.309592431467692
S13,protein_ug_g,ridge_b_no_intercept,69.58333333333334,78.07018935313938,8.48685601980604,8.48685601980604
S14,protein_ug_g,ridge_b_no_intercept,90.41666666666669,73.45709072046344,16.959575946203245,-16.959575946203245
S15,protein_ug_g,ridge_b_no_intercept,106.45833333333336,73.14076054271196,33.3175727906214,-33.3175727906214
S16,protein_ug_g,ridge_b_no_intercept,80.41666666666669,74.07693909625107,6.339727570415619,-6.339727570415619
S17,protein_ug_g,ridge_b_no_intercept,79.58333333333336,74.55728048838651,5.026052844946847,-5.026052844946847
S18,protein_ug_g,ridge_b_no_intercept,91.66666666666669,77.67409060597899,13.992576060687696,-13.992576060687696
S19,protein_ug_g,ridge_b_no_intercept,81.66666666666669,76.43241008446735,5.234256582199336,-5.234256582199336
S2,protein_ug_g,ridge_b_no_intercept,44.58333333333334,72.9827677833397,28.399434450006353,28.399434450006353
S20,protein_ug_g,ridge_b_no_intercept,70.00000000000001,74.46808212103122,4.468082121031202,4.468082121031202
S21,protein_ug_g,ridge_b_no_intercept,118.125,73.4783726863282,44.6466273136718,-44.6466273136718
S22,protein_ug_g,ridge_b_no_intercept,80.20833333333336,74.40818451453131,5.800148818802043,-5.800148818802043
S23,protein_ug_g,ridge_b_no_intercept,88.54166666666667,73.53724117325623,15.004425493410437,-15.004425493410437
S24,protein_ug_g,ridge_b_no_intercept,127.9166666666667,73.41578477944375,54.500881887222945,-54.500881887222945
S25,protein_ug_g,ridge_b_no_intercept,74.79166666666669,68.5709735591942,6.220693107472485,-6.220693107472485
S26,protein_ug_g,ridge_b_no_intercept,74.58333333333334,68.5713061435389,6.012027189794438,-6.012027189794438
S27,protein_ug_g,ridge_b_no_intercept,75.00000000000001,70.83558435859022,4.164415641409789,-4.164415641409789
S28,protein_ug_g,ridge_b_no_intercept,74.79166666666669,69.97717710048472,4.814489566181962,-4.814489566181962
S29,protein_ug_g,ridge_b_no_intercept,73.95833333333334,72.93205157812898,1.0262817552043657,-1.0262817552043657
S3,protein_ug_g,ridge_b_no_intercept,60.208333333333336,74.19274288324436,13.984409549911028,13.984409549911028
S30,protein_ug_g,ridge_b_no_intercept,75.00000000000001,72.20282131173211,2.7971786882679055,-2.7971786882679055
S4,protein_ug_g,ridge_b_no_intercept,64.58333333333334,71.48750054479217,6.904167211458827,6.904167211458827
S5,protein_ug_g,ridge_b_no_intercept,127.9166666666667,67.6578392904276,60.2588273762391,-60.2588273762391
S6,protein_ug_g,ridge_b_no_intercept,85.83333333333334,75.07565404614094,10.757679287192403,-10.757679287192403
S7,protein_ug_g,ridge_b_no_intercept,62.91666666666667,78.21706836950963,15.300401702842962,15.300401702842962
S8,protein_ug_g,ridge_b_no_intercept,116.875,70.67552310164231,46.19947689835769,-46.19947689835769
S9,protein_ug_g,ridge_b_no_intercept,123.125,73.62433327930273,49.50066672069727,-49.50066672069727
S1,protein_ug_g,pls,81.66666666666669,91.53492066173706,9.868253995070376,9.868253995070376
S10,protein_ug_g,pls,90.0,78.96710967865694,11.03289032134306,-11.03289032134306
S11,protein_ug_g,pls,66.04166666666667,99.48758303369452,33.44591636702785,33.44591636702785
S12,protein_ug_g,pls,69.16666666666667,79.3491249268735,10.182458260206829,10.182458260206829
S13,protein_ug_g,pls,69.58333333333334,94.98361170533812,25.400278372004777,25.400278372004777
S14,protein_ug_g,pls,90.41666666666669,83.3178395751079,7.098827091558789,-7.098827091558789
S15,protein_ug_g,pls,106.45833333333336,86.69941284223806,19.758920491095296,-19.758920491095296
S16,protein_ug_g,pls,80.41666666666669,84.39461315549012,3.9779464888234344,3.9779464888234344
S17,protein_ug_g,pls,79.58333333333336,89.61628371733664,10.032950384003286,10.032950384003286
S18,protein_ug_g,pls,91.66666666666669,94.3240964518619,2.6574297851952196,2.6574297851952196
S19,protein_ug_g,pls,81.66666666666669,89.28877970161636,7.6221130349496775,7.6221130349496775
S2,protein_ug_g,pls,44.58333333333334,80.92780981653446,36.34447648320112,36.34447648320112
S20,protein_ug_g,pls,70.00000000000001,86.01906892770937,16.019068927709355,16.019068927709355
S21,protein_ug_g,pls,118.125,83.82255303544086,34.30244696455914,-34.30244696455914
S22,protein_ug_g,pls,80.20833333333336,89.66717520078984,9.458841867456485,9.458841867456485
S23,protein_ug_g,pls,88.54166666666667,88.6019391344616,0.06027246779493112,0.06027246779493112
S24,protein_ug_g,pls,127.9166666666667,86.54658252717506,41.37008413949164,-41.37008413949164
S25,protein_ug_g,pls,74.79166666666669,69.2473425904437,5.544324076222992,-5.544324076222992
S26,protein_ug_g,pls,74.58333333333334,69.75426630277326,4.829067030560083,-4.829067030560083
S27,protein_ug_g,pls,75.00000000000001,76.49258475297394,1.4925847529739258,1.4925847529739258
S28,protein_ug_g,pls,74.79166666666669,71.86165164215284,2.9300150245138497,-2.9300150245138497
S29,protein_ug_g,pls,73.95833333333334,82.87588572877539,8.917552395442044,8.917552395442044
S3,protein_ug_g,pls,60.208333333333336,88.0575841277945,27.849250794461163,27.849250794461163
S30,protein_ug_g,pls,75.00000000000001,78.43419103618906,3.4341910361890484,3.4341910361890484
S4,protein_ug_g,pls,64.58333333333334,78.57412293910667,13.99078960577333,13.99078960577333
S5,protein_ug_g,pls,127.9166666666667,70.97739219767472,56.93927446899198,-56.93927446899198
S6,protein_ug_g,pls,85.83333333333334,86.05676780694732,0.2234344736139775,0.2234344736139775
S7,protein_ug_g,pls,62.91666666666667,94.62106906718722,31.70440240052055,31.70440240052055
S8,protein_ug_g,pls,116.875,79.41192162157274,37.463078378427255,-37.463078378427255
S9,protein_ug_g,pls,123.125,86.49258826541232,36.63241173458768,-36.63241173458768
S1,protein_ug_g,gpr,81.66666666666669,84.27442833809343,2.6077616714267435,2.6077616714267435
S10,protein_ug_g,gpr,90.0,83.98706861313622,6.012931386863784,-6.012931386863784
S11,protein_ug_g,gpr,66.04166666666667,84.81321951226116,18.771552845594485,18.771552845594485
S12,protein_ug_g,gpr,69.16666666666667,84.7054595874358,15.538792920769126,15.538792920769126
S13,protein_ug_g,gpr,69.58333333333334,84.69109204332399,15.107758709990648,15.107758709990648
S14,protein_ug_g,gpr,90.41666666666669,83.97270051126334,6.443966155403345,-6.443966155403345
S15,protein_ug_g,gpr,106.45833333333336,83.41953988810356,23.0387934452298,-23.0387934452298
S16,protein_ug_g,gpr,80.41666666666669,84.31752913074553,3.900862464078841,3.900862464078841
S17,protein_ug_g,gpr,79.58333333333336,84.34626961740103,4.762936284067678,4.762936284067678
S18,protein_ug_g,gpr,91.66666666666669,83.92959764943826,7.737069017228421,-7.737069017228421
S19,protein_ug_g,gpr,81.66666666666669,84.2744268041289,2.6077601374622077,2.6077601374622077
S2,protein_ug_g,gpr,44.58333333333334,85.5531608667084,40.96982753337505,40.96982753337505
S20,protein_ug_g,gpr,70.00000000000001,84.67672618524144,14.67672618524142,14.67672618524142
S21,protein_ug_g,gpr,118.125,83.01719953253865,35.107800467461345,-35.107800467461345
S22,protein_ug_g,gpr,80.20833333333336,84.32471356592299,4.116380232589634,4.116380232589634
S23,protein_ug_g,gpr,88.54166666666667,84.03736205515013,4.504304611516545,-4.504304611516545
S24,protein_ug_g,gpr,127.9166666666667,82.67959791809437,45.23706874857233,-45.23706874857233
S25,protein_ug_g,gpr,74.79166666666669,84.51149392473569,9.719827258069003,9.719827258069003
S26,protein_ug_g,gpr,74.58333333333334,84.51867789097587,9.935344557642523,9.935344557642523
S27,protein_ug_g,gpr,75.00000000000001,84.50430994317959,9.504309943179578,9.504309943179578
S28,protein_ug_g,gpr,74.79166666666669,84.511493868658,9.719827201991308,9.719827201991308
S29,protein_ug_g,gpr,73.95833333333334,84.5402304383384,10.581897105005055,10.581897105005055
S3,protein_ug_g,gpr,60.208333333333336,85.01436833962417,24.806035006290834,24.806035006290834
S30,protein_ug_g,gpr,75.00000000000001,84.50430974446496,9.504309744464948,9.504309744464948
S4,protein_ug_g,gpr,64.58333333333334,84.8635053917391,20.280172058405753,20.280172058405753
S5,protein_ug_g,gpr,127.9166666666667,82.679597639864,45.2370690268027,-45.2370690268027
S6,protein_ug_g,gpr,85.83333333333334,84.13074712370774,1.7025862096256077,-1.7025862096256077
S7,protein_ug_g,gpr,62.91666666666667,84.92098356194663,22.004316895279956,22.004316895279956
S8,protein_ug_g,gpr,116.875,83.0603451988137,33.81465480118629,-33.81465480118629
S9,protein_ug_g,gpr,123.125,82.84482743825035,40.28017256174965,-40.28017256174965
S1,protein_ug_g,random_forest,81.66666666666669,89.24577804333009,7.5791113766634055,7.5791113766634055
S10,protein_ug_g,random_forest,90.0,74.39019179894186,15.609808201058144,-15.609808201058144
S11,protein_ug_g,random_forest,66.04166666666667,94.11742494388335,28.07575827721668,28.07575827721668
S12,protein_ug_g,random_forest,69.16666666666667,76.08349664224666,6.9168299755799865,6.9168299755799865
S13,protein_ug_g,random_forest,69.58333333333334,90.10835108949695,20.525017756163606,20.525017756163606
S14,protein_ug_g,random_forest,90.41666666666669,87.22710999841203,3.189556668254653,-3.189556668254653
S15,protein_ug_g,random_forest,106.45833333333336,87.28056377491434,19.177769558419016,-19.177769558419016
S16,protein_ug_g,random_forest,80.41666666666669,89.91373895972858,9.49707229306189,9.49707229306189
S17,protein_ug_g,random_forest,79.58333333333336,92.48806535092989,12.90473201759653,12.90473201759653
S18,protein_ug_g,random_forest,91.66666666666669,87.04571403519323,4.6209526314734575,-4.6209526314734575
S19,protein_ug_g,random_forest,81.66666666666669,93.13120121969078,11.464534553024095,11.464534553024095
S2,protein_ug_g,random_forest,44.58333333333334,79.64287100245437,35.05953766912103,35.05953766912103
S20,protein_ug_g,random_forest,70.00000000000001,95.3814576819785,25.38145768197849,25.38145768197849
S21,protein_ug_g,random_forest,118.125,77.49100150813693,40.63399849186307,-40.63399849186307
S22,protein_ug_g,random_forest,80.20833333333336,83.93742575904035,3.7290924257069946,3.7290924257069946
S23,protein_ug_g,random_forest,88.54166666666667,92.38812661682448,3.846459950157808,3.846459950157808
S24,protein_ug_g,random_forest,127.9166666666667,84.07823286281618,43.83843380385052,-43.83843380385052
S25,protein_ug_g,random_forest,74.79166666666669,72.95511229703936,1.836554369627322,-1.836554369627322
S26,protein_ug_g,random_forest,74.58333333333334,71.78175961384304,2.8015737194903068,-2.8015737194903068
S27,protein_ug_g,random_forest,75.00000000000001,71.19464812193985,3.805351878060165,-3.805351878060165
S28,protein_ug_g,random_forest,74.79166666666669,76.72992766878185,1.9382610021151692,1.9382610021151692
S29,protein_ug_g,random_forest,73.95833333333334,87.47604641307768,13.51771307974434,13.51771307974434
S3,protein_ug_g,random_forest,60.208333333333336,96.71057470885597,36.50224137552264,36.50224137552264
S30,protein_ug_g,random_forest,75.00000000000001,77.45244911916792,2.452449119167909,2.452449119167909
S4,protein_ug_g,random_forest,64.58333333333334,77.9938256072631,13.410492273929762,13.410492273929762
S5,protein_ug_g,random_forest,127.9166666666667,78.71579470298222,49.20087196368448,-49.20087196368448
S6,protein_ug_g,random_forest,85.83333333333334,90.55045995478291,4.717126621449566,4.717126621449566
S7,protein_ug_g,random_forest,62.91666666666667,92.72752896794564,29.810862301278974,29.810862301278974
S8,protein_ug_g,random_forest,116.875,81.68463025593232,35.19036974406768,-35.19036974406768
S9,protein_ug_g,random_forest,123.125,81.23362985008814,41.891370149911864,-41.891370149911864
S1,protein_ug_g,xgboost,81.66666666666669,96.96894073486328,15.302274068196596,15.302274068196596
S10,protein_ug_g,xgboost,90.0,71.34834289550781,18.651657104492188,-18.651657104492188
S11,protein_ug_g,xgboost,66.04166666666667,90.24315643310547,24.201489766438797,24.201489766438797
S12,protein_ug_g,xgboost,69.16666666666667,75.20741271972656,6.040746053059891,6.040746053059891
S13,protein_ug_g,xgboost,69.58333333333334,86.41525268554688,16.831919352213532,16.831919352213532
S14,protein_ug_g,xgboost,90.41666666666669,81.8137435913086,8.602923075358092,-8.602923075358092
S15,protein_ug_g,xgboost,106.45833333333336,76.51171112060547,29.94662221272789,-29.94662221272789
S16,protein_ug_g,xgboost,80.41666666666669,89.90186309814453,9.485196431477846,9.485196431477846
S17,protein_ug_g,xgboost,79.58333333333336,89.06368255615234,9.480349222818987,9.480349222818987
S18,protein_ug_g,xgboost,91.66666666666669,83.66128540039062,8.00538126627606,-8.00538126627606
S19,protein_ug_g,xgboost,81.66666666666669,89.34730529785156,7.680638631184877,7.680638631184877
S2,protein_ug_g,xgboost,44.58333333333334,80.71649932861328,36.13316599527994,36.13316599527994
S20,protein_ug_g,xgboost,70.00000000000001,100.44830322265625,30.448303222656236,30.448303222656236
S21,protein_ug_g,xgboost,118.125,75.4544448852539,42.670555114746094,-42.670555114746094
S22,protein_ug_g,xgboost,80.20833333333336,92.84398651123047,12.635653177897112,12.635653177897112
S23,protein_ug_g,xgboost,88.54166666666667,87.74607849121094,0.7955881754557339,-0.7955881754557339
S24,protein_ug_g,xgboost,127.9166666666667,82.54447174072266,45.372194925944044,-45.372194925944044
S25,protein_ug_g,xgboost,74.79166666666669,75.17796325683594,0.3862965901692519,0.3862965901692519
S26,protein_ug_g,xgboost,74.58333333333334,69.7249755859375,4.858357747395843,-4.858357747395843
S27,protein_ug_g,xgboost,75.00000000000001,71.0120620727539,3.987937927246108,-3.987937927246108
S28,protein_ug_g,xgboost,74.79166666666669,75.83953094482422,1.0478642781575331,1.0478642781575331
S29,protein_ug_g,xgboost,73.95833333333334,82.48797607421875,8.529642740885407,8.529642740885407
S3,protein_ug_g,xgboost,60.208333333333336,94.70207214355469,34.49373881022135,34.49373881022135
S30,protein_ug_g,xgboost,75.00000000000001,77.65444946289062,2.654449462890611,2.654449462890611
S4,protein_ug_g,xgboost,64.58333333333334,76.82746887207031,12.24413553873697,12.24413553873697
S5,protein_ug_g,xgboost,127.9166666666667,77.66297149658203,50.25369517008467,-50.25369517008467
S6,protein_ug_g,xgboost,85.83333333333334,90.41615295410156,4.58281962076822,4.58281962076822
S7,protein_ug_g,xgboost,62.91666666666667,93.09803009033203,30.18136342366536,30.18136342366536
S8,protein_ug_g,xgboost,116.875,80.0025405883789,36.872459411621094,-36.872459411621094
S9,protein_ug_g,xgboost,123.125,81.3064956665039,41.818504333496094,-41.818504333496094
S1,protein_ug_g,catboost,81.66666666666669,94.48663171842895,12.819965051762267,12.819965051762267
S10,protein_ug_g,catboost,90.0,74.63543439512544,15.364565604874556,-15.364565604874556
S11,protein_ug_g,catboost,66.04166666666667,94.18923438110546,28.147567714438793,28.147567714438793
S12,protein_ug_g,catboost,69.16666666666667,78.12414399680826,8.957477330141586,8.957477330141586
S13,protein_ug_g,catboost,69.58333333333334,83.62233634864894,14.0390030153156,14.0390030153156
S14,protein_ug_g,catboost,90.41666666666669,81.55941285953271,8.857253807133972,-8.857253807133972
S15,protein_ug_g,catboost,106.45833333333336,80.60493644435557,25.853396888977784,-25.853396888977784
S16,protein_ug_g,catboost,80.41666666666669,88.71436034324802,8.297693676581332,8.297693676581332
S17,protein_ug_g,catboost,79.58333333333336,92.18342291406398,12.600089580730625,12.600089580730625
S18,protein_ug_g,catboost,91.66666666666669,81.68666367469609,9.980002991970593,-9.980002991970593
S19,protein_ug_g,catboost,81.66666666666669,91.20453305195895,9.537866385292261,9.537866385292261
S2,protein_ug_g,catboost,44.58333333333334,80.98231389738129,36.398980564047946,36.398980564047946
S20,protein_ug_g,catboost,70.00000000000001,92.37727318593933,22.377273185939316,22.377273185939316
S21,protein_ug_g,catboost,118.125,77.32956481159925,40.795435188400745,-40.795435188400745
S22,protein_ug_g,catboost,80.20833333333336,91.89836161948288,11.690028286149527,11.690028286149527
S23,protein_ug_g,catboost,88.54166666666667,94.40262958787568,5.860962921209008,5.860962921209008
S24,protein_ug_g,catboost,127.9166666666667,85.57204490585275,42.34462176081395,-42.34462176081395
S25,protein_ug_g,catboost,74.79166666666669,72.44097227496029,2.350694391706398,-2.350694391706398
S26,protein_ug_g,catboost,74.58333333333334,74.32976565067895,0.253567682654392,-0.253567682654392
S27,protein_ug_g,catboost,75.00000000000001,71.89041715331348,3.1095828466865356,-3.1095828466865356
S28,protein_ug_g,catboost,74.79166666666669,78.21330259073552,3.4216359240688377,3.4216359240688377
S29,protein_ug_g,catboost,73.95833333333334,88.23707664721319,14.278743313879843,14.278743313879843
S3,protein_ug_g,catboost,60.208333333333336,90.2578174802481,30.049484146914757,30.049484146914757
S30,protein_ug_g,catboost,75.00000000000001,75.32105519325684,0.3210551932568251,0.3210551932568251
S4,protein_ug_g,catboost,64.58333333333334,76.4508147199349,11.867481386601554,11.867481386601554
S5,protein_ug_g,catboost,127.9166666666667,75.90193595442257,52.01473071224413,-52.01473071224413
S6,protein_ug_g,catboost,85.83333333333334,87.5564616455922,1.7231283122588508,1.7231283122588508
S7,protein_ug_g,catboost,62.91666666666667,91.74886077960672,28.832194112940044,28.832194112940044
S8,protein_ug_g,catboost,116.875,76.26012321744466,40.61487678255534,-40.61487678255534
S9,protein_ug_g,catboost,123.125,80.08928557419863,43.03571442580137,-43.03571442580137
S1,protein_ug_g,mean,81.66666666666669,84.27442528735632,2.607758620689637,2.607758620689637
S10,protein_ug_g,mean,90.0,83.98706896551724,6.012931034482762,-6.012931034482762
S11,protein_ug_g,mean,66.04166666666667,84.81321839080461,18.771551724137936,18.771551724137936
S12,protein_ug_g,mean,69.16666666666667,84.70545977011494,15.53879310344827,15.53879310344827
S13,protein_ug_g,mean,69.58333333333334,84.691091954023,15.107758620689651,15.107758620689651
S14,protein_ug_g,mean,90.41666666666669,83.97270114942529,6.443965517241395,-6.443965517241395
S15,protein_ug_g,mean,106.45833333333336,83.41954022988507,23.038793103448285,-23.038793103448285
S16,protein_ug_g,mean,80.41666666666669,84.3175287356322,3.900862068965509,3.900862068965509
S17,protein_ug_g,mean,79.58333333333336,84.3462643678161,4.762931034482747,4.762931034482747
S18,protein_ug_g,mean,91.66666666666669,83.92959770114943,7.737068965517253,-7.737068965517253
S19,protein_ug_g,mean,81.66666666666669,84.27442528735632,2.607758620689637,2.607758620689637
S2,protein_ug_g,mean,44.58333333333334,85.55316091954025,40.969827586206904,40.969827586206904
S20,protein_ug_g,mean,70.00000000000001,84.67672413793105,14.676724137931032,14.676724137931032
S21,protein_ug_g,mean,118.125,83.01724137931035,35.10775862068965,-35.10775862068965
S22,protein_ug_g,mean,80.20833333333336,84.32471264367817,4.116379310344811,4.116379310344811
S23,protein_ug_g,mean,88.54166666666667,84.03735632183908,4.504310344827587,-4.504310344827587
S24,protein_ug_g,mean,127.9166666666667,82.67959770114943,45.23706896551727,-45.23706896551727
S25,protein_ug_g,mean,74.79166666666669,84.51149425287358,9.71982758620689,9.71982758620689
S26,protein_ug_g,mean,74.58333333333334,84.51867816091955,9.935344827586206,9.935344827586206
S27,protein_ug_g,mean,75.00000000000001,84.5043103448276,9.504310344827587,9.504310344827587
S28,protein_ug_g,mean,74.79166666666669,84.51149425287358,9.71982758620689,9.71982758620689
S29,protein_ug_g,mean,73.95833333333334,84.54022988505749,10.581896551724142,10.581896551724142
S3,protein_ug_g,mean,60.208333333333336,85.01436781609196,24.806034482758626,24.806034482758626
S30,protein_ug_g,mean,75.00000000000001,84.50431034482759,9.504310344827573,9.504310344827573
S4,protein_ug_g,mean,64.58333333333334,84.86350574712645,20.28017241379311,20.28017241379311
S5,protein_ug_g,mean,127.9166666666667,82.67959770114943,45.23706896551727,-45.23706896551727
S6,protein_ug_g,mean,85.83333333333334,84.13074712643679,1.7025862068965552,-1.7025862068965552
S7,protein_ug_g,mean,62.91666666666667,84.92097701149427,22.0043103448276,22.0043103448276
S8,protein_ug_g,mean,116.875,83.06034482758622,33.81465517241378,-33.81465517241378
S9,protein_ug_g,mean,123.125,82.84482758620692,40.28017241379308,-40.28017241379308
S1,protein_ug_g,nearest_recipe,81.66666666666669,69.58333333333334,12.083333333333343,-12.083333333333343
S10,protein_ug_g,nearest_recipe,90.0,69.16666666666667,20.83333333333333,-20.83333333333333
S11,protein_ug_g,nearest_recipe,66.04166666666667,91.66666666666669,25.625000000000014,25.625000000000014
S12,protein_ug_g,nearest_recipe,69.16666666666667,90.0,20.83333333333333,20.83333333333333
S13,protein_ug_g,nearest_recipe,69.58333333333334,81.66666666666669,12.083333333333343,12.083333333333343
S14,protein_ug_g,nearest_recipe,90.41666666666669,81.66666666666669,8.75,-8.75
S15,protein_ug_g,nearest_recipe,106.45833333333336,70.00000000000001,36.45833333333334,-36.45833333333334
S16,protein_ug_g,nearest_recipe,80.41666666666669,69.16666666666667,11.250000000000014,-11.250000000000014
S17,protein_ug_g,nearest_recipe,79.58333333333336,80.20833333333336,0.625,0.625
S18,protein_ug_g,nearest_recipe,91.66666666666669,66.04166666666667,25.625000000000014,-25.625000000000014
S19,protein_ug_g,nearest_recipe,81.66666666666669,90.0,8.333333333333314,8.333333333333314
S2,protein_ug_g,nearest_recipe,44.58333333333334,90.41666666666669,45.83333333333334,45.83333333333334
S20,protein_ug_g,nearest_recipe,70.00000000000001,69.16666666666667,0.8333333333333428,-0.8333333333333428
S21,protein_ug_g,nearest_recipe,118.125,90.0,28.125,-28.125
S22,protein_ug_g,nearest_recipe,80.20833333333336,81.66666666666669,1.4583333333333286,1.4583333333333286
S23,protein_ug_g,nearest_recipe,88.54166666666667,106.45833333333336,17.916666666666686,17.916666666666686
S24,protein_ug_g,nearest_recipe,127.9166666666667,106.45833333333336,21.458333333333343,-21.458333333333343
S25,protein_ug_g,nearest_recipe,74.79166666666669,44.58333333333334,30.208333333333343,-30.208333333333343
S26,protein_ug_g,nearest_recipe,74.58333333333334,69.16666666666667,5.416666666666671,-5.416666666666671
S27,protein_ug_g,nearest_recipe,75.00000000000001,69.16666666666667,5.833333333333343,-5.833333333333343
S28,protein_ug_g,nearest_recipe,74.79166666666669,90.0,15.208333333333314,15.208333333333314
S29,protein_ug_g,nearest_recipe,73.95833333333334,90.41666666666669,16.458333333333343,16.458333333333343
S3,protein_ug_g,nearest_recipe,60.208333333333336,106.45833333333336,46.25000000000002,46.25000000000002
S30,protein_ug_g,nearest_recipe,75.00000000000001,90.0,14.999999999999986,14.999999999999986
S4,protein_ug_g,nearest_recipe,64.58333333333334,69.16666666666667,4.583333333333329,4.583333333333329
S5,protein_ug_g,nearest_recipe,127.9166666666667,81.66666666666669,46.250000000000014,-46.250000000000014
S6,protein_ug_g,nearest_recipe,85.83333333333334,90.0,4.166666666666657,4.166666666666657
S7,protein_ug_g,nearest_recipe,62.91666666666667,66.04166666666667,3.125,3.125
S8,protein_ug_g,nearest_recipe,116.875,80.41666666666669,36.458333333333314,-36.458333333333314
S9,protein_ug_g,nearest_recipe,123.125,66.04166666666667,57.08333333333333,-57.08333333333333
S1,tss_ug_g,scheffe_quadratic,1834.85,2493.1971710759954,658.3471710759954,658.3471710759954
S10,tss_ug_g,scheffe_quadratic,2486.28,2404.92605968115,81.35394031885016,-81.35394031885016
S11,tss_ug_g,scheffe_quadratic,2156.571,2116.575618614272,39.995381385727796,-39.995381385727796
S12,tss_ug_g,scheffe_quadratic,2486.28,2460.509052333566,25.77094766643404,-25.77094766643404
S13,tss_ug_g,scheffe_quadratic,2717.71,2178.720362146357,538.9896378536432,-538.9896378536432
S14,tss_ug_g,scheffe_quadratic,2226.28,2474.6676560367273,248.3876560367271,248.3876560367271
S15,tss_ug_g,scheffe_quadratic,2172.0,2840.318806006939,668.3188060069392,668.3188060069392
S16,tss_ug_g,scheffe_quadratic,2515.366,2567.4067748014063,52.040774801406315,52.040774801406315
S17,tss_ug_g,scheffe_quadratic,1990.57,2974.4352077968942,983.8652077968943,983.8652077968943
S18,tss_ug_g,scheffe_quadratic,2117.71,2580.695000553711,462.98500055371096,462.98500055371096
S19,tss_ug_g,scheffe_quadratic,3211.85714285714,2253.9601410235914,957.8970018335485,-957.8970018335485
S2,tss_ug_g,scheffe_quadratic,2103.42,2257.496980706356,154.07698070635615,154.07698070635615
S20,tss_ug_g,scheffe_quadratic,2669.142,2597.2774021833234,71.86459781667645,-71.86459781667645
S21,tss_ug_g,scheffe_quadratic,2137.71428571429,2524.0493276228194,386.33504190852955,386.33504190852955
S22,tss_ug_g,scheffe_quadratic,2883.42,1753.5200610731154,1129.8999389268847,-1129.8999389268847
S23,tss_ug_g,scheffe_quadratic,2834.857,2915.8236693662284,80.96666936622842,80.96666936622842
S24,tss_ug_g,scheffe_quadratic,2549.14,2424.824950440796,124.315049559204,-124.315049559204
S25,tss_ug_g,scheffe_quadratic,2846.28,1141.0927428687592,1705.187257131241,-1705.187257131241
S26,tss_ug_g,scheffe_quadratic,1874.8571428571424,2483.11675588817,608.2596130310274,608.2596130310274
S27,tss_ug_g,scheffe_quadratic,1867.71,2685.923555196353,818.2135551963529,818.2135551963529
S28,tss_ug_g,scheffe_quadratic,1774.85714285714,2244.566953310292,469.70981045315193,469.70981045315193
S29,tss_ug_g,scheffe_quadratic,2709.14,2520.855611486023,188.28438851397686,-188.28438851397686
S3,tss_ug_g,scheffe_quadratic,3412.0,2748.837200880847,663.1627991191531,-663.1627991191531
S30,tss_ug_g,scheffe_quadratic,1862.0,2489.117715113509,627.1177151135089,627.1177151135089
S4,tss_ug_g,scheffe_quadratic,2973.42,2676.0186922959547,297.4013077040454,-297.4013077040454
S5,tss_ug_g,scheffe_quadratic,2094.85,2272.9162964063594,178.06629640635947,178.06629640635947
S6,tss_ug_g,scheffe_quadratic,2729.14,2507.0327748592276,222.10722514077224,-222.10722514077224
S7,tss_ug_g,scheffe_quadratic,2877.71,2122.7014747566695,755.0085252433305,-755.0085252433305
S8,tss_ug_g,scheffe_quadratic,3103.428571428572,2785.4620651019086,317.9665063266634,-317.9665063266634
S9,tss_ug_g,scheffe_quadratic,2057.71,2998.963379842735,941.2533798427348,941.2533798427348
S1,tss_ug_g,ridge_a,1834.85,2397.55217665101,562.7021766510102,562.7021766510102
S10,tss_ug_g,ridge_a,2486.28,2273.956096543639,212.32390345636122,-212.32390345636122
S11,tss_ug_g,ridge_a,2156.571,2566.8656784295704,410.29467842957047,410.29467842957047
S12,tss_ug_g,ridge_a,2486.28,2441.525390070457,44.75460992954322,-44.75460992954322
S13,tss_ug_g,ridge_a,2717.71,2256.7139183309605,460.99608166903954,-460.99608166903954
S14,tss_ug_g,ridge_a,2226.28,2288.364269718491,62.08426971849076,62.08426971849076
S15,tss_ug_g,ridge_a,2172.0,2954.3849298060395,782.3849298060395,782.3849298060395
S16,tss_ug_g,ridge_a,2515.366,2450.3567321868013,65.00926781319868,-65.00926781319868
S17,tss_ug_g,ridge_a,1990.57,2702.1145805995375,711.5445805995375,711.5445805995375
S18,tss_ug_g,ridge_a,2117.71,2372.4723429902465,254.76234299024645,254.76234299024645
S19,tss_ug_g,ridge_a,3211.85714285714,2187.321430990067,1024.5357118670731,-1024.5357118670731
S2,tss_ug_g,ridge_a,2103.42,2275.1237208118296,171.7037208118295,171.7037208118295
S20,tss_ug_g,ridge_a,2669.142,2617.479626699917,51.66237330008289,-51.66237330008289
S21,tss_ug_g,ridge_a,2137.71428571429,2501.9363483035177,364.2220625892278,364.2220625892278
S22,tss_ug_g,ridge_a,2883.42,2333.9650761710486,549.4549238289515,-549.4549238289515
S23,tss_ug_g,ridge_a,2834.857,2763.6317315929837,71.2252684070163,-71.2252684070163
S24,tss_ug_g,ridge_a,2549.14,2637.3749661926436,88.2349661926437,88.2349661926437
S25,tss_ug_g,ridge_a,2846.28,2114.656720078935,731.6232799210652,-731.6232799210652
S26,tss_ug_g,ridge_a,1874.8571428571424,2529.9826219780657,655.1254791209233,655.1254791209233
S27,tss_ug_g,ridge_a,1867.71,2468.0192607864583,600.3092607864583,600.3092607864583
S28,tss_ug_g,ridge_a,1774.85714285714,2376.9988363758134,602.1416935186735,602.1416935186735
S29,tss_ug_g,ridge_a,2709.14,2405.1992814891696,303.94071851083027,-303.94071851083027
S3,tss_ug_g,ridge_a,3412.0,2625.331036629629,786.6689633703709,-786.6689633703709
S30,tss_ug_g,ridge_a,1862.0,2312.134540364776,450.13454036477606,450.13454036477606
S4,tss_ug_g,ridge_a,2973.42,2536.108467471635,437.3115325283652,-437.3115325283652
S5,tss_ug_g,ridge_a,2094.85,2297.5781019375327,202.72810193753276,202.72810193753276
S6,tss_ug_g,ridge_a,2729.14,2274.9614907135197,454.1785092864802,-454.1785092864802
S7,tss_ug_g,ridge_a,2877.71,2450.57663993657,427.13336006343025,-427.13336006343025
S8,tss_ug_g,ridge_a,3103.428571428572,2555.5952869673633,547.8332844612087,-547.8332844612087
S9,tss_ug_g,ridge_a,2057.71,2457.3705790064487,399.66057900644864,399.66057900644864
S1,tss_ug_g,ridge_b_no_intercept,1834.85,2118.7842751146836,283.9342751146837,283.9342751146837
S10,tss_ug_g,ridge_b_no_intercept,2486.28,2085.647343395161,400.6326566048392,-400.6326566048392
S11,tss_ug_g,ridge_b_no_intercept,2156.571,2180.5845252135814,24.013525213581488,24.013525213581488
S12,tss_ug_g,ridge_b_no_intercept,2486.28,2144.602241428332,341.67775857166816,-341.67775857166816
S13,tss_ug_g,ridge_b_no_intercept,2717.71,2061.97869286575,655.7313071342501,-655.7313071342501
S14,tss_ug_g,ridge_b_no_intercept,2226.28,2089.834411642725,136.44558835727503,-136.44558835727503
S15,tss_ug_g,ridge_b_no_intercept,2172.0,2288.8028178061227,116.80281780612268,116.80281780612268
S16,tss_ug_g,ridge_b_no_intercept,2515.366,2147.1663170323445,368.19968296765546,-368.19968296765546
S17,tss_ug_g,ridge_b_no_intercept,1990.57,2221.048760133271,230.47876013327118,230.47876013327118
S18,tss_ug_g,ridge_b_no_intercept,2117.71,2117.0244525829635,0.6855474170365596,-0.6855474170365596
S19,tss_ug_g,ridge_b_no_intercept,3211.85714285714,2026.7671498564573,1185.0899930006826,-1185.0899930006826
S2,tss_ug_g,ridge_b_no_intercept,2103.42,2086.500059484665,16.91994051533493,-16.91994051533493
S20,tss_ug_g,ridge_b_no_intercept,2669.142,2196.035468689845,473.1065313101549,-473.1065313101549
S21,tss_ug_g,ridge_b_no_intercept,2137.71428571429,2171.367462824983,33.65317711069292,33.65317711069292
S22,tss_ug_g,ridge_b_no_intercept,2883.42,2070.2467415976803,813.1732584023198,-813.1732584023198
S23,tss_ug_g,ridge_b_no_intercept,2834.857,2209.9268980589036,624.9301019410964,-624.9301019410964
S24,tss_ug_g,ridge_b_no_intercept,2549.14,2198.7678790490822,350.37212095091763,-350.37212095091763
S25,tss_ug_g,ridge_b_no_intercept,2846.28,2019.180994333739,827.0990056662613,-827.0990056662613
S26,tss_ug_g,ridge_b_no_intercept,1874.8571428571424,2178.350589742694,303.4934468855515,303.4934468855515
S27,tss_ug_g,ridge_b_no_intercept,1867.71,2163.4635186027454,295.7535186027453,295.7535186027453
S28,tss_ug_g,ridge_b_no_intercept,1774.85714285714,2133.0629673218714,358.20582446473145,358.20582446473145
S29,tss_ug_g,ridge_b_no_intercept,2709.14,2116.990085284034,592.1499147159657,-592.1499147159657
S3,tss_ug_g,ridge_b_no_intercept,3412.0,2157.547160509753,1254.4528394902468,-1254.4528394902468
S30,tss_ug_g,ridge_b_no_intercept,1862.0,2111.2766278206404,249.27662782064044,249.27662782064044
S4,tss_ug_g,ridge_b_no_intercept,2973.42,2155.1378546937644,818.2821453062356,-818.2821453062356
S5,tss_ug_g,ridge_b_no_intercept,2094.85,2083.6979679167557,11.152032083244194,-11.152032083244194
S6,tss_ug_g,ridge_b_no_intercept,2729.14,2078.7803139721823,650.3596860278176,-650.3596860278176
S7,tss_ug_g,ridge_b_no_intercept,2877.71,2131.4547395730947,746.2552604269054,-746.2552604269054
S8,tss_ug_g,ridge_b_no_intercept,3103.428571428572,2161.1035924410266,942.3249789875454,-942.3249789875454
S9,tss_ug_g,ridge_b_no_intercept,2057.71,2139.519850622229,81.80985062222908,81.80985062222908
S1,tss_ug_g,pls,1834.85,2396.716936939616,561.8669369396162,561.8669369396162
S10,tss_ug_g,pls,2486.28,2267.893021044053,218.38697895594714,-218.38697895594714
S11,tss_ug_g,pls,2156.571,2568.969907938413,412.39890793841323,412.39890793841323
S12,tss_ug_g,pls,2486.28,2441.6344402768027,44.64555972319749,-44.64555972319749
S13,tss_ug_g,pls,2717.71,2250.1386641381027,467.5713358618973,-467.5713358618973
S14,tss_ug_g,pls,2226.28,2284.1637779738903,57.88377797389012,57.88377797389012
S15,tss_ug_g,pls,2172.0,2968.8626927491064,796.8626927491064,796.8626927491064
S16,tss_ug_g,pls,2515.366,2450.7441536027263,64.62184639727366,-64.62184639727366
S17,tss_ug_g,pls,1990.57,2711.382462709004,720.812462709004,720.812462709004
S18,tss_ug_g,pls,2117.71,2368.133540094671,250.4235400946709,250.4235400946709
S19,tss_ug_g,pls,3211.85714285714,2171.5295336362256,1040.3276092209144,-1040.3276092209144
S2,tss_ug_g,pls,2103.42,2272.184369314142,168.76436931414173,168.76436931414173
S20,tss_ug_g,pls,2669.142,2622.484163972659,46.657836027340636,-46.657836027340636
S21,tss_ug_g,pls,2137.71428571429,2502.067007314049,364.3527215997592,364.3527215997592
S22,tss_ug_g,pls,2883.42,2332.7179852122,550.7020147878002,-550.7020147878002
S23,tss_ug_g,pls,2834.857,2774.0844557103305,60.77254428966944,-60.77254428966944
S24,tss_ug_g,pls,2549.14,2642.883245610356,93.7432456103561,93.7432456103561
S25,tss_ug_g,pls,2846.28,2106.2985034737635,739.9814965262367,-739.9814965262367
S26,tss_ug_g,pls,1874.8571428571424,2534.644742859971,659.7876000028284,659.7876000028284
S27,tss_ug_g,pls,1867.71,2471.0816063012803,603.3716063012803,603.3716063012803
S28,tss_ug_g,pls,1774.85714285714,2375.4722581378887,600.6151152807488,600.6151152807488
S29,tss_ug_g,pls,2709.14,2405.8703893304805,303.26961066951935,-303.26961066951935
S3,tss_ug_g,pls,3412.0,2631.4502709452163,780.5497290547837,-780.5497290547837
S30,tss_ug_g,pls,1862.0,2308.200887018985,446.2008870189852,446.2008870189852
S4,tss_ug_g,pls,2973.42,2539.8007512742497,433.61924872575037,-433.61924872575037
S5,tss_ug_g,pls,2094.85,2296.043629240119,201.1936292401192,201.1936292401192
S6,tss_ug_g,pls,2729.14,2268.6645687097866,460.47543129021324,-460.47543129021324
S7,tss_ug_g,pls,2877.71,2448.9792074000497,428.7307925999503,-428.7307925999503
S8,tss_ug_g,pls,3103.428571428572,2560.2143733376424,543.2141980909296,-543.2141980909296
S9,tss_ug_g,pls,2057.71,2457.139941451015,399.4299414510151,399.4299414510151
S1,tss_ug_g,gpr,1834.85,2463.497378504543,628.6473785045432,628.6473785045432
S10,tss_ug_g,gpr,2486.28,2438.1749455004883,48.10505449951188,-48.10505449951188
S11,tss_ug_g,gpr,2156.571,2453.6949036160636,297.12390361606367,297.12390361606367
S12,tss_ug_g,gpr,2486.28,2425.1868217668507,61.0931782331495,-61.0931782331495
S13,tss_ug_g,gpr,2717.71,2421.87970418205,295.8302958179502,-295.8302958179502
S14,tss_ug_g,gpr,2226.28,2449.9996532531977,223.71965325319752,223.71965325319752
S15,tss_ug_g,gpr,2172.0,2528.075932460294,356.0759324602941,356.0759324602941
S16,tss_ug_g,gpr,2515.366,2440.031223733447,75.33477626655304,-75.33477626655304
S17,tss_ug_g,gpr,1990.57,2551.310109253546,560.7401092535463,560.7401092535463
S18,tss_ug_g,gpr,2117.71,2481.934639565275,364.2246395652751,364.2246395652751
S19,tss_ug_g,gpr,3211.85714285714,2381.5168209836106,830.3403218735293,-830.3403218735293
S2,tss_ug_g,gpr,2103.42,2454.236197061625,350.81619706162473,350.81619706162473
S20,tss_ug_g,gpr,2669.142,2434.7285995319735,234.41340046802634,-234.41340046802634
S21,tss_ug_g,gpr,2137.71428571429,2497.458565043734,359.744279329444,359.744279329444
S22,tss_ug_g,gpr,2883.42,2379.159392514066,504.2606074859341,-504.2606074859341
S23,tss_ug_g,gpr,2834.857,2429.014308051356,405.8426919486442,-405.8426919486442
S24,tss_ug_g,gpr,2549.14,2438.867017412362,110.27298258763767,-110.27298258763767
S25,tss_ug_g,gpr,2846.28,2174.337739414203,671.9422605857972,-671.9422605857972
S26,tss_ug_g,gpr,1874.8571428571424,2462.1176676027103,587.2605247455679,587.2605247455679
S27,tss_ug_g,gpr,1867.71,2462.91752147147,595.20752147147,595.20752147147
S28,tss_ug_g,gpr,1774.85714285714,2465.565943584743,690.7088007276029,690.7088007276029
S29,tss_ug_g,gpr,2709.14,2419.3978308126166,289.7421691873833,-289.7421691873833
S3,tss_ug_g,gpr,3412.0,2409.1127712854914,1002.8872287145086,-1002.8872287145086
S30,tss_ug_g,gpr,1862.0,2462.5610210329673,600.5610210329673,600.5610210329673
S4,tss_ug_g,gpr,2973.42,2424.2362274871093,549.1837725128908,-549.1837725128908
S5,tss_ug_g,gpr,2094.85,2454.531714024267,359.68171402426697,359.68171402426697
S6,tss_ug_g,gpr,2729.14,2433.039483636763,296.1005163632367,-296.1005163632367
S7,tss_ug_g,gpr,2877.71,2425.9404760483544,451.7695239516456,-451.7695239516456
S8,tss_ug_g,gpr,3103.428571428572,2419.7531732275356,683.6753982010364,-683.6753982010364
S9,tss_ug_g,gpr,2057.71,2456.9033615165913,399.19336151659127,399.19336151659127
S1,tss_ug_g,random_forest,1834.85,2357.624427186,522.7744271860001,522.7744271860001
S10,tss_ug_g,random_forest,2486.28,2264.5202329291715,221.75976707082873,-221.75976707082873
S11,tss_ug_g,random_forest,2156.571,2477.738335997508,321.16733599750796,321.16733599750796
S12,tss_ug_g,random_forest,2486.28,2184.4858680487528,301.79413195124744,-301.79413195124744
S13,tss_ug_g,random_forest,2717.71,2259.6592627266673,458.05073727333274,-458.05073727333274
S14,tss_ug_g,random_forest,2226.28,2350.59610958987,124.31610958986994,124.31610958986994
S15,tss_ug_g,random_forest,2172.0,2663.039845955387,491.03984595538714,491.03984595538714
S16,tss_ug_g,random_forest,2515.366,2443.8499475924955,71.5160524075045,-71.5160524075045
S17,tss_ug_g,random_forest,1990.57,2813.6906461629023,823.1206461629024,823.1206461629024
S18,tss_ug_g,random_forest,2117.71,2490.757919738822,373.04791973882175,373.04791973882175
S19,tss_ug_g,random_forest,3211.85714285714,2266.830217634713,945.026925222427,-945.026925222427
S2,tss_ug_g,random_forest,2103.42,2298.1040421043053,194.68404210430526,194.68404210430526
S20,tss_ug_g,random_forest,2669.142,2621.734262073473,47.407737926526806,-47.407737926526806
S21,tss_ug_g,random_forest,2137.71428571429,2615.8805926601303,478.16630694584046,478.16630694584046
S22,tss_ug_g,random_forest,2883.42,2318.453235708607,564.9667642913932,-564.9667642913932
S23,tss_ug_g,random_forest,2834.857,2653.246950150968,181.61004984903184,-181.61004984903184
S24,tss_ug_g,random_forest,2549.14,2552.9444735264037,3.8044735264038536,3.8044735264038536
S25,tss_ug_g,random_forest,2846.28,2110.9382063695107,735.3417936304895,-735.3417936304895
S26,tss_ug_g,random_forest,1874.8571428571424,2483.889679256096,609.0325363989534,609.0325363989534
S27,tss_ug_g,random_forest,1867.71,2540.8331630702814,673.1231630702814,673.1231630702814
S28,tss_ug_g,random_forest,1774.85714285714,2282.706794335756,507.8496514786161,507.8496514786161
S29,tss_ug_g,random_forest,2709.14,2443.1406081405544,265.9993918594455,-265.9993918594455
S3,tss_ug_g,random_forest,3412.0,2651.3804835134165,760.6195164865835,-760.6195164865835
S30,tss_ug_g,random_forest,1862.0,2332.5892514849056,470.5892514849056,470.5892514849056
S4,tss_ug_g,random_forest,2973.42,2425.6271377161897,547.7928622838103,-547.7928622838103
S5,tss_ug_g,random_forest,2094.85,2523.4450124828427,428.5950124828428,428.5950124828428
S6,tss_ug_g,random_forest,2729.14,2438.6288079261362,290.51119207386364,-290.51119207386364
S7,tss_ug_g,random_forest,2877.71,2381.393912691885,496.31608730811513,-496.31608730811513
S8,tss_ug_g,random_forest,3103.428571428572,2697.620030838134,405.80854059043804,-405.80854059043804
S9,tss_ug_g,random_forest,2057.71,2458.5599515774165,400.8499515774165,400.8499515774165
S1,tss_ug_g,xgboost,1834.85,2316.794677734375,481.9446777343751,481.9446777343751
S10,tss_ug_g,xgboost,2486.28,2333.46923828125,152.8107617187502,-152.8107617187502
S11,tss_ug_g,xgboost,2156.571,2518.682373046875,362.1113730468751,362.1113730468751
S12,tss_ug_g,xgboost,2486.28,2023.315185546875,462.9648144531252,-462.9648144531252
S13,tss_ug_g,xgboost,2717.71,2222.888427734375,494.82157226562504,-494.82157226562504
S14,tss_ug_g,xgboost,2226.28,2348.262451171875,121.9824511718748,121.9824511718748
S15,tss_ug_g,xgboost,2172.0,2651.281494140625,479.281494140625,479.281494140625
S16,tss_ug_g,xgboost,2515.366,2355.307861328125,160.05813867187499,-160.05813867187499
S17,tss_ug_g,xgboost,1990.57,2881.86767578125,891.2976757812501,891.2976757812501
S18,tss_ug_g,xgboost,2117.71,2533.805419921875,416.09541992187496,416.09541992187496
S19,tss_ug_g,xgboost,3211.85714285714,2231.768310546875,980.0888323102649,-980.0888323102649
S2,tss_ug_g,xgboost,2103.42,2228.89794921875,125.47794921874993,125.47794921874993
S20,tss_ug_g,xgboost,2669.142,2620.0068359375,49.135164062499825,-49.135164062499825
S21,tss_ug_g,xgboost,2137.71428571429,2748.283447265625,610.5691615513351,610.5691615513351
S22,tss_ug_g,xgboost,2883.42,2114.569091796875,768.8509082031251,-768.8509082031251
S23,tss_ug_g,xgboost,2834.857,2687.52734375,147.32965624999997,-147.32965624999997
S24,tss_ug_g,xgboost,2549.14,2359.32421875,189.81578124999987,-189.81578124999987
S25,tss_ug_g,xgboost,2846.28,1912.9061279296875,933.3738720703127,-933.3738720703127
S26,tss_ug_g,xgboost,1874.8571428571424,2576.977294921875,702.1201520647326,702.1201520647326
S27,tss_ug_g,xgboost,1867.71,2630.16796875,762.45796875,762.45796875
S28,tss_ug_g,xgboost,1774.85714285714,2211.21435546875,436.35721261161007,436.35721261161007
S29,tss_ug_g,xgboost,2709.14,2422.044189453125,287.0958105468749,-287.0958105468749
S3,tss_ug_g,xgboost,3412.0,2766.630615234375,645.369384765625,-645.369384765625
S30,tss_ug_g,xgboost,1862.0,2256.80419921875,394.80419921875,394.80419921875
S4,tss_ug_g,xgboost,2973.42,2487.7744140625,485.6455859375001,-485.6455859375001
S5,tss_ug_g,xgboost,2094.85,2591.9150390625,497.0650390625001,497.0650390625001
S6,tss_ug_g,xgboost,2729.14,2577.9111328125,151.22886718749987,-151.22886718749987
S7,tss_ug_g,xgboost,2877.71,2340.00927734375,537.70072265625,-537.70072265625
S8,tss_ug_g,xgboost,3103.428571428572,2879.763916015625,223.664655412947,-223.664655412947
S9,tss_ug_g,xgboost,2057.71,2441.66845703125,383.95845703124996,383.95845703124996
S1,tss_ug_g,catboost,1834.85,2501.9479914474746,667.0979914474747,667.0979914474747
S10,tss_ug_g,catboost,2486.28,2296.7412089906875,189.53879100931272,-189.53879100931272
S11,tss_ug_g,catboost,2156.571,2461.390873311469,304.8198733114691,304.8198733114691
S12,tss_ug_g,catboost,2486.28,2173.9469914997403,312.3330085002599,-312.3330085002599
S13,tss_ug_g,catboost,2717.71,2249.2007141962736,468.50928580372647,-468.50928580372647
S14,tss_ug_g,catboost,2226.28,2327.4573529332733,101.17735293327314,101.17735293327314
S15,tss_ug_g,catboost,2172.0,2788.6318015397073,616.6318015397073,616.6318015397073
S16,tss_ug_g,catboost,2515.366,2403.3252550051743,112.04074499482567,-112.04074499482567
S17,tss_ug_g,catboost,1990.57,2824.969541744499,834.3995417444992,834.3995417444992
S18,tss_ug_g,catboost,2117.71,2533.5171078408534,415.8071078408534,415.8071078408534
S19,tss_ug_g,catboost,3211.85714285714,2229.850487318733,982.0066555384069,-982.0066555384069
S2,tss_ug_g,catboost,2103.42,2311.1334941310615,207.71349413106145,207.71349413106145
S20,tss_ug_g,catboost,2669.142,2735.485753224909,66.34375322490905,66.34375322490905
S21,tss_ug_g,catboost,2137.71428571429,2641.8058622101785,504.0915764958886,504.0915764958886
S22,tss_ug_g,catboost,2883.42,2196.9503832433347,686.4696167566653,-686.4696167566653
S23,tss_ug_g,catboost,2834.857,2601.1131400224904,233.7438599775096,-233.7438599775096
S24,tss_ug_g,catboost,2549.14,2448.1645760607703,100.97542393922959,-100.97542393922959
S25,tss_ug_g,catboost,2846.28,1938.8619970361415,907.4180029638587,-907.4180029638587
S26,tss_ug_g,catboost,1874.8571428571424,2524.7512580167036,649.8941151595611,649.8941151595611
S27,tss_ug_g,catboost,1867.71,2508.592252174684,640.8822521746838,640.8822521746838
S28,tss_ug_g,catboost,1774.85714285714,2349.699339226493,574.8421963693531,574.8421963693531
S29,tss_ug_g,catboost,2709.14,2346.7937640630416,362.34623593695824,-362.34623593695824
S3,tss_ug_g,catboost,3412.0,2681.3803590576636,730.6196409423364,-730.6196409423364
S30,tss_ug_g,catboost,1862.0,2301.304407962267,439.30440796226685,439.30440796226685
S4,tss_ug_g,catboost,2973.42,2457.6088534838295,515.8111465161705,-515.8111465161705
S5,tss_ug_g,catboost,2094.85,2504.936518719528,410.08651871952816,410.08651871952816
S6,tss_ug_g,catboost,2729.14,2429.33310582639,299.8068941736101,-299.8068941736101
S7,tss_ug_g,catboost,2877.71,2304.5755272232627,573.1344727767373,-573.1344727767373
S8,tss_ug_g,catboost,3103.428571428572,2697.788077196845,405.6404942317272,-405.6404942317272
S9,tss_ug_g,catboost,2057.71,2481.731953153537,424.02195315353674,424.02195315353674
S1,tss_ug_g,mean,1834.85,2463.497251231527,628.6472512315272,628.6472512315272
S10,tss_ug_g,mean,2486.28,2441.0341477832512,45.24585221674897,-45.24585221674897
S11,tss_ug_g,mean,2156.571,2452.40342364532,295.83242364532,295.83242364532
S12,tss_ug_g,mean,2486.28,2441.0341477832512,45.24585221674897,-45.24585221674897
S13,tss_ug_g,mean,2717.71,2433.0538029556647,284.6561970443354,-284.6561970443354
S14,tss_ug_g,mean,2226.28,2449.9996650246308,223.71966502463056,223.71966502463056
S15,tss_ug_g,mean,2172.0,2451.8713891625616,279.8713891625616,279.8713891625616
S16,tss_ug_g,mean,2515.366,2440.03118226601,75.3348177339899,-75.3348177339899
S17,tss_ug_g,mean,1990.57,2458.127596059113,467.55759605911294,467.55759605911294
S18,tss_ug_g,mean,2117.71,2453.7434581280786,336.03345812807856,336.03345812807856
S19,tss_ug_g,mean,3211.85714285714,2416.0142463054185,795.8428965517214,-795.8428965517214
S2,tss_ug_g,mean,2103.42,2454.2362167487686,350.8162167487685,350.8162167487685
S20,tss_ug_g,mean,2669.142,2434.7285615763544,234.4134384236454,-234.4134384236454
S21,tss_ug_g,mean,2137.71428571429,2453.0536551724135,315.33936945812366,315.33936945812366
S22,tss_ug_g,mean,2883.42,2427.3396650246304,456.0803349753696,-456.0803349753696
S23,tss_ug_g,mean,2834.857,2429.014251231527,405.84274876847303,-405.84274876847303
S24,tss_ug_g,mean,2549.14,2438.866561576355,110.27343842364508,-110.27343842364508
S25,tss_ug_g,mean,2846.28,2428.6203546798024,417.6596453201978,-417.6596453201978
S26,tss_ug_g,mean,1874.8571428571424,2462.117694581281,587.2605517241384,587.2605517241384
S27,tss_ug_g,mean,1867.71,2462.364147783251,594.6541477832511,594.6541477832511
S28,tss_ug_g,mean,1774.85714285714,2465.5659704433497,690.7088275862097,690.7088275862097
S29,tss_ug_g,mean,2709.14,2433.3493201970446,275.7906798029553,-275.7906798029553
S3,tss_ug_g,mean,3412.0,2409.1127684729063,1002.8872315270937,-1002.8872315270937
S30,tss_ug_g,mean,1862.0,2462.5610443349756,600.5610443349756,600.5610443349756
S4,tss_ug_g,mean,2973.42,2424.2362167487686,549.1837832512315,-549.1837832512315
S5,tss_ug_g,mean,2094.85,2454.5317339901476,359.6817339901477,359.6817339901477
S6,tss_ug_g,mean,2729.14,2432.6596650246306,296.48033497536926,-296.48033497536926
S7,tss_ug_g,mean,2877.71,2427.5365615763544,450.1734384236456,-450.1734384236456
S8,tss_ug_g,mean,3103.428571428572,2419.7531625615766,683.6754088669954,-683.6754088669954
S9,tss_ug_g,mean,2057.71,2455.81242364532,398.10242364531996,398.10242364531996
S1,tss_ug_g,nearest_recipe,1834.85,2717.71,882.8600000000001,882.8600000000001
S10,tss_ug_g,nearest_recipe,2486.28,2486.28,0.0,0.0
S11,tss_ug_g,nearest_recipe,2156.571,2117.71,38.860999999999876,-38.860999999999876
S12,tss_ug_g,nearest_recipe,2486.28,2486.28,0.0,0.0
S13,tss_ug_g,nearest_recipe,2717.71,1834.85,882.8600000000001,-882.8600000000001
S14,tss_ug_g,nearest_recipe,2226.28,1834.85,391.4300000000003,-391.4300000000003
S15,tss_ug_g,nearest_recipe,2172.0,2669.142,497.1419999999998,497.1419999999998
S16,tss_ug_g,nearest_recipe,2515.366,2486.28,29.085999999999785,-29.085999999999785
S17,tss_ug_g,nearest_recipe,1990.57,2883.42,892.8500000000001,892.8500000000001
S18,tss_ug_g,nearest_recipe,2117.71,2156.571,38.860999999999876,38.860999999999876
S19,tss_ug_g,nearest_recipe,3211.85714285714,2486.28,725.5771428571397,-725.5771428571397
S2,tss_ug_g,nearest_recipe,2103.42,2226.28,122.86000000000013,122.86000000000013
S20,tss_ug_g,nearest_recipe,2669.142,2486.28,182.86199999999963,-182.86199999999963
S21,tss_ug_g,nearest_recipe,2137.71428571429,2486.28,348.5657142857103,348.5657142857103
S22,tss_ug_g,nearest_recipe,2883.42,1834.85,1048.5700000000002,-1048.5700000000002
S23,tss_ug_g,nearest_recipe,2834.857,2172.0,662.857,-662.857
S24,tss_ug_g,nearest_recipe,2549.14,2172.0,377.1399999999999,-377.1399999999999
S25,tss_ug_g,nearest_recipe,2846.28,2103.42,742.8600000000001,-742.8600000000001
S26,tss_ug_g,nearest_recipe,1874.8571428571424,2486.28,611.4228571428578,611.4228571428578
S27,tss_ug_g,nearest_recipe,1867.71,2486.28,618.5700000000002,618.5700000000002
S28,tss_ug_g,nearest_recipe,1774.85714285714,2486.28,711.4228571428603,711.4228571428603
S29,tss_ug_g,nearest_recipe,2709.14,2226.28,482.8599999999997,-482.8599999999997
S3,tss_ug_g,nearest_recipe,3412.0,2172.0,1240.0,-1240.0
S30,tss_ug_g,nearest_recipe,1862.0,2486.28,624.2800000000002,624.2800000000002
S4,tss_ug_g,nearest_recipe,2973.42,2486.28,487.1399999999999,-487.1399999999999
S5,tss_ug_g,nearest_recipe,2094.85,1834.85,260.0,-260.0
S6,tss_ug_g,nearest_recipe,2729.14,2486.28,242.85999999999967,-242.85999999999967
S7,tss_ug_g,nearest_recipe,2877.71,2156.571,721.1390000000001,-721.1390000000001
S8,tss_ug_g,nearest_recipe,3103.428571428572,2515.366,588.062571428572,-588.062571428572
S9,tss_ug_g,nearest_recipe,2057.71,2156.571,98.86099999999988,98.86099999999988
S1,tp_mggae_g,scheffe_quadratic,43.31978162388199,35.78400913675957,7.535772487122415,-7.535772487122415
S10,tp_mggae_g,scheffe_quadratic,43.552096643047975,39.0044616368537,4.547635006194277,-4.547635006194277
S11,tp_mggae_g,scheffe_quadratic,40.34614937855732,40.691244931572605,0.34509555301528394,0.34509555301528394
S12,tp_mggae_g,scheffe_quadratic,41.01986293413869,43.730956831435485,2.7110938972967915,2.7110938972967915
S13,tp_mggae_g,scheffe_quadratic,36.35033104890231,41.84816450358136,5.497833454679046,5.497833454679046
S14,tp_mggae_g,scheffe_quadratic,36.07155302590313,42.07181475321785,6.000261727314722,6.000261727314722
S15,tp_mggae_g,scheffe_quadratic,38.92902776164479,39.03047163894165,0.10144387729685889,0.10144387729685889
S16,tp_mggae_g,scheffe_quadratic,29.93843651992101,45.69817294863941,15.759736428718401,15.759736428718401
S17,tp_mggae_g,scheffe_quadratic,43.41270763154838,45.46082462318843,2.0481169916400503,2.0481169916400503
S18,tp_mggae_g,scheffe_quadratic,44.52781972354513,36.307716513097255,8.220103210447874,-8.220103210447874
S19,tp_mggae_g,scheffe_quadratic,38.32500871181322,36.56616622057791,1.7588424912353062,-1.7588424912353062
S2,tp_mggae_g,scheffe_quadratic,43.73794865838076,45.20585625938563,1.4679076010048675,1.4679076010048675
S20,tp_mggae_g,scheffe_quadratic,44.59751422929492,39.760677669876834,4.836836559418089,-4.836836559418089
S21,tp_mggae_g,scheffe_quadratic,45.8520153327913,39.18786624907544,6.664149083715856,-6.664149083715856
S22,tp_mggae_g,scheffe_quadratic,38.7896387501452,47.42671260492815,8.637073854782948,8.637073854782948
S23,tp_mggae_g,scheffe_quadratic,45.43384829829248,37.80009211262142,7.633756185671061,-7.633756185671061
S24,tp_mggae_g,scheffe_quadratic,44.992449761877104,43.58855911975256,1.4038906421245443,-1.4038906421245443
S25,tp_mggae_g,scheffe_quadratic,50.449322,48.81813880331855,1.6311831966814552,-1.6311831966814552
S26,tp_mggae_g,scheffe_quadratic,54.95573821,42.95230197105172,12.003436238948282,-12.003436238948282
S27,tp_mggae_g,scheffe_quadratic,44.8013706586131,46.324036574111595,1.522665915498493,1.522665915498493
S28,tp_mggae_g,scheffe_quadratic,40.7316761528633,51.40976167025699,10.67808551739369,10.67808551739369
S29,tp_mggae_g,scheffe_quadratic,50.45185271227785,42.85115559998299,7.60069711229486,-7.60069711229486
S3,tp_mggae_g,scheffe_quadratic,31.427575792775,42.74782632024247,11.320250527467469,11.320250527467469
S30,tp_mggae_g,scheffe_quadratic,42.44839447,43.64163099018864,1.1932365201886412,1.1932365201886412
S4,tp_mggae_g,scheffe_quadratic,40.2660006969451,43.7022273526135,3.436226655668399,3.436226655668399
S5,tp_mggae_g,scheffe_quadratic,42.62283656638402,38.79376938346672,3.8290671829172993,-3.8290671829172993
S6,tp_mggae_g,scheffe_quadratic,45.96817284237426,38.380493820093896,7.587679022280362,-7.587679022280362
S7,tp_mggae_g,scheffe_quadratic,41.04309443605529,43.73132550557657,2.6882310695212794,2.6882310695212794
S8,tp_mggae_g,scheffe_quadratic,47.61760947845279,42.2261344814262,5.391474997026592,-5.391474997026592
S9,tp_mggae_g,scheffe_quadratic,31.425252642583345,45.35447572610177,13.929223083518423,13.929223083518423
S1,tp_mggae_g,ridge_a,43.31978162388199,40.90708882481777,2.4126927990642173,-2.4126927990642173
S10,tp_mggae_g,ridge_a,43.552096643047975,42.272736379377335,1.2793602636706396,-1.2793602636706396
S11,tp_mggae_g,ridge_a,40.34614937855732,37.833048409230464,2.5131009693268567,-2.5131009693268567
S12,tp_mggae_g,ridge_a,41.01986293413869,43.55244080317638,2.532577869037688,2.532577869037688
S13,tp_mggae_g,ridge_a,36.35033104890231,40.51167684921598,4.1613458003136685,4.1613458003136685
S14,tp_mggae_g,ridge_a,36.07155302590313,43.16582441978732,7.094271393884192,7.094271393884192
S15,tp_mggae_g,ridge_a,38.92902776164479,40.3376267262381,1.4085989645933097,1.4085989645933097
S16,tp_mggae_g,ridge_a,29.93843651992101,42.55818659991021,12.619750079989199,12.619750079989199
S17,tp_mggae_g,ridge_a,43.41270763154838,41.604555546066216,1.8081520854821633,-1.8081520854821633
S18,tp_mggae_g,ridge_a,44.52781972354513,37.67183785248735,6.855981871057779,-6.855981871057779
S19,tp_mggae_g,ridge_a,38.32500871181322,40.1004485493943,1.7754398375810823,1.7754398375810823
S2,tp_mggae_g,ridge_a,43.73794865838076,45.34952270253615,1.6115740441553896,1.6115740441553896
S20,tp_mggae_g,ridge_a,44.59751422929492,41.42312409571471,3.1743901335802107,-3.1743901335802107
S21,tp_mggae_g,ridge_a,45.8520153327913,40.38158752368567,5.4704278091056295,-5.4704278091056295
S22,tp_mggae_g,ridge_a,38.7896387501452,43.097878994770085,4.3082402446248835,4.3082402446248835
S23,tp_mggae_g,ridge_a,45.43384829829248,40.49383849398474,4.940009804307742,-4.940009804307742
S24,tp_mggae_g,ridge_a,44.992449761877104,40.03811770413584,4.9543320577412615,-4.9543320577412615
S25,tp_mggae_g,ridge_a,50.449322,45.48251532191301,4.966806678086989,-4.966806678086989
S26,tp_mggae_g,ridge_a,54.95573821,44.00446466538288,10.951273544617116,-10.951273544617116
S27,tp_mggae_g,ridge_a,44.8013706586131,44.69534418213815,0.10602647647495189,-0.10602647647495189
S28,tp_mggae_g,ridge_a,40.7316761528633,45.94879315904715,5.217117006183848,5.217117006183848
S29,tp_mggae_g,ridge_a,50.45185271227785,42.886793733397795,7.565058978880053,-7.565058978880053
S3,tp_mggae_g,ridge_a,31.427575792775,45.14597789471745,13.718402101942448,13.718402101942448
S30,tp_mggae_g,ridge_a,42.44839447,43.89787010243273,1.4494756324327298,1.4494756324327298
S4,tp_mggae_g,ridge_a,40.2660006969451,44.8530577610429,4.587057064097799,4.587057064097799
S5,tp_mggae_g,ridge_a,42.62283656638402,44.23725669367293,1.6144201272889163,1.6144201272889163
S6,tp_mggae_g,ridge_a,45.96817284237426,40.86282342387597,5.105349418498285,-5.105349418498285
S7,tp_mggae_g,ridge_a,41.04309443605529,39.443990775464215,1.5991036605910764,-1.5991036605910764
S8,tp_mggae_g,ridge_a,47.61760947845279,42.66370903502099,4.953900443431799,-4.953900443431799
S9,tp_mggae_g,ridge_a,31.425252642583345,39.18168008222643,7.756427439643083,7.756427439643083
S1,tp_mggae_g,ridge_b_no_intercept,43.31978162388199,36.15582376248544,7.163957861396547,-7.163957861396547
S10,tp_mggae_g,ridge_b_no_intercept,43.552096643047975,36.97168167775237,6.580414965295603,-6.580414965295603
S11,tp_mggae_g,ridge_b_no_intercept,40.34614937855732,35.13330067556037,5.212848702996951,-5.212848702996951
S12,tp_mggae_g,ridge_b_no_intercept,41.01986293413869,37.55607176180571,3.463791172332982,-3.463791172332982
S13,tp_mggae_g,ridge_b_no_intercept,36.35033104890231,36.265618805234915,0.08471224366739705,-0.08471224366739705
S14,tp_mggae_g,ridge_b_no_intercept,36.07155302590313,37.419329070452946,1.3477760445498177,1.3477760445498177
S15,tp_mggae_g,ridge_b_no_intercept,38.92902776164479,35.94651037095797,2.982517390686823,-2.982517390686823
S16,tp_mggae_g,ridge_b_no_intercept,29.93843651992101,37.38143657347135,7.443000053550339,7.443000053550339
S17,tp_mggae_g,ridge_b_no_intercept,43.41270763154838,36.441669426818635,6.971038204729744,-6.971038204729744
S18,tp_mggae_g,ridge_b_no_intercept,44.52781972354513,34.98756367368527,9.540256049859856,-9.540256049859856
S19,tp_mggae_g,ridge_b_no_intercept,38.32500871181322,36.1369185236196,2.1880901881936197,-2.1880901881936197
S2,tp_mggae_g,ridge_b_no_intercept,43.73794865838076,38.050142265350715,5.687806393030044,-5.687806393030044
S20,tp_mggae_g,ridge_b_no_intercept,44.59751422929492,36.57067300836429,8.026841220930635,-8.026841220930635
S21,tp_mggae_g,ridge_b_no_intercept,45.8520153327913,36.19248015468822,9.659535178103077,-9.659535178103077
S22,tp_mggae_g,ridge_b_no_intercept,38.7896387501452,36.959665115634,1.829973634511198,-1.829973634511198
S23,tp_mggae_g,ridge_b_no_intercept,45.43384829829248,35.87695912049172,9.556889177800763,-9.556889177800763
S24,tp_mggae_g,ridge_b_no_intercept,44.992449761877104,35.949197170925,9.043252590952108,-9.043252590952108
S25,tp_mggae_g,ridge_b_no_intercept,50.449322,37.91398253250608,12.53533946749392,-12.53533946749392
S26,tp_mggae_g,ridge_b_no_intercept,54.95573821,37.27956775273819,17.67617045726181,-17.67617045726181
S27,tp_mggae_g,ridge_b_no_intercept,44.8013706586131,37.912294266439005,6.889076392174097,-6.889076392174097
S28,tp_mggae_g,ridge_b_no_intercept,40.7316761528633,38.26288049578646,2.4687956570768392,-2.4687956570768392
S29,tp_mggae_g,ridge_b_no_intercept,50.45185271227785,37.0208097903879,13.431042921889947,-13.431042921889947
S3,tp_mggae_g,ridge_b_no_intercept,31.427575792775,37.875213829804395,6.447638037029396,6.447638037029396
S30,tp_mggae_g,ridge_b_no_intercept,42.44839447,37.68783457816393,4.760559891836067,-4.760559891836067
S4,tp_mggae_g,ridge_b_no_intercept,40.2660006969451,37.8912483647025,2.3747523322426005,-2.3747523322426005
S5,tp_mggae_g,ridge_b_no_intercept,42.62283656638402,37.41424665584983,5.208589910534187,-5.208589910534187
S6,tp_mggae_g,ridge_b_no_intercept,45.96817284237426,36.39769108907066,9.570481753303596,-9.570481753303596
S7,tp_mggae_g,ridge_b_no_intercept,41.04309443605529,35.83224552551908,5.210848910536214,-5.210848910536214
S8,tp_mggae_g,ridge_b_no_intercept,47.61760947845279,36.964590994168965,10.653018484283827,-10.653018484283827
S9,tp_mggae_g,ridge_b_no_intercept,31.425252642583345,35.795861114871016,4.370608472287671,4.370608472287671
S1,tp_mggae_g,pls,43.31978162388199,40.88519143383914,2.4345901900428473,-2.4345901900428473
S10,tp_mggae_g,pls,43.552096643047975,42.18691194089587,1.3651847021521064,-1.3651847021521064
S11,tp_mggae_g,pls,40.34614937855732,37.49876033869627,2.8473890398610493,-2.8473890398610493
S12,tp_mggae_g,pls,41.01986293413869,43.59696029065008,2.5770973565113877,2.5770973565113877
S13,tp_mggae_g,pls,36.35033104890231,40.3826026155598,4.032271566657485,4.032271566657485
S14,tp_mggae_g,pls,36.07155302590313,43.19477473109922,7.123221705196094,7.123221705196094
S15,tp_mggae_g,pls,38.92902776164479,40.270518743411664,1.3414909817668743,1.3414909817668743
S16,tp_mggae_g,pls,29.93843651992101,42.564516704968895,12.626080185047886,12.626080185047886
S17,tp_mggae_g,pls,43.41270763154838,41.69421995020451,1.7184876813438663,-1.7184876813438663
S18,tp_mggae_g,pls,44.52781972354513,37.31747587358095,7.210343849964175,-7.210343849964175
S19,tp_mggae_g,pls,38.32500871181322,39.85502157334988,1.5300128615366617,1.5300128615366617
S2,tp_mggae_g,pls,43.73794865838076,45.55185729218995,1.8139086338091914,1.8139086338091914
S20,tp_mggae_g,pls,44.59751422929492,41.41236582160367,3.1851484076912513,-3.1851484076912513
S21,tp_mggae_g,pls,45.8520153327913,40.24535058452122,5.606664748270077,-5.606664748270077
S22,tp_mggae_g,pls,38.7896387501452,43.235550856684185,4.445912106538984,4.445912106538984
S23,tp_mggae_g,pls,45.43384829829248,40.5342331414259,4.899615156866581,-4.899615156866581
S24,tp_mggae_g,pls,44.992449761877104,39.98316576104446,5.009284000832643,-5.009284000832643
S25,tp_mggae_g,pls,50.449322,45.68476519095438,4.764556809045622,-4.764556809045622
S26,tp_mggae_g,pls,54.95573821,44.147091087221845,10.808647122778154,-10.808647122778154
S27,tp_mggae_g,pls,44.8013706586131,44.868233486911954,0.06686282829885215,0.06686282829885215
S28,tp_mggae_g,pls,40.7316761528633,46.05266594848934,5.320989795626041,5.320989795626041
S29,tp_mggae_g,pls,50.45185271227785,43.00063694553222,7.4512157667456265,-7.4512157667456265
S3,tp_mggae_g,pls,31.427575792775,45.3198958933952,13.8923201006202,13.8923201006202
S30,tp_mggae_g,pls,42.44839447,43.95909958105734,1.5107051110573408,1.5107051110573408
S4,tp_mggae_g,pls,40.2660006969451,45.027463517995436,4.761462821050337,4.761462821050337
S5,tp_mggae_g,pls,42.62283656638402,44.389360525463005,1.766523959078988,1.766523959078988
S6,tp_mggae_g,pls,45.96817284237426,40.744099405583704,5.224073436790555,-5.224073436790555
S7,tp_mggae_g,pls,41.04309443605529,39.2805032791108,1.762591156944488,-1.762591156944488
S8,tp_mggae_g,pls,47.61760947845279,42.77170347811538,4.845906000337415,-4.845906000337415
S9,tp_mggae_g,pls,31.425252642583345,38.85411563815823,7.428862995574882,7.428862995574882
S1,tp_mggae_g,gpr,43.31978162388199,42.07190695633242,1.247874667549567,-1.247874667549567
S10,tp_mggae_g,gpr,43.552096643047975,42.063896143002296,1.4882005000456786,-1.4882005000456786
S11,tp_mggae_g,gpr,40.34614937855732,42.17444560939585,1.8282962308385322,1.8282962308385322
S12,tp_mggae_g,gpr,41.01986293413869,42.151214868202004,1.1313519340633107,1.1313519340633107
S13,tp_mggae_g,gpr,36.35033104890231,42.31223293625642,5.961901887354109,5.961901887354109
S14,tp_mggae_g,gpr,36.07155302590313,42.32184606590486,6.250293040001729,6.250293040001729
S15,tp_mggae_g,gpr,38.92902776164479,42.22331223109723,3.2942844694524425,3.2942844694524425
S16,tp_mggae_g,gpr,29.93843651992101,42.53333338238667,12.594896862465664,12.594896862465664
S17,tp_mggae_g,gpr,43.41270763154838,42.06870275343759,1.3440048781107876,-1.3440048781107876
S18,tp_mggae_g,gpr,44.52781972354513,42.03025044348969,2.497569280055437,-2.497569280055437
S19,tp_mggae_g,gpr,38.32500871181322,42.24414060607175,3.919131894258534,3.919131894258534
S2,tp_mggae_g,gpr,43.73794865838076,42.05748751807859,1.680461140302171,-1.680461140302171
S20,tp_mggae_g,gpr,44.59751422929492,42.027847158743306,2.569667070551617,-2.569667070551617
S21,tp_mggae_g,gpr,45.8520153327913,41.98458800636763,3.867427326423666,-3.867427326423666
S22,tp_mggae_g,gpr,38.7896387501452,42.22811892261478,3.438480172469582,3.438480172469582
S23,tp_mggae_g,gpr,45.43384829829248,41.99900818424044,3.4348401140520437,-3.4348401140520437
S24,tp_mggae_g,gpr,44.992449761877104,42.014228892296025,2.9782208695810795,-2.9782208695810795
S25,tp_mggae_g,gpr,50.449322,41.8260608688601,8.623261131139905,-8.623261131139905
S26,tp_mggae_g,gpr,54.95573821,41.67066719659069,13.285071013409308,-13.285071013409308
S27,tp_mggae_g,gpr,44.8013706586131,42.02081778855796,2.780552870055139,-2.780552870055139
S28,tp_mggae_g,gpr,40.7316761528633,42.16115220808781,1.4294760552245123,1.4294760552245123
S29,tp_mggae_g,gpr,50.45185271227785,41.825973462171255,8.625879250106593,-8.625879250106593
S3,tp_mggae_g,gpr,31.427575792775,42.48198312100797,11.054407328232973,11.054407328232973
S30,tp_mggae_g,gpr,42.44839447,42.10195496336299,0.3464395066370045,-0.3464395066370045
S4,tp_mggae_g,gpr,40.2660006969451,42.17721199978698,1.9112113028418776,1.9112113028418776
S5,tp_mggae_g,gpr,42.62283656638402,42.095939629718025,0.5268969366659917,-0.5268969366659917
S6,tp_mggae_g,gpr,45.96817284237426,41.980583058529014,3.9875897838452445,-3.9875897838452445
S7,tp_mggae_g,gpr,41.04309443605529,42.15041349911298,1.1073190630576875,1.1073190630576875
S8,tp_mggae_g,gpr,47.61760947845279,41.923705900436964,5.693903578015828,-5.693903578015828
S9,tp_mggae_g,gpr,31.425252642583345,42.482063225410776,11.056810582827431,11.056810582827431
S1,tp_mggae_g,random_forest,43.31978162388199,39.535589884409816,3.7841917394721705,-3.7841917394721705
S10,tp_mggae_g,random_forest,43.552096643047975,41.44927659434342,2.102820048704558,-2.102820048704558
S11,tp_mggae_g,random_forest,40.34614937855732,39.60107957053761,0.7450698080197142,-0.7450698080197142
S12,tp_mggae_g,random_forest,41.01986293413869,41.71900752494137,0.6991445908026748,0.6991445908026748
S13,tp_mggae_g,random_forest,36.35033104890231,41.955908270243256,5.605577221340944,5.605577221340944
S14,tp_mggae_g,random_forest,36.07155302590313,41.70518484738287,5.633631821479739,5.633631821479739
S15,tp_mggae_g,random_forest,38.92902776164479,40.3674278687638,1.4384001071190085,1.4384001071190085
S16,tp_mggae_g,random_forest,29.93843651992101,44.05659920385862,14.118162683937609,14.118162683937609
S17,tp_mggae_g,random_forest,43.41270763154838,42.9501234321541,0.46258419939427853,-0.46258419939427853
S18,tp_mggae_g,random_forest,44.52781972354513,39.35278273475076,5.175036988794368,-5.175036988794368
S19,tp_mggae_g,random_forest,38.32500871181322,40.375894874477524,2.0508861626643053,2.0508861626643053
S2,tp_mggae_g,random_forest,43.73794865838076,45.170863434318626,1.432914775937867,1.432914775937867
S20,tp_mggae_g,random_forest,44.59751422929492,38.78358624780903,5.8139279814858895,-5.8139279814858895
S21,tp_mggae_g,random_forest,45.8520153327913,38.77261012254229,7.079405210249007,-7.079405210249007
S22,tp_mggae_g,random_forest,38.7896387501452,44.66870804337947,5.8790692932342665,5.8790692932342665
S23,tp_mggae_g,random_forest,45.43384829829248,42.98518009431826,2.448668203974222,-2.448668203974222
S24,tp_mggae_g,random_forest,44.992449761877104,39.98816802590269,5.004281735974416,-5.004281735974416
S25,tp_mggae_g,random_forest,50.449322,44.859266103949125,5.5900558960508775,-5.5900558960508775
S26,tp_mggae_g,random_forest,54.95573821,42.74730028032448,12.208437929675519,-12.208437929675519
S27,tp_mggae_g,random_forest,44.8013706586131,45.40942616365062,0.6080555050375196,0.6080555050375196
S28,tp_mggae_g,random_forest,40.7316761528633,41.880359623320224,1.1486834704569233,1.1486834704569233
S29,tp_mggae_g,random_forest,50.45185271227785,41.35368659433869,9.098166117939158,-9.098166117939158
S3,tp_mggae_g,random_forest,31.427575792775,45.20831115872484,13.780735365949841,13.780735365949841
S30,tp_mggae_g,random_forest,42.44839447,41.544371901666274,0.9040225683337226,-0.9040225683337226
S4,tp_mggae_g,random_forest,40.2660006969451,44.56301623641426,4.2970155394691645,4.2970155394691645
S5,tp_mggae_g,random_forest,42.62283656638402,43.75775700263446,1.1349204362504466,1.1349204362504466
S6,tp_mggae_g,random_forest,45.96817284237426,39.84879099046043,6.119381851913829,-6.119381851913829
S7,tp_mggae_g,random_forest,41.04309443605529,41.21167822498468,0.1685837889293893,0.1685837889293893
S8,tp_mggae_g,random_forest,47.61760947845279,42.95561434877908,4.661995129673713,-4.661995129673713
S9,tp_mggae_g,random_forest,31.425252642583345,41.27964496694532,9.854392324361974,9.854392324361974
S1,tp_mggae_g,xgboost,43.31978162388199,39.043701171875,4.276080452006987,-4.276080452006987
S10,tp_mggae_g,xgboost,43.552096643047975,40.73407745361328,2.8180191894346933,-2.8180191894346933
S11,tp_mggae_g,xgboost,40.34614937855732,40.552490234375,0.20634085581767891,0.20634085581767891
S12,tp_mggae_g,xgboost,41.01986293413869,41.17180633544922,0.15194340131052542,0.15194340131052542
S13,tp_mggae_g,xgboost,36.35033104890231,42.6291389465332,6.278807897630891,6.278807897630891
S14,tp_mggae_g,xgboost,36.07155302590313,41.76705551147461,5.695502485571481,5.695502485571481
S15,tp_mggae_g,xgboost,38.92902776164479,39.87332534790039,0.9442975862556011,0.9442975862556011
S16,tp_mggae_g,xgboost,29.93843651992101,44.58875274658203,14.650316226661023,14.650316226661023
S17,tp_mggae_g,xgboost,43.41270763154838,44.02952194213867,0.6168143105902928,0.6168143105902928
S18,tp_mggae_g,xgboost,44.52781972354513,39.61326599121094,4.914553732334191,-4.914553732334191
S19,tp_mggae_g,xgboost,38.32500871181322,41.254268646240234,2.929259934427016,2.929259934427016
S2,tp_mggae_g,xgboost,43.73794865838076,44.18376541137695,0.44581675299619405,0.44581675299619405
S20,tp_mggae_g,xgboost,44.59751422929492,39.63475799560547,4.962756233689454,-4.962756233689454
S21,tp_mggae_g,xgboost,45.8520153327913,39.424949645996094,6.427065686795203,-6.427065686795203
S22,tp_mggae_g,xgboost,38.7896387501452,44.544342041015625,5.754703290870424,5.754703290870424
S23,tp_mggae_g,xgboost,45.43384829829248,38.74782180786133,6.6860264904311535,-6.6860264904311535
S24,tp_mggae_g,xgboost,44.992449761877104,40.65583801269531,4.336611749181792,-4.336611749181792
S25,tp_mggae_g,xgboost,50.449322,47.322391510009766,3.1269304899902366,-3.1269304899902366
S26,tp_mggae_g,xgboost,54.95573821,42.23491287231445,12.720825337685547,-12.720825337685547
S27,tp_mggae_g,xgboost,44.8013706586131,44.67021560668945,0.13115505192364907,-0.13115505192364907
S28,tp_mggae_g,xgboost,40.7316761528633,47.811744689941406,7.080068537078105,7.080068537078105
S29,tp_mggae_g,xgboost,50.45185271227785,41.51453399658203,8.937318715695817,-8.937318715695817
S3,tp_mggae_g,xgboost,31.427575792775,44.81353759765625,13.385961804881251,13.385961804881251
S30,tp_mggae_g,xgboost,42.44839447,41.21598434448242,1.2324101255175748,-1.2324101255175748
S4,tp_mggae_g,xgboost,40.2660006969451,45.530513763427734,5.264513066482635,5.264513066482635
S5,tp_mggae_g,xgboost,42.62283656638402,43.51877975463867,0.8959431882546554,0.8959431882546554
S6,tp_mggae_g,xgboost,45.96817284237426,40.49713897705078,5.471033865323477,-5.471033865323477
S7,tp_mggae_g,xgboost,41.04309443605529,42.18628692626953,1.1431924902142399,1.1431924902142399
S8,tp_mggae_g,xgboost,47.61760947845279,42.51713943481445,5.100470043638339,-5.100470043638339
S9,tp_mggae_g,xgboost,31.425252642583345,41.42731857299805,10.002065930414702,10.002065930414702
S1,tp_mggae_g,catboost,43.31978162388199,39.28848822099811,4.031293402883875,-4.031293402883875
S10,tp_mggae_g,catboost,43.552096643047975,41.082667855316984,2.4694287877309904,-2.4694287877309904
S11,tp_mggae_g,catboost,40.34614937855732,40.83578437834833,0.4896349997910079,0.4896349997910079
S12,tp_mggae_g,catboost,41.01986293413869,42.37519735742831,1.3553344232896194,1.3553344232896194
S13,tp_mggae_g,catboost,36.35033104890231,41.83229952307663,5.481968474174316,5.481968474174316
S14,tp_mggae_g,catboost,36.07155302590313,42.16858884942487,6.097035823521743,6.097035823521743
S15,tp_mggae_g,catboost,38.92902776164479,40.18457925712721,1.2555514954824218,1.2555514954824218
S16,tp_mggae_g,catboost,29.93843651992101,43.874888832208875,13.936452312287866,13.936452312287866
S17,tp_mggae_g,catboost,43.41270763154838,43.37510271718226,0.03760491436612057,-0.03760491436612057
S18,tp_mggae_g,catboost,44.52781972354513,39.08531881993587,5.4425009036092575,-5.4425009036092575
S19,tp_mggae_g,catboost,38.32500871181322,41.93000381681854,3.6049951050053224,3.6049951050053224
S2,tp_mggae_g,catboost,43.73794865838076,44.42256962155553,0.6846209631747726,0.6846209631747726
S20,tp_mggae_g,catboost,44.59751422929492,40.13211717000813,4.4653970592867935,-4.4653970592867935
S21,tp_mggae_g,catboost,45.8520153327913,40.490773740174546,5.36124159261675,-5.36124159261675
S22,tp_mggae_g,catboost,38.7896387501452,44.211105342852036,5.421466592706835,5.421466592706835
S23,tp_mggae_g,catboost,45.43384829829248,38.675165211034304,6.758683087258177,-6.758683087258177
S24,tp_mggae_g,catboost,44.992449761877104,40.867430621464855,4.125019140412249,-4.125019140412249
S25,tp_mggae_g,catboost,50.449322,45.296357786345894,5.1529642136541085,-5.1529642136541085
S26,tp_mggae_g,catboost,54.95573821,42.19258092235336,12.763157287646642,-12.763157287646642
S27,tp_mggae_g,catboost,44.8013706586131,44.213878468338876,0.5874921902742258,-0.5874921902742258
S28,tp_mggae_g,catboost,40.7316761528633,47.90486983770346,7.173193684840157,7.173193684840157
S29,tp_mggae_g,catboost,50.45185271227785,41.82073923820096,8.63111347407689,-8.63111347407689
S3,tp_mggae_g,catboost,31.427575792775,44.40145973124254,12.97388393846754,12.97388393846754
S30,tp_mggae_g,catboost,42.44839447,41.57264578845975,0.8757486815402444,-0.8757486815402444
S4,tp_mggae_g,catboost,40.2660006969451,44.53579489409483,4.269794197149729,4.269794197149729
S5,tp_mggae_g,catboost,42.62283656638402,43.695489952351565,1.0726533859675484,1.0726533859675484
S6,tp_mggae_g,catboost,45.96817284237426,40.35332226938849,5.614850572985766,-5.614850572985766
S7,tp_mggae_g,catboost,41.04309443605529,40.94155219647028,0.10154223958500808,-0.10154223958500808
S8,tp_mggae_g,catboost,47.61760947845279,43.13311831471386,4.48449116373893,-4.48449116373893
S9,tp_mggae_g,catboost,31.425252642583345,41.82237877757097,10.397126134987623,10.397126134987623
S1,tp_mggae_g,mean,43.31978162388199,42.07190707134924,1.2478745525327497,-1.2478745525327497
S10,tp_mggae_g,mean,43.552096643047975,42.063896208619376,1.4882004344285988,-1.4882004344285988
S11,tp_mggae_g,mean,40.34614937855732,42.17444611429146,1.828296735734142,1.828296735734142
S12,tp_mggae_g,mean,41.01986293413869,42.151214612374865,1.1313516782361717,1.1313516782361717
S13,tp_mggae_g,mean,36.35033104890231,42.312232953245086,5.961901904342774,5.961901904342774
S14,tp_mggae_g,mean,36.07155302590313,42.32184598852092,6.250292962617792,6.250292962617792
S15,tp_mggae_g,mean,38.92902776164479,42.22331237694362,3.294284615298828,3.294284615298828
S16,tp_mggae_g,mean,29.93843651992101,42.53333276458927,12.59489624466826,12.59489624466826
S17,tp_mggae_g,mean,43.41270763154838,42.06870272625729,1.3440049052910865,-1.3440049052910865
S18,tp_mggae_g,mean,44.52781972354513,42.03025058515396,2.497569138391171,-2.497569138391171
S19,tp_mggae_g,mean,38.32500871181322,42.244140620041264,3.919131908228046,3.919131908228046
S2,tp_mggae_g,mean,43.73794865838076,42.05748751843549,1.6804611399452725,-1.6804611399452725
S20,tp_mggae_g,mean,44.59751422929492,42.027847326335,2.5696669029599235,-2.5696669029599235
S21,tp_mggae_g,mean,45.8520153327913,41.98458866759374,3.8674266651975557,-3.8674266651975557
S22,tp_mggae_g,mean,38.7896387501452,42.22811889458154,3.4384801444363404,3.4384801444363404
S23,tp_mggae_g,mean,45.43384829829248,41.9990082205075,3.4348400777849832,-3.4348400777849832
S24,tp_mggae_g,mean,44.992449761877104,42.014228859694235,2.978220902182869,-2.978220902182869
S25,tp_mggae_g,mean,50.449322,41.82606085148309,8.62326114851691,-8.62326114851691
S26,tp_mggae_g,mean,54.95573821,41.670667189069306,13.285071020930694,-13.285071020930694
S27,tp_mggae_g,mean,44.8013706586131,42.02081779428954,2.7805528643235604,-2.7805528643235604
S28,tp_mggae_g,mean,40.7316761528633,42.16115208759126,1.4294759347279609,1.4294759347279609
S29,tp_mggae_g,mean,50.45185271227785,41.825973585542485,8.625879126735363,-8.625879126735363
S3,tp_mggae_g,mean,31.427575792775,42.48198313449085,11.054407341715848,11.054407341715848
S30,tp_mggae_g,mean,42.44839447,42.101954904241715,0.3464395657582813,-0.3464395657582813
S4,tp_mggae_g,mean,40.2660006969451,42.17720986193326,1.9112091649881577,1.9112091649881577
S5,tp_mggae_g,mean,42.62283656638402,42.09593965953882,0.5268969068451952,-0.5268969068451952
S6,tp_mggae_g,mean,45.96817284237426,41.98058323622881,3.9875896061454483,-3.9875896061454483
S7,tp_mggae_g,mean,41.04309443605529,42.15041352610188,1.1073190900465875,1.1073190900465875
S8,tp_mggae_g,mean,47.61760947845279,41.923706110846794,5.693903367605998,-5.693903367605998
S9,tp_mggae_g,mean,31.425252642583345,42.482063243118155,11.05681060053481,11.05681060053481
S1,tp_mggae_g,nearest_recipe,43.31978162388199,36.35033104890231,6.969450574979675,-6.969450574979675
S10,tp_mggae_g,nearest_recipe,43.552096643047975,41.01986293413869,2.5322337089092812,-2.5322337089092812
S11,tp_mggae_g,nearest_recipe,40.34614937855732,44.52781972354513,4.181670344987808,4.181670344987808
S12,tp_mggae_g,nearest_recipe,41.01986293413869,43.552096643047975,2.5322337089092812,2.5322337089092812
S13,tp_mggae_g,nearest_recipe,36.35033104890231,43.31978162388199,6.969450574979675,6.969450574979675
S14,tp_mggae_g,nearest_recipe,36.07155302590313,43.31978162388199,7.2482285979788585,7.2482285979788585
S15,tp_mggae_g,nearest_recipe,38.92902776164479,44.59751422929492,5.668486467650133,5.668486467650133
S16,tp_mggae_g,nearest_recipe,29.93843651992101,41.01986293413869,11.081426414217685,11.081426414217685
S17,tp_mggae_g,nearest_recipe,43.41270763154838,38.7896387501452,4.623068881403178,-4.623068881403178
S18,tp_mggae_g,nearest_recipe,44.52781972354513,40.34614937855732,4.181670344987808,-4.181670344987808
S19,tp_mggae_g,nearest_recipe,38.32500871181322,43.552096643047975,5.227087931234756,5.227087931234756
S2,tp_mggae_g,nearest_recipe,43.73794865838076,36.07155302590313,7.666395632477631,-7.666395632477631
S20,tp_mggae_g,nearest_recipe,44.59751422929492,41.01986293413869,3.5776512951562296,-3.5776512951562296
S21,tp_mggae_g,nearest_recipe,45.8520153327913,43.552096643047975,2.299918689743322,-2.299918689743322
S22,tp_mggae_g,nearest_recipe,38.7896387501452,43.31978162388199,4.530142873736786,4.530142873736786
S23,tp_mggae_g,nearest_recipe,45.43384829829248,38.92902776164479,6.504820536647692,-6.504820536647692
S24,tp_mggae_g,nearest_recipe,44.992449761877104,38.92902776164479,6.063422000232315,-6.063422000232315
S25,tp_mggae_g,nearest_recipe,50.449322,43.73794865838076,6.711373341619243,-6.711373341619243
S26,tp_mggae_g,nearest_recipe,54.95573821,41.01986293413869,13.935875275861306,-13.935875275861306
S27,tp_mggae_g,nearest_recipe,44.8013706586131,41.01986293413869,3.781507724474409,-3.781507724474409
S28,tp_mggae_g,nearest_recipe,40.7316761528633,43.552096643047975,2.8204204901846737,2.8204204901846737
S29,tp_mggae_g,nearest_recipe,50.45185271227785,36.07155302590313,14.38029968637472,-14.38029968637472
S3,tp_mggae_g,nearest_recipe,31.427575792775,38.92902776164479,7.501451968869791,7.501451968869791
S30,tp_mggae_g,nearest_recipe,42.44839447,43.552096643047975,1.103702173047978,1.103702173047978
S4,tp_mggae_g,nearest_recipe,40.2660006969451,41.01986293413869,0.7538622371935944,0.7538622371935944
S5,tp_mggae_g,nearest_recipe,42.62283656638402,43.31978162388199,0.6969450574979703,0.6969450574979703
S6,tp_mggae_g,nearest_recipe,45.96817284237426,43.552096643047975,2.416076199326284,-2.416076199326284
S7,tp_mggae_g,nearest_recipe,41.04309443605529,40.34614937855732,0.6969450574979703,-0.6969450574979703
S8,tp_mggae_g,nearest_recipe,47.61760947845279,29.93843651992101,17.679172958531783,-17.679172958531783
S9,tp_mggae_g,nearest_recipe,31.425252642583345,40.34614937855732,8.920896735973976,8.920896735973976
S1,caffeine_pct,scheffe_quadratic,5.737118630268695,7.731054485050432,1.9939358547817374,1.9939358547817374
S10,caffeine_pct,scheffe_quadratic,6.618438049872322,7.4314002352240545,0.8129621853517328,0.8129621853517328
S11,caffeine_pct,scheffe_quadratic,6.283169882762828,7.82690126403351,1.5437313812706819,1.5437313812706819
S12,caffeine_pct,scheffe_quadratic,8.652488480465642,7.829089867405561,0.823398613060081,-0.823398613060081
S13,caffeine_pct,scheffe_quadratic,6.65270868526885,7.417222363180414,0.7645136779115642,0.7645136779115642
S14,caffeine_pct,scheffe_quadratic,7.549971104241836,7.048309770967067,0.501661333274769,-0.501661333274769
S15,caffeine_pct,scheffe_quadratic,6.672904090894994,6.404154701875213,0.2687493890197805,-0.2687493890197805
S16,caffeine_pct,scheffe_quadratic,5.967025796830255,8.021145659710536,2.054119862880281,2.054119862880281
S17,caffeine_pct,scheffe_quadratic,4.820437280955679,8.67141066217633,3.8509733812206504,3.8509733812206504
S18,caffeine_pct,scheffe_quadratic,7.355518668520683,6.790241150874534,0.5652775176461491,-0.5652775176461491
S19,caffeine_pct,scheffe_quadratic,6.965362743856421,6.199037555668238,0.7663251881881825,-0.7663251881881825
S2,caffeine_pct,scheffe_quadratic,5.884042790534184,8.600956186087839,2.7169133955536546,2.7169133955536546
S20,caffeine_pct,scheffe_quadratic,6.794854174635831,7.48905516447111,0.694200989835279,0.694200989835279
S21,caffeine_pct,scheffe_quadratic,6.897022346397594,7.431000850101407,0.5339785037038132,0.5339785037038132
S22,caffeine_pct,scheffe_quadratic,7.987435635861756,6.255899165643393,1.731536470218363,-1.731536470218363
S23,caffeine_pct,scheffe_quadratic,7.61988036173974,5.706835560164819,1.9130448015749204,-1.9130448015749204
S24,caffeine_pct,scheffe_quadratic,8.94026446855583,7.165397759040147,1.774866709515683,-1.774866709515683
S25,caffeine_pct,scheffe_quadratic,8.652695227289176,9.036566939214648,0.3838717119254724,0.3838717119254724
S26,caffeine_pct,scheffe_quadratic,8.914612910562719,9.411779398570202,0.4971664880074833,0.4971664880074833
S27,caffeine_pct,scheffe_quadratic,9.85529686126935,7.902848533889905,1.9524483273794448,-1.9524483273794448
S28,caffeine_pct,scheffe_quadratic,8.71947632,8.178590786243452,0.5408855337565477,-0.5408855337565477
S29,caffeine_pct,scheffe_quadratic,8.887749919877594,7.2576431868506575,1.6301067330269365,-1.6301067330269365
S3,caffeine_pct,scheffe_quadratic,6.205592836023035,6.83810587494717,0.6325130389241354,0.6325130389241354
S30,caffeine_pct,scheffe_quadratic,7.860711580013854,7.63915877764187,0.22155280237198394,-0.22155280237198394
S4,caffeine_pct,scheffe_quadratic,8.39024188179102,7.723933475359969,0.6663084064310514,-0.6663084064310514
S5,caffeine_pct,scheffe_quadratic,7.872148438388455,5.710965472655206,2.161182965733248,-2.161182965733248
S6,caffeine_pct,scheffe_quadratic,7.380549130542662,6.965252577995962,0.4152965525467005,-0.4152965525467005
S7,caffeine_pct,scheffe_quadratic,9.015893010741571,7.26028945547626,1.7556035552653118,-1.7556035552653118
S8,caffeine_pct,scheffe_quadratic,6.2653168246714985,7.822836452914485,1.5575196282429866,1.5575196282429866
S9,caffeine_pct,scheffe_quadratic,6.233367392248287,6.331952724782458,0.09858533253417168,0.09858533253417168
S1,caffeine_pct,ridge_a,5.737118630268695,7.196893871376332,1.4597752411076375,1.4597752411076375
S10,caffeine_pct,ridge_a,6.618438049872322,7.909101207502557,1.2906631576302354,1.2906631576302354
S11,caffeine_pct,ridge_a,6.283169882762828,6.812084704520013,0.5289148217571844,0.5289148217571844
S12,caffeine_pct,ridge_a,8.652488480465642,7.771748791191885,0.8807396892737573,-0.8807396892737573
S13,caffeine_pct,ridge_a,6.65270868526885,6.852938719553017,0.20023003428416697,0.20023003428416697
S14,caffeine_pct,ridge_a,7.549971104241836,7.36801100346378,0.18196010077805624,-0.18196010077805624
S15,caffeine_pct,ridge_a,6.672904090894994,6.961758213418923,0.2888541225239294,0.2888541225239294
S16,caffeine_pct,ridge_a,5.967025796830255,7.427609106080366,1.4605833092501115,1.4605833092501115
S17,caffeine_pct,ridge_a,4.820437280955679,7.337460868367204,2.5170235874115248,2.5170235874115248
S18,caffeine_pct,ridge_a,7.355518668520683,6.636699674885043,0.7188189936356402,-0.7188189936356402
S19,caffeine_pct,ridge_a,6.965362743856421,7.242305234833596,0.2769424909771754,0.2769424909771754
S2,caffeine_pct,ridge_a,5.884042790534184,8.245131384894902,2.3610885943607185,2.3610885943607185
S20,caffeine_pct,ridge_a,6.794854174635831,7.429268961547889,0.6344147869120578,0.6344147869120578
S21,caffeine_pct,ridge_a,6.897022346397594,7.3195723021084,0.42254995571080567,0.42254995571080567
S22,caffeine_pct,ridge_a,7.987435635861756,6.778185215340836,1.2092504205209194,-1.2092504205209194
S23,caffeine_pct,ridge_a,7.61988036173974,6.850682997279872,0.7691973644598677,-0.7691973644598677
S24,caffeine_pct,ridge_a,8.94026446855583,6.705779566878032,2.2344849016777975,-2.2344849016777975
S25,caffeine_pct,ridge_a,8.652695227289176,8.353922824318246,0.2987724029709291,-0.2987724029709291
S26,caffeine_pct,ridge_a,8.914612910562719,8.292904522451419,0.6217083881112995,-0.6217083881112995
S27,caffeine_pct,ridge_a,9.85529686126935,7.774417732861691,2.080879128407659,-2.080879128407659
S28,caffeine_pct,ridge_a,8.71947632,8.227521729886774,0.4919545901132256,-0.4919545901132256
S29,caffeine_pct,ridge_a,8.887749919877594,7.344808309573242,1.5429416103043518,-1.5429416103043518
S3,caffeine_pct,ridge_a,6.205592836023035,7.741170821085452,1.5355779850624174,1.5355779850624174
S30,caffeine_pct,ridge_a,7.860711580013854,7.847196357472507,0.013515222541347072,-0.013515222541347072
S4,caffeine_pct,ridge_a,8.39024188179102,7.861678125587413,0.5285637562036074,-0.5285637562036074
S5,caffeine_pct,ridge_a,7.872148438388455,7.383024850918753,0.4891235874697015,-0.4891235874697015
S6,caffeine_pct,ridge_a,7.380549130542662,7.2872870089283115,0.09326212161435077,-0.09326212161435077
S7,caffeine_pct,ridge_a,9.015893010741571,6.6439159056137065,2.371977105127865,-2.371977105127865
S8,caffeine_pct,ridge_a,6.2653168246714985,7.566798175052529,1.3014813503810307,1.3014813503810307
S9,caffeine_pct,ridge_a,6.233367392248287,6.782927129867882,0.5495597376195951,0.5495597376195951
S1,caffeine_pct,ridge_b_no_intercept,5.737118630268695,6.384392209204857,0.6472735789361623,0.6472735789361623
S10,caffeine_pct,ridge_b_no_intercept,6.618438049872322,6.689535934963962,0.07109788509163995,0.07109788509163995
S11,caffeine_pct,ridge_b_no_intercept,6.283169882762828,6.2563500723635155,0.026819810399312694,-0.026819810399312694
S12,caffeine_pct,ridge_b_no_intercept,8.652488480465642,6.6115977214619885,2.040890759003654,-2.040890759003654
S13,caffeine_pct,ridge_b_no_intercept,6.65270868526885,6.270631604245492,0.38207708102335847,-0.38207708102335847
S14,caffeine_pct,ridge_b_no_intercept,7.549971104241836,6.46874345244505,1.0812276517967856,-1.0812276517967856
S15,caffeine_pct,ridge_b_no_intercept,6.672904090894994,6.270864888080055,0.40203920281493843,-0.40203920281493843
S16,caffeine_pct,ridge_b_no_intercept,5.967025796830255,6.5315503137611834,0.5645245169309288,0.5645245169309288
S17,caffeine_pct,ridge_b_no_intercept,4.820437280955679,6.460186008019286,1.6397487270636066,1.6397487270636066
S18,caffeine_pct,ridge_b_no_intercept,7.355518668520683,6.170390595579148,1.1851280729415352,-1.1851280729415352
S19,caffeine_pct,ridge_b_no_intercept,6.965362743856421,6.416316900426439,0.5490458434299814,-0.5490458434299814
S2,caffeine_pct,ridge_b_no_intercept,5.884042790534184,6.8096511171473,0.9256083266131165,0.9256083266131165
S20,caffeine_pct,ridge_b_no_intercept,6.794854174635831,6.493468261239348,0.3013859133964827,-0.3013859133964827
S21,caffeine_pct,ridge_b_no_intercept,6.897022346397594,6.463951201419627,0.4330711449779665,-0.4330711449779665
S22,caffeine_pct,ridge_b_no_intercept,7.987435635861756,6.189795783662213,1.7976398521995431,-1.7976398521995431
S23,caffeine_pct,ridge_b_no_intercept,7.61988036173974,6.211097103590182,1.4087832581495574,-1.4087832581495574
S24,caffeine_pct,ridge_b_no_intercept,8.94026446855583,6.172932418975427,2.7673320495804026,-2.7673320495804026
S25,caffeine_pct,ridge_b_no_intercept,8.652695227289176,6.779605916633467,1.8730893106557085,-1.8730893106557085
S26,caffeine_pct,ridge_b_no_intercept,8.914612910562719,6.747989971122815,2.166622939439904,-2.166622939439904
S27,caffeine_pct,ridge_b_no_intercept,9.85529686126935,6.582556170959226,3.2727406903101244,-3.2727406903101244
S28,caffeine_pct,ridge_b_no_intercept,8.71947632,6.741089047461344,1.9783872725386562,-1.9783872725386562
S29,caffeine_pct,ridge_b_no_intercept,8.887749919877594,6.424111510998136,2.463638408879458,-2.463638408879458
S3,caffeine_pct,ridge_b_no_intercept,6.205592836023035,6.5649611524927955,0.35936831646976053,0.35936831646976053
S30,caffeine_pct,ridge_b_no_intercept,7.860711580013854,6.658799917810982,1.201911662202872,-1.201911662202872
S4,caffeine_pct,ridge_b_no_intercept,8.39024188179102,6.613146788215722,1.7770950935752978,-1.7770950935752978
S5,caffeine_pct,ridge_b_no_intercept,7.872148438388455,6.423820923666784,1.4483275147216705,-1.4483275147216705
S6,caffeine_pct,ridge_b_no_intercept,7.380549130542662,6.448176529603639,0.932372600939023,-0.932372600939023
S7,caffeine_pct,ridge_b_no_intercept,9.015893010741571,6.153687621720776,2.8622053890207955,-2.8622053890207955
S8,caffeine_pct,ridge_b_no_intercept,6.2653168246714985,6.553656177647184,0.2883393529756857,0.2883393529756857
S9,caffeine_pct,ridge_b_no_intercept,6.233367392248287,6.234166678414579,0.0007992861662922124,0.0007992861662922124
S1,caffeine_pct,pls,5.737118630268695,7.191691712171353,1.4545730819026579,1.4545730819026579
S10,caffeine_pct,pls,6.618438049872322,7.911617847104271,1.2931797972319492,1.2931797972319492
S11,caffeine_pct,pls,6.283169882762828,6.769770312011343,0.4866004292485151,0.4866004292485151
S12,caffeine_pct,pls,8.652488480465642,7.784324497773917,0.8681639826917253,-0.8681639826917253
S13,caffeine_pct,pls,6.65270868526885,6.8260010853487865,0.1732924000799363,0.1732924000799363
S14,caffeine_pct,pls,7.549971104241836,7.3678543590733305,0.1821167451685053,-0.1821167451685053
S15,caffeine_pct,pls,6.672904090894994,6.948661570827991,0.27575747993299693,0.27575747993299693
S16,caffeine_pct,pls,5.967025796830255,7.428183266628587,1.4611574697983327,1.4611574697983327
S17,caffeine_pct,pls,4.820437280955679,7.35302563110276,2.5325883501470807,2.5325883501470807
S18,caffeine_pct,pls,7.355518668520683,6.582561141506257,0.7729575270144267,-0.7729575270144267
S19,caffeine_pct,pls,6.965362743856421,7.210202824082191,0.24484008022576997,0.24484008022576997
S2,caffeine_pct,pls,5.884042790534184,8.287091650191451,2.4030488596572672,2.4030488596572672
S20,caffeine_pct,pls,6.794854174635831,7.4312382170295175,0.6363840423936864,0.6363840423936864
S21,caffeine_pct,pls,6.897022346397594,7.305713248434075,0.40869090203648106,0.40869090203648106
S22,caffeine_pct,pls,7.987435635861756,6.776784527125574,1.2106511087361813,-1.2106511087361813
S23,caffeine_pct,pls,7.61988036173974,6.847988809056374,0.7718915526833658,-0.7718915526833658
S24,caffeine_pct,pls,8.94026446855583,6.688572543903738,2.251691924652092,-2.251691924652092
S25,caffeine_pct,pls,8.652695227289176,8.396234131352744,0.25646109593643196,-0.25646109593643196
S26,caffeine_pct,pls,8.914612910562719,8.332235277909888,0.5823776326528307,-0.5823776326528307
S27,caffeine_pct,pls,9.85529686126935,7.7982949024525805,2.0570019588167696,-2.0570019588167696
S28,caffeine_pct,pls,8.71947632,8.252597064530923,0.4668792554690775,-0.4668792554690775
S29,caffeine_pct,pls,8.887749919877594,7.356562922661011,1.531186997216583,-1.531186997216583
S3,caffeine_pct,pls,6.205592836023035,7.76486281223463,1.5592699762115947,1.5592699762115947
S30,caffeine_pct,pls,7.860711580013854,7.861599273444881,0.0008876934310269036,0.0008876934310269036
S4,caffeine_pct,pls,8.39024188179102,7.888548060872141,0.501693820918879,-0.501693820918879
S5,caffeine_pct,pls,7.872148438388455,7.394097852197104,0.4780505861913502,-0.4780505861913502
S6,caffeine_pct,pls,7.380549130542662,7.271934084629491,0.10861504591317139,-0.10861504591317139
S7,caffeine_pct,pls,9.015893010741571,6.609609423826229,2.4062835869153423,-2.4062835869153423
S8,caffeine_pct,pls,6.2653168246714985,7.586949668453864,1.321632843782366,1.321632843782366
S9,caffeine_pct,pls,6.233367392248287,6.719552249800376,0.4861848575520895,0.4861848575520895
S1,caffeine_pct,gpr,5.737118630268695,7.4468556334014115,1.7097370031327168,1.7097370031327168
S10,caffeine_pct,gpr,6.618438049872322,7.432533363227861,0.8140953133555398,0.8140953133555398
S11,caffeine_pct,gpr,6.283169882762828,7.4265181857893054,1.1433483030264773,1.1433483030264773
S12,caffeine_pct,gpr,8.652488480465642,7.344821172935124,1.3076673075305187,-1.3076673075305187
S13,caffeine_pct,gpr,6.65270868526885,7.413760842630645,0.761052157361795,0.761052157361795
S14,caffeine_pct,gpr,7.549971104241836,7.382649209588191,0.16732189465364478,-0.16732189465364478
S15,caffeine_pct,gpr,6.672904090894994,7.4130823291859285,0.7401782382909348,0.7401782382909348
S16,caffeine_pct,gpr,5.967025796830255,7.737893465148239,1.770867668317984,1.770867668317984
S17,caffeine_pct,gpr,4.820437280955679,7.5770283002698315,2.7565910193141523,2.7565910193141523
S18,caffeine_pct,gpr,7.355518668520683,7.389511231986116,0.033992563465433,0.033992563465433
S19,caffeine_pct,gpr,6.965362743856421,7.402997257775999,0.4376345139195781,0.4376345139195781
S2,caffeine_pct,gpr,5.884042790534184,7.7286497186277066,1.8446069280935227,1.8446069280935227
S20,caffeine_pct,gpr,6.794854174635831,7.408876386490901,0.6140222118550698,0.6140222118550698
S21,caffeine_pct,gpr,6.897022346397594,7.4053482898092,0.5083259434116059,0.5083259434116059
S22,caffeine_pct,gpr,7.987435635861756,7.340788822152974,0.6466468137087817,-0.6466468137087817
S23,caffeine_pct,gpr,7.61988036173974,7.380427789988272,0.2394525717514675,-0.2394525717514675
S24,caffeine_pct,gpr,8.94026446855583,7.159425974659684,1.7808384938961455,-1.7808384938961455
S25,caffeine_pct,gpr,8.652695227289176,7.344821580512688,1.3078736467764873,-1.3078736467764873
S26,caffeine_pct,gpr,8.914612910562719,7.335784254099104,1.5788286564636147,-1.5788286564636147
S27,caffeine_pct,gpr,9.85529686126935,7.303345320972882,2.551951540296468,-2.551951540296468
S28,caffeine_pct,gpr,8.71947632,7.342520423588087,1.3769558964119133,-1.3769558964119133
S29,caffeine_pct,gpr,8.887749919877594,7.258732578653348,1.6290173412242464,-1.6290173412242464
S3,caffeine_pct,gpr,6.205592836023035,7.429196504861634,1.2236036688385994,1.2236036688385994
S30,caffeine_pct,gpr,7.860711580013854,7.3721415363999085,0.4885700436139455,-0.4885700436139455
S4,caffeine_pct,gpr,8.39024188179102,7.3538656916662895,1.0363761901247308,-1.0363761901247308
S5,caffeine_pct,gpr,7.872148438388455,7.370634098097265,0.5015143402911892,-0.5015143402911892
S6,caffeine_pct,gpr,7.380549130542662,7.38867671555206,0.008127585009397365,0.008127585009397365
S7,caffeine_pct,gpr,9.015893010741571,7.236104612683997,1.7797883980575744,-1.7797883980575744
S8,caffeine_pct,gpr,6.2653168246714985,7.427137173589097,1.1618203489175984,1.1618203489175984
S9,caffeine_pct,gpr,6.233367392248287,7.428238645996923,1.1948712537486363,1.1948712537486363
S1,caffeine_pct,random_forest,5.737118630268695,7.383484548840644,1.6463659185719495,1.6463659185719495
S10,caffeine_pct,random_forest,6.618438049872322,8.045853222041776,1.4274151721694546,1.4274151721694546
S11,caffeine_pct,random_forest,6.283169882762828,7.287488123475149,1.0043182407123208,1.0043182407123208
S12,caffeine_pct,random_forest,8.652488480465642,7.825220858203185,0.8272676222624575,-0.8272676222624575
S13,caffeine_pct,random_forest,6.65270868526885,7.0786470801743056,0.4259383949054554,0.4259383949054554
S14,caffeine_pct,random_forest,7.549971104241836,6.883314200713117,0.6666569035287191,-0.6666569035287191
S15,caffeine_pct,random_forest,6.672904090894994,6.92784830574052,0.2549442148455263,0.2549442148455263
S16,caffeine_pct,random_forest,5.967025796830255,7.949362651236658,1.9823368544064035,1.9823368544064035
S17,caffeine_pct,random_forest,4.820437280955679,7.634973762448505,2.8145364814928255,2.8145364814928255
S18,caffeine_pct,random_forest,7.355518668520683,7.168513086037719,0.18700558248296417,-0.18700558248296417
S19,caffeine_pct,random_forest,6.965362743856421,6.870331202440722,0.09503154141569858,-0.09503154141569858
S2,caffeine_pct,random_forest,5.884042790534184,8.291596331468641,2.4075535409344573,2.4075535409344573
S20,caffeine_pct,random_forest,6.794854174635831,6.855352597801773,0.06049842316594223,0.06049842316594223
S21,caffeine_pct,random_forest,6.897022346397594,7.112938349883123,0.2159160034855292,0.2159160034855292
S22,caffeine_pct,random_forest,7.987435635861756,7.043797252665007,0.943638383196749,-0.943638383196749
S23,caffeine_pct,random_forest,7.61988036173974,7.085179452780067,0.5347009089596728,-0.5347009089596728
S24,caffeine_pct,random_forest,8.94026446855583,6.660232235603417,2.2800322329524123,-2.2800322329524123
S25,caffeine_pct,random_forest,8.652695227289176,7.97475094722159,0.6779442800675852,-0.6779442800675852
S26,caffeine_pct,random_forest,8.914612910562719,8.140002147486287,0.7746107630764314,-0.7746107630764314
S27,caffeine_pct,random_forest,9.85529686126935,8.03753778358613,1.8177590776832204,-1.8177590776832204
S28,caffeine_pct,random_forest,8.71947632,7.642481835054776,1.0769944849452244,-1.0769944849452244
S29,caffeine_pct,random_forest,8.887749919877594,6.85597321576258,2.031776704115014,-2.031776704115014
S3,caffeine_pct,random_forest,6.205592836023035,7.150013860990676,0.9444210249676406,0.9444210249676406
S30,caffeine_pct,random_forest,7.860711580013854,7.873205639585512,0.012494059571658056,0.012494059571658056
S4,caffeine_pct,random_forest,8.39024188179102,7.709315173402139,0.6809267083888813,-0.6809267083888813
S5,caffeine_pct,random_forest,7.872148438388455,6.977172134831094,0.8949763035573604,-0.8949763035573604
S6,caffeine_pct,random_forest,7.380549130542662,7.187735853685963,0.19281327685669947,-0.19281327685669947
S7,caffeine_pct,random_forest,9.015893010741571,6.987188172780875,2.0287048379606967,-2.0287048379606967
S8,caffeine_pct,random_forest,6.2653168246714985,7.496613911316005,1.2312970866445063,1.2312970866445063
S9,caffeine_pct,random_forest,6.233367392248287,7.037022528188295,0.8036551359400086,0.8036551359400086
S1,caffeine_pct,xgboost,5.737118630268695,7.318070888519287,1.5809522582505924,1.5809522582505924
S10,caffeine_pct,xgboost,6.618438049872322,7.775225639343262,1.15678758947094,1.15678758947094
S11,caffeine_pct,xgboost,6.283169882762828,7.349429607391357,1.0662597246285292,1.0662597246285292
S12,caffeine_pct,xgboost,8.652488480465642,7.942469120025635,0.7100193604400076,-0.7100193604400076
S13,caffeine_pct,xgboost,6.65270868526885,6.6629533767700195,0.010244691501169356,0.010244691501169356
S14,caffeine_pct,xgboost,7.549971104241836,6.691093921661377,0.8588771825804589,-0.8588771825804589
S15,caffeine_pct,xgboost,6.672904090894994,7.0499267578125,0.3770226669175063,0.3770226669175063
S16,caffeine_pct,xgboost,5.967025796830255,8.27645206451416,2.3094262676839055,2.3094262676839055
S17,caffeine_pct,xgboost,4.820437280955679,7.664250373840332,2.843813092884653,2.843813092884653
S18,caffeine_pct,xgboost,7.355518668520683,7.104997158050537,0.25052151047014615,-0.25052151047014615
S19,caffeine_pct,xgboost,6.965362743856421,6.652541160583496,0.31282158327292464,-0.31282158327292464
S2,caffeine_pct,xgboost,5.884042790534184,8.603614807128906,2.7195720165947224,2.7195720165947224
S20,caffeine_pct,xgboost,6.794854174635831,6.937532901763916,0.14267872712808494,0.14267872712808494
S21,caffeine_pct,xgboost,6.897022346397594,7.17758846282959,0.2805661164319959,0.2805661164319959
S22,caffeine_pct,xgboost,7.987435635861756,7.08402681350708,0.9034088223546757,-0.9034088223546757
S23,caffeine_pct,xgboost,7.61988036173974,7.059959888458252,0.5599204732814878,-0.5599204732814878
S24,caffeine_pct,xgboost,8.94026446855583,6.730193614959717,2.210070853596113,-2.210070853596113
S25,caffeine_pct,xgboost,8.652695227289176,8.311422348022461,0.34127287926671457,-0.34127287926671457
S26,caffeine_pct,xgboost,8.914612910562719,8.737443923950195,0.17716898661252323,-0.17716898661252323
S27,caffeine_pct,xgboost,9.85529686126935,8.211895942687988,1.6434009185813618,-1.6434009185813618
S28,caffeine_pct,xgboost,8.71947632,7.615466117858887,1.1040102021411133,-1.1040102021411133
S29,caffeine_pct,xgboost,8.887749919877594,6.775909423828125,2.111840496049469,-2.111840496049469
S3,caffeine_pct,xgboost,6.205592836023035,6.958950519561768,0.7533576835387326,0.7533576835387326
S30,caffeine_pct,xgboost,7.860711580013854,7.845605373382568,0.015106206631285701,-0.015106206631285701
S4,caffeine_pct,xgboost,8.39024188179102,7.43619441986084,0.9540474619301804,-0.9540474619301804
S5,caffeine_pct,xgboost,7.872148438388455,6.890594959259033,0.9815534791294214,-0.9815534791294214
S6,caffeine_pct,xgboost,7.380549130542662,7.258756637573242,0.12179249296942007,-0.12179249296942007
S7,caffeine_pct,xgboost,9.015893010741571,7.151772975921631,1.8641200348199405,-1.8641200348199405
S8,caffeine_pct,xgboost,6.2653168246714985,7.66921329498291,1.4038964703114116,1.4038964703114116
S9,caffeine_pct,xgboost,6.233367392248287,6.9417548179626465,0.7083874257143599,0.7083874257143599
S1,caffeine_pct,catboost,5.737118630268695,7.323079182671198,1.5859605524025033,1.5859605524025033
S10,caffeine_pct,catboost,6.618438049872322,8.017054177924752,1.3986161280524305,1.3986161280524305
S11,caffeine_pct,catboost,6.283169882762828,7.465567255866874,1.1823973731040462,1.1823973731040462
S12,caffeine_pct,catboost,8.652488480465642,7.933322895253523,0.719165585212119,-0.719165585212119
S13,caffeine_pct,catboost,6.65270868526885,6.788929808923481,0.13622112365463046,0.13622112365463046
S14,caffeine_pct,catboost,7.549971104241836,7.021338326045378,0.5286327781964575,-0.5286327781964575
S15,caffeine_pct,catboost,6.672904090894994,7.433635981006677,0.7607318901116837,0.7607318901116837
S16,caffeine_pct,catboost,5.967025796830255,8.113723050234526,2.1466972534042714,2.1466972534042714
S17,caffeine_pct,catboost,4.820437280955679,7.834778779279938,3.014341498324259,3.014341498324259
S18,caffeine_pct,catboost,7.355518668520683,7.049993095761945,0.3055255727587385,-0.3055255727587385
S19,caffeine_pct,catboost,6.965362743856421,6.6926738219504065,0.27268892190601424,-0.27268892190601424
S2,caffeine_pct,catboost,5.884042790534184,8.633231295550356,2.749188505016172,2.749188505016172
S20,caffeine_pct,catboost,6.794854174635831,7.05144601676245,0.25659184212661934,0.25659184212661934
S21,caffeine_pct,catboost,6.897022346397594,7.077694141367095,0.18067179496950114,0.18067179496950114
S22,caffeine_pct,catboost,7.987435635861756,6.893761525382955,1.0936741104788004,-1.0936741104788004
S23,caffeine_pct,catboost,7.61988036173974,7.024871582052865,0.595008779686875,-0.595008779686875
S24,caffeine_pct,catboost,8.94026446855583,6.969750386891078,1.970514081664752,-1.970514081664752
S25,caffeine_pct,catboost,8.652695227289176,8.141520860015039,0.5111743672741369,-0.5111743672741369
S26,caffeine_pct,catboost,8.914612910562719,8.506768177935387,0.407844732627332,-0.407844732627332
S27,caffeine_pct,catboost,9.85529686126935,7.766628718291812,2.0886681429775384,-2.0886681429775384
S28,caffeine_pct,catboost,8.71947632,7.715201658562004,1.0042746614379965,-1.0042746614379965
S29,caffeine_pct,catboost,8.887749919877594,7.009035157373455,1.8787147625041394,-1.8787147625041394
S3,caffeine_pct,catboost,6.205592836023035,6.968413782662937,0.7628209466399021,0.7628209466399021
S30,caffeine_pct,catboost,7.860711580013854,7.632564625339432,0.22814695467442192,-0.22814695467442192
S4,caffeine_pct,catboost,8.39024188179102,7.4567162079828835,0.9335256738081368,-0.9335256738081368
S5,caffeine_pct,catboost,7.872148438388455,7.118946380744749,0.7532020576437057,-0.7532020576437057
S6,caffeine_pct,catboost,7.380549130542662,7.1474585172895875,0.23309061325307479,-0.23309061325307479
S7,caffeine_pct,catboost,9.015893010741571,7.082242588267135,1.933650422474436,-1.933650422474436
S8,caffeine_pct,catboost,6.2653168246714985,7.446999592667561,1.1816827679960626,1.1816827679960626
S9,caffeine_pct,catboost,6.233367392248287,6.9734807019008205,0.7401133096525339,0.7401133096525339
S1,caffeine_pct,mean,5.737118630268695,7.445350927407368,1.7082322971386734,1.7082322971386734
S10,caffeine_pct,mean,6.618438049872322,7.41496060259345,0.7965225527211279,0.7965225527211279
S11,caffeine_pct,mean,6.283169882762828,7.426521573873087,1.1433516911102588,1.1433516911102588
S12,caffeine_pct,mean,8.652488480465642,7.34482093257299,1.3076675478926525,-1.3076675478926525
S13,caffeine_pct,mean,6.65270868526885,7.413778856545293,0.7610701712764429,0.7610701712764429
S14,caffeine_pct,mean,7.549971104241836,7.3828387731324305,0.16713233110940529,-0.16713233110940529
S15,caffeine_pct,mean,6.672904090894994,7.413082463247839,0.7401783723528457,0.7401783723528457
S16,caffeine_pct,mean,5.967025796830255,7.437423094077658,1.4703972972474029,1.4703972972474029
S17,caffeine_pct,mean,4.820437280955679,7.476960629107816,2.6565233481521364,2.6565233481521364
S18,caffeine_pct,mean,7.355518668520683,7.3895440295366095,0.034025361015926237,0.034025361015926237
S19,caffeine_pct,mean,6.965362743856421,7.4029976821112395,0.4376349382548188,0.4376349382548188
S2,caffeine_pct,mean,5.884042790534184,7.440284577053386,1.5562417865192018,1.5562417865192018
S20,caffeine_pct,mean,6.794854174635831,7.4088772879464315,0.6140231133106004,0.6140231133106004
S21,caffeine_pct,mean,6.897022346397594,7.4053542475408545,0.5083319011432605,0.5083319011432605
S22,caffeine_pct,mean,7.987435635861756,7.367753789283468,0.6196818465782874,-0.6196818465782874
S23,caffeine_pct,mean,7.61988036173974,7.380428109080779,0.23945225265896042,-0.23945225265896042
S24,caffeine_pct,mean,8.94026446855583,7.334897622638845,1.6053668459169845,-1.6053668459169845
S25,caffeine_pct,mean,8.652695227289176,7.344813803372178,1.3078814239169976,-1.3078814239169976
S26,caffeine_pct,mean,8.914612910562719,7.335782159121366,1.5788307514413527,-1.5788307514413527
S27,caffeine_pct,mean,9.85529686126935,7.303344781510793,2.551952079758557,-2.551952079758557
S28,caffeine_pct,mean,8.71947632,7.342511007071805,1.3769653129281947,-1.3769653129281947
S29,caffeine_pct,mean,8.887749919877594,7.336708469144991,1.551041450732603,-1.551041450732603
S3,caffeine_pct,mean,6.205592836023035,7.429196644450321,1.2236038084272858,1.2236038084272858
S30,caffeine_pct,mean,7.860711580013854,7.372123584312706,0.4885879957011481,-0.4885879957011481
S4,caffeine_pct,mean,8.39024188179102,7.353863918734183,1.0363779630568368,-1.0363779630568368
S5,caffeine_pct,mean,7.872148438388455,7.371729209885996,0.5004192285024587,-0.5004192285024587
S6,caffeine_pct,mean,7.380549130542662,7.38868091015654,0.00813177961387801,0.00813177961387801
S7,caffeine_pct,mean,9.015893010741571,7.3322897418738195,1.6836032688677518,-1.6836032688677518
S8,caffeine_pct,mean,6.2653168246714985,7.427137196565892,1.1618203718943931,1.1618203718943931
S9,caffeine_pct,mean,6.233367392248287,7.428238901132209,1.1948715088839226,1.1948715088839226
S1,caffeine_pct,nearest_recipe,5.737118630268695,6.65270868526885,0.9155900550001554,0.9155900550001554
S10,caffeine_pct,nearest_recipe,6.618438049872322,8.652488480465642,2.0340504305933207,2.0340504305933207
S11,caffeine_pct,nearest_recipe,6.283169882762828,7.355518668520683,1.072348785757855,1.072348785757855
S12,caffeine_pct,nearest_recipe,8.652488480465642,6.618438049872322,2.0340504305933207,-2.0340504305933207
S13,caffeine_pct,nearest_recipe,6.65270868526885,5.737118630268695,0.9155900550001554,-0.9155900550001554
S14,caffeine_pct,nearest_recipe,7.549971104241836,5.737118630268695,1.812852473973141,-1.812852473973141
S15,caffeine_pct,nearest_recipe,6.672904090894994,6.794854174635831,0.12195008374083738,0.12195008374083738
S16,caffeine_pct,nearest_recipe,5.967025796830255,8.652488480465642,2.6854626836353876,2.6854626836353876
S17,caffeine_pct,nearest_recipe,4.820437280955679,7.987435635861756,3.1669983549060765,3.1669983549060765
S18,caffeine_pct,nearest_recipe,7.355518668520683,6.283169882762828,1.072348785757855,-1.072348785757855
S19,caffeine_pct,nearest_recipe,6.965362743856421,6.618438049872322,0.3469246939840991,-0.3469246939840991
S2,caffeine_pct,nearest_recipe,5.884042790534184,7.549971104241836,1.665928313707652,1.665928313707652
S20,caffeine_pct,nearest_recipe,6.794854174635831,8.652488480465642,1.8576343058298113,1.8576343058298113
S21,caffeine_pct,nearest_recipe,6.897022346397594,6.618438049872322,0.2785842965252723,-0.2785842965252723
S22,caffeine_pct,nearest_recipe,7.987435635861756,5.737118630268695,2.250317005593061,-2.250317005593061
S23,caffeine_pct,nearest_recipe,7.61988036173974,6.672904090894994,0.946976270844746,-0.946976270844746
S24,caffeine_pct,nearest_recipe,8.94026446855583,6.672904090894994,2.267360377660836,-2.267360377660836
S25,caffeine_pct,nearest_recipe,8.652695227289176,5.884042790534184,2.7686524367549916,-2.7686524367549916
S26,caffeine_pct,nearest_recipe,8.914612910562719,8.652488480465642,0.2621244300970762,-0.2621244300970762
S27,caffeine_pct,nearest_recipe,9.85529686126935,8.652488480465642,1.2028083808037078,-1.2028083808037078
S28,caffeine_pct,nearest_recipe,8.71947632,6.618438049872322,2.1010382701276784,-2.1010382701276784
S29,caffeine_pct,nearest_recipe,8.887749919877594,7.549971104241836,1.3377788156357582,-1.3377788156357582
S3,caffeine_pct,nearest_recipe,6.205592836023035,6.672904090894994,0.4673112548719587,0.4673112548719587
S30,caffeine_pct,nearest_recipe,7.860711580013854,6.618438049872322,1.2422735301415324,-1.2422735301415324
S4,caffeine_pct,nearest_recipe,8.39024188179102,8.652488480465642,0.2622465986746221,0.2622465986746221
S5,caffeine_pct,nearest_recipe,7.872148438388455,5.737118630268695,2.13502980811976,-2.13502980811976
S6,caffeine_pct,nearest_recipe,7.380549130542662,6.618438049872322,0.7621110806703406,-0.7621110806703406
S7,caffeine_pct,nearest_recipe,9.015893010741571,6.283169882762828,2.732723127978743,-2.732723127978743
S8,caffeine_pct,nearest_recipe,6.2653168246714985,5.967025796830255,0.29829102784124384,-0.29829102784124384
S9,caffeine_pct,nearest_recipe,6.233367392248287,6.283169882762828,0.04980249051454155,0.04980249051454155
S1,catechin_pct,scheffe_quadratic,0.19634112,0.15228106061867486,0.04406005938132515,-0.04406005938132515
S10,catechin_pct,scheffe_quadratic,0.301689974,0.16411280219144514,0.1375771718085549,-0.1375771718085549
S11,catechin_pct,scheffe_quadratic,0.2770403944712431,0.07478912490112732,0.2022512695701158,-0.2022512695701158
S12,catechin_pct,scheffe_quadratic,0.363024681232823,0.240798051892139,0.12222662934068401,-0.12222662934068401
S13,catechin_pct,scheffe_quadratic,0.1804110079704347,0.18890169318194655,0.008490685211511861,0.008490685211511861
S14,catechin_pct,scheffe_quadratic,0.1517562740811906,0.1826529424691797,0.0308966683879891,0.0308966683879891
S15,catechin_pct,scheffe_quadratic,0.113872259,0.0633842649744757,0.0504879940255243,-0.0504879940255243
S16,catechin_pct,scheffe_quadratic,0.0936969627990586,0.24718611599571122,0.15348915319665263,0.15348915319665263
S17,catechin_pct,scheffe_quadratic,0.2607882060328927,0.19987928726060494,0.06090891877228777,-0.06090891877228777
S18,catechin_pct,scheffe_quadratic,0.1592346240237807,0.1903340958125981,0.031099471788817418,0.031099471788817418
S19,catechin_pct,scheffe_quadratic,0.1232421358488797,0.19400300356880146,0.07076086771992175,0.07076086771992175
S2,catechin_pct,scheffe_quadratic,0.1385469773607517,0.2201471914981682,0.0816002141374165,0.0816002141374165
S20,catechin_pct,scheffe_quadratic,0.1439578803,0.21592012470460759,0.07196224440460758,0.07196224440460758
S21,catechin_pct,scheffe_quadratic,0.0836845435160295,0.22819839392661592,0.14451385041058643,0.14451385041058643
S22,catechin_pct,scheffe_quadratic,0.1805716887212155,0.2476384347356433,0.06706674601442777,0.06706674601442777
S23,catechin_pct,scheffe_quadratic,0.1735686859996853,0.14693042267504372,0.026638263324641587,-0.026638263324641587
S24,catechin_pct,scheffe_quadratic,0.0432652337068045,0.22764842776116223,0.18438319405435774,0.18438319405435774
S25,catechin_pct,scheffe_quadratic,0.2732872,0.25226033300307715,0.021026866996922855,-0.021026866996922855
S26,catechin_pct,scheffe_quadratic,0.317593111,0.3805502819912882,0.06295717099128822,0.06295717099128822
S27,catechin_pct,scheffe_quadratic,0.249911542,0.28360559430870697,0.03369405230870698,0.03369405230870698
S28,catechin_pct,scheffe_quadratic,0.207915442,0.32855325797386725,0.12063781597386725,0.12063781597386725
S29,catechin_pct,scheffe_quadratic,0.268219961,0.22308270913479814,0.04513725186520187,-0.04513725186520187
S3,catechin_pct,scheffe_quadratic,0.1592467223,0.20907249540151843,0.04982577310151842,0.04982577310151842
S30,catechin_pct,scheffe_quadratic,0.318378114,0.18798029698686755,0.13039781701313244,-0.13039781701313244
S4,catechin_pct,scheffe_quadratic,0.34167991724941,0.2687224929809734,0.0729574242684366,-0.0729574242684366
S5,catechin_pct,scheffe_quadratic,0.1673155267817988,0.13969622021083483,0.02761930657096398,-0.02761930657096398
S6,catechin_pct,scheffe_quadratic,0.18632272059291,0.183152499555754,0.0031702210371560013,-0.0031702210371560013
S7,catechin_pct,scheffe_quadratic,0.3077036377452473,0.1577784302617278,0.14992520748351948,-0.14992520748351948
S8,catechin_pct,scheffe_quadratic,0.324931142,0.2229909745761609,0.1019401674238391,-0.1019401674238391
S9,catechin_pct,scheffe_quadratic,0.1172647152,0.23351974381633434,0.11625502861633434,0.11625502861633434
S1,catechin_pct,ridge_a,0.19634112,0.1632528587379799,0.03308826126202011,-0.03308826126202011
S10,catechin_pct,ridge_a,0.301689974,0.22356702628655137,0.07812294771344866,-0.07812294771344866
S11,catechin_pct,ridge_a,0.2770403944712431,0.1397973244116486,0.13724307005959452,-0.13724307005959452
S12,catechin_pct,ridge_a,0.363024681232823,0.23075068635179943,0.13227399488102357,-0.13227399488102357
S13,catechin_pct,ridge_a,0.1804110079704347,0.16106372448697345,0.019347283483461236,-0.019347283483461236
S14,catechin_pct,ridge_a,0.1517562740811906,0.20894489066279476,0.05718861658160415,0.05718861658160415
S15,catechin_pct,ridge_a,0.113872259,0.1936874702511515,0.07981521125115149,0.07981521125115149
S16,catechin_pct,ridge_a,0.0936969627990586,0.21084921811052465,0.11715225531146604,0.11715225531146604
S17,catechin_pct,ridge_a,0.2607882060328927,0.16876722899231486,0.09202097704057785,-0.09202097704057785
S18,catechin_pct,ridge_a,0.1592346240237807,0.15707596902273324,0.0021586550010474492,-0.0021586550010474492
S19,catechin_pct,ridge_a,0.1232421358488797,0.20309636964493,0.07985423379605029,0.07985423379605029
S2,catechin_pct,ridge_a,0.1385469773607517,0.26070560596202236,0.12215862860127066,0.12215862860127066
S20,catechin_pct,ridge_a,0.1439578803,0.21598298924969211,0.07202510894969211,0.07202510894969211
S21,catechin_pct,ridge_a,0.0836845435160295,0.2100244277083098,0.12633988419228032,0.12633988419228032
S22,catechin_pct,ridge_a,0.1805716887212155,0.17791110876251226,0.002660579958703252,-0.002660579958703252
S23,catechin_pct,ridge_a,0.1735686859996853,0.1863885217693211,0.012819835769635801,0.012819835769635801
S24,catechin_pct,ridge_a,0.0432652337068045,0.18824728940825688,0.1449820557014524,0.1449820557014524
S25,catechin_pct,ridge_a,0.2732872,0.28114460728529955,0.007857407285299545,0.007857407285299545
S26,catechin_pct,ridge_a,0.317593111,0.27500804843777304,0.04258506256222694,-0.04258506256222694
S27,catechin_pct,ridge_a,0.249911542,0.2474044976512265,0.002507044348773496,-0.002507044348773496
S28,catechin_pct,ridge_a,0.207915442,0.28808479339322723,0.08016935139322723,0.08016935139322723
S29,catechin_pct,ridge_a,0.268219961,0.20815490980364723,0.060065051196352776,-0.060065051196352776
S3,catechin_pct,ridge_a,0.1592467223,0.2319215501920043,0.0726748278920043,0.0726748278920043
S30,catechin_pct,ridge_a,0.318378114,0.23176619124183412,0.08661192275816587,-0.08661192275816587
S4,catechin_pct,ridge_a,0.34167991724941,0.23709632938095015,0.10458358786845984,-0.10458358786845984
S5,catechin_pct,ridge_a,0.1673155267817988,0.21999669847398995,0.05268117169219114,0.05268117169219114
S6,catechin_pct,ridge_a,0.18632272059291,0.1989630880060251,0.012640367413115111,0.012640367413115111
S7,catechin_pct,ridge_a,0.3077036377452473,0.1546319649309787,0.1530716728142686,-0.1530716728142686
S8,catechin_pct,ridge_a,0.324931142,0.20633001260458547,0.11860112939541453,-0.11860112939541453
S9,catechin_pct,ridge_a,0.1172647152,0.16235207638315283,0.04508736118315283,0.04508736118315283
S1,catechin_pct,ridge_b_no_intercept,0.19634112,0.16538016211072923,0.03096095788927078,-0.03096095788927078
S10,catechin_pct,ridge_b_no_intercept,0.301689974,0.18487750756824387,0.11681246643175616,-0.11681246643175616
S11,catechin_pct,ridge_b_no_intercept,0.2770403944712431,0.15273255138755382,0.1243078430836893,-0.1243078430836893
S12,catechin_pct,ridge_b_no_intercept,0.363024681232823,0.18823543229370268,0.17478924893912032,-0.17478924893912032
S13,catechin_pct,ridge_b_no_intercept,0.1804110079704347,0.1638479877290564,0.01656302024137829,-0.01656302024137829
S14,catechin_pct,ridge_b_no_intercept,0.1517562740811906,0.1833695621207012,0.031613288039510606,0.031613288039510606
S15,catechin_pct,ridge_b_no_intercept,0.113872259,0.1771679976100351,0.0632957386100351,0.0632957386100351
S16,catechin_pct,ridge_b_no_intercept,0.0936969627990586,0.18563288015385046,0.09193591735479185,0.09193591735479185
S17,catechin_pct,ridge_b_no_intercept,0.2607882060328927,0.1669038100152894,0.09388439601760332,-0.09388439601760332
S18,catechin_pct,ridge_b_no_intercept,0.1592346240237807,0.16196596471492392,0.0027313406911432248,0.0027313406911432248
S19,catechin_pct,ridge_b_no_intercept,0.1232421358488797,0.17990317303662512,0.056661037187745414,0.056661037187745414
S2,catechin_pct,ridge_b_no_intercept,0.1385469773607517,0.20310468711730273,0.06455770975655103,0.06455770975655103
S20,catechin_pct,ridge_b_no_intercept,0.1439578803,0.18610894804625652,0.042151067746256515,0.042151067746256515
S21,catechin_pct,ridge_b_no_intercept,0.0836845435160295,0.18438911805238062,0.10070457453635112,0.10070457453635112
S22,catechin_pct,ridge_b_no_intercept,0.1805716887212155,0.17161577496484612,0.008955913756369394,-0.008955913756369394
S23,catechin_pct,ridge_b_no_intercept,0.1735686859996853,0.1747021628880207,0.0011334768883353996,0.0011334768883353996
S24,catechin_pct,ridge_b_no_intercept,0.0432652337068045,0.17713526233522014,0.13387002862841565,0.13387002862841565
S25,catechin_pct,ridge_b_no_intercept,0.2732872,0.20666328880539364,0.06662391119460637,-0.06662391119460637
S26,catechin_pct,ridge_b_no_intercept,0.317593111,0.20367790553908643,0.11391520546091355,-0.11391520546091355
S27,catechin_pct,ridge_b_no_intercept,0.249911542,0.1972730354400169,0.05263850655998309,-0.05263850655998309
S28,catechin_pct,ridge_b_no_intercept,0.207915442,0.20934539127979032,0.0014299492797903157,0.0014299492797903157
S29,catechin_pct,ridge_b_no_intercept,0.268219961,0.18184931832629062,0.08637064267370939,-0.08637064267370939
S3,catechin_pct,ridge_b_no_intercept,0.1592467223,0.1911375298447561,0.031890807544756095,0.031890807544756095
S30,catechin_pct,ridge_b_no_intercept,0.318378114,0.1893996958380259,0.12897841816197408,-0.12897841816197408
S4,catechin_pct,ridge_b_no_intercept,0.34167991724941,0.19063479577341225,0.15104512147599775,-0.15104512147599775
S5,catechin_pct,ridge_b_no_intercept,0.1673155267817988,0.18674901507404187,0.019433488292243062,0.019433488292243062
S6,catechin_pct,ridge_b_no_intercept,0.18632272059291,0.17827284315163694,0.008049877441273057,-0.008049877441273057
S7,catechin_pct,ridge_b_no_intercept,0.3077036377452473,0.15897827788666538,0.1487253598585819,-0.1487253598585819
S8,catechin_pct,ridge_b_no_intercept,0.324931142,0.18002585535439947,0.14490528664560054,-0.14490528664560054
S9,catechin_pct,ridge_b_no_intercept,0.1172647152,0.1647372954671672,0.047472580267167205,0.047472580267167205
S1,catechin_pct,pls,0.19634112,0.16225589417227373,0.03408522582772627,-0.03408522582772627
S10,catechin_pct,pls,0.301689974,0.2230295308258999,0.07866044317410012,-0.07866044317410012
S11,catechin_pct,pls,0.2770403944712431,0.13501995613100842,0.1420204383402347,-0.1420204383402347
S12,catechin_pct,pls,0.363024681232823,0.23160051436623108,0.13142416686659192,-0.13142416686659192
S13,catechin_pct,pls,0.1804110079704347,0.15884387122717145,0.021567136743263243,-0.021567136743263243
S14,catechin_pct,pls,0.1517562740811906,0.20895352141162346,0.057197247330432854,0.057197247330432854
S15,catechin_pct,pls,0.113872259,0.19331072367981886,0.07943846467981885,0.07943846467981885
S16,catechin_pct,pls,0.0936969627990586,0.21089876631424667,0.11720180351518807,0.11720180351518807
S17,catechin_pct,pls,0.2607882060328927,0.16871461209110813,0.09207359394178458,-0.09207359394178458
S18,catechin_pct,pls,0.1592346240237807,0.15339897516980106,0.005835648853979636,-0.005835648853979636
S19,catechin_pct,pls,0.1232421358488797,0.20112878918015376,0.07788665333127405,0.07788665333127405
S2,catechin_pct,pls,0.1385469773607517,0.26346114945614685,0.12491417209539515,0.12491417209539515
S20,catechin_pct,pls,0.1439578803,0.21625113352808603,0.07229325322808602,0.07229325322808602
S21,catechin_pct,pls,0.0836845435160295,0.2092065899497364,0.1255220464337069,0.1255220464337069
S22,catechin_pct,pls,0.1805716887212155,0.17835291081814478,0.0022187779030707344,-0.0022187779030707344
S23,catechin_pct,pls,0.1735686859996853,0.1867987479580692,0.013230061958383887,0.013230061958383887
S24,catechin_pct,pls,0.0432652337068045,0.18760436349058038,0.1443391297837759,0.1443391297837759
S25,catechin_pct,pls,0.2732872,0.28437707035875776,0.011089870358757747,0.011089870358757747
S26,catechin_pct,pls,0.317593111,0.2779881322931211,0.0396049787068789,-0.0396049787068789
S27,catechin_pct,pls,0.249911542,0.2496273643516121,0.0002841776483878955,-0.0002841776483878955
S28,catechin_pct,pls,0.207915442,0.29037265176688254,0.08245720976688253,0.08245720976688253
S29,catechin_pct,pls,0.268219961,0.20921168733480625,0.05900827366519376,-0.05900827366519376
S3,catechin_pct,pls,0.1592467223,0.23363880346869037,0.07439208116869037,0.07439208116869037
S30,catechin_pct,pls,0.318378114,0.23262390864677138,0.08575420535322861,-0.08575420535322861
S4,catechin_pct,pls,0.34167991724941,0.2389306063977183,0.1027493108516917,-0.1027493108516917
S5,catechin_pct,pls,0.1673155267817988,0.22126600364542012,0.05395047686362131,0.05395047686362131
S6,catechin_pct,pls,0.18632272059291,0.19777384765900785,0.011451127066097855,0.011451127066097855
S7,catechin_pct,pls,0.3077036377452473,0.15213888555844043,0.15556475218680685,-0.15556475218680685
S8,catechin_pct,pls,0.324931142,0.20732699049410525,0.11760415150589476,-0.11760415150589476
S9,catechin_pct,pls,0.1172647152,0.15761413963490678,0.040349424434906786,0.040349424434906786
S1,catechin_pct,gpr,0.19634112,0.19982139548016553,0.0034802754801655233,0.0034802754801655233
S10,catechin_pct,gpr,0.301689974,0.208870608841952,0.09281936515804803,-0.09281936515804803
S11,catechin_pct,gpr,0.2770403944712431,0.18251969583834154,0.09452069863290158,-0.09452069863290158
S12,catechin_pct,gpr,0.363024681232823,0.20610517799358072,0.15691950323924228,-0.15691950323924228
S13,catechin_pct,gpr,0.1804110079704347,0.2048629890891466,0.024451981118711913,0.024451981118711913
S14,catechin_pct,gpr,0.1517562740811906,0.203044625911781,0.051288351830590384,0.051288351830590384
S15,catechin_pct,gpr,0.113872259,0.20323609672516582,0.08936383772516582,0.08936383772516582
S16,catechin_pct,gpr,0.0936969627990586,0.22180199972695142,0.12810503692789282,0.12810503692789282
S17,catechin_pct,gpr,0.2607882060328927,0.2007496933234373,0.0600385127094554,-0.0600385127094554
S18,catechin_pct,gpr,0.1592346240237807,0.20566989164139413,0.046435267617613435,0.046435267617613435
S19,catechin_pct,gpr,0.1232421358488797,0.20369085593578032,0.08044872008690061,0.08044872008690061
S2,catechin_pct,gpr,0.1385469773607517,0.21887332468569787,0.08032634732494617,0.08032634732494617
S20,catechin_pct,gpr,0.1439578803,0.20446396261653776,0.06050608231653776,0.06050608231653776
S21,catechin_pct,gpr,0.0836845435160295,0.21577414785761256,0.13208960434158307,0.13208960434158307
S22,catechin_pct,gpr,0.1805716887212155,0.2106994823970821,0.0301277936758666,0.0301277936758666
S23,catechin_pct,gpr,0.1735686859996853,0.19744614730150734,0.02387746130182203,0.02387746130182203
S24,catechin_pct,gpr,0.0432652337068045,0.21202644361339062,0.16876120990658613,0.16876120990658613
S25,catechin_pct,gpr,0.2732872,0.2173156270621204,0.055971572937879605,-0.055971572937879605
S26,catechin_pct,gpr,0.317593111,0.21583883819015343,0.10175427280984656,-0.10175427280984656
S27,catechin_pct,gpr,0.249911542,0.23657483876381552,0.013336703236184466,-0.013336703236184466
S28,catechin_pct,gpr,0.207915442,0.2563157961921724,0.04840035419217237,0.04840035419217237
S29,catechin_pct,gpr,0.268219961,0.19770540151765312,0.07051455948234689,-0.07051455948234689
S3,catechin_pct,gpr,0.1592467223,0.208256463481537,0.049009741181537,0.049009741181537
S30,catechin_pct,gpr,0.318378114,0.2113596398050074,0.10701847419499258,-0.10701847419499258
S4,catechin_pct,gpr,0.34167991724941,0.20849198654758344,0.13318793070182655,-0.13318793070182655
S5,catechin_pct,gpr,0.1673155267817988,0.20340070135200136,0.03608517457020255,0.03608517457020255
S6,catechin_pct,gpr,0.18632272059291,0.1993361124673384,0.013013391874428404,0.013013391874428404
S7,catechin_pct,gpr,0.3077036377452473,0.14782727541390417,0.1598763623313431,-0.1598763623313431
S8,catechin_pct,gpr,0.324931142,0.19336778989725809,0.13156335210274192,-0.13156335210274192
S9,catechin_pct,gpr,0.1172647152,0.2061841515077185,0.0889194363077185,0.0889194363077185
S1,catechin_pct,random_forest,0.19634112,0.161817571688393,0.034523548311607005,-0.034523548311607005
S10,catechin_pct,random_forest,0.301689974,0.2472608185089021,0.05442915549109792,-0.05442915549109792
S11,catechin_pct,random_forest,0.2770403944712431,0.14693486224088387,0.13010553223035926,-0.13010553223035926
S12,catechin_pct,random_forest,0.363024681232823,0.2425259407920321,0.1204987404407909,-0.1204987404407909
S13,catechin_pct,random_forest,0.1804110079704347,0.18704608842447737,0.00663508045404268,0.00663508045404268
S14,catechin_pct,random_forest,0.1517562740811906,0.16955097432621738,0.017794700245026773,0.017794700245026773
S15,catechin_pct,random_forest,0.113872259,0.163496793232593,0.049624534232593,0.049624534232593
S16,catechin_pct,random_forest,0.0936969627990586,0.19150239734688618,0.09780543454782757,0.09780543454782757
S17,catechin_pct,random_forest,0.2607882060328927,0.20339823216181874,0.057389973871073974,-0.057389973871073974
S18,catechin_pct,random_forest,0.1592346240237807,0.18971002190372557,0.030475397879944882,0.030475397879944882
S19,catechin_pct,random_forest,0.1232421358488797,0.17187529965053672,0.04863316380165701,0.04863316380165701
S2,catechin_pct,random_forest,0.1385469773607517,0.28365249445013785,0.14510551708938615,0.14510551708938615
S20,catechin_pct,random_forest,0.1439578803,0.15100142020873186,0.007043539908731855,0.007043539908731855
S21,catechin_pct,random_forest,0.0836845435160295,0.19176372340500467,0.10807917988897517,0.10807917988897517
S22,catechin_pct,random_forest,0.1805716887212155,0.22486265017696652,0.04429096145575101,0.04429096145575101
S23,catechin_pct,random_forest,0.1735686859996853,0.22416091496123713,0.05059222896155183,0.05059222896155183
S24,catechin_pct,random_forest,0.0432652337068045,0.2036021110982249,0.1603368773914204,0.1603368773914204
S25,catechin_pct,random_forest,0.2732872,0.26270811757722506,0.010579082422774944,-0.010579082422774944
S26,catechin_pct,random_forest,0.317593111,0.2729300722702916,0.04466303872970839,-0.04466303872970839
S27,catechin_pct,random_forest,0.249911542,0.28422007184687403,0.03430852984687405,0.03430852984687405
S28,catechin_pct,random_forest,0.207915442,0.26910720211020894,0.06119176011020894,0.06119176011020894
S29,catechin_pct,random_forest,0.268219961,0.20356654371229577,0.06465341728770424,-0.06465341728770424
S3,catechin_pct,random_forest,0.1592467223,0.21030733412946237,0.051060611829462366,0.051060611829462366
S30,catechin_pct,random_forest,0.318378114,0.22867821912684927,0.08969989487315072,-0.08969989487315072
S4,catechin_pct,random_forest,0.34167991724941,0.25599991017288454,0.08568000707652546,-0.08568000707652546
S5,catechin_pct,random_forest,0.1673155267817988,0.2116495233431316,0.0443339965613328,0.0443339965613328
S6,catechin_pct,random_forest,0.18632272059291,0.1645795227142364,0.021743197878673598,-0.021743197878673598
S7,catechin_pct,random_forest,0.3077036377452473,0.1555064129780164,0.15219722476723088,-0.15219722476723088
S8,catechin_pct,random_forest,0.324931142,0.16632692877510077,0.15860421322489923,-0.15860421322489923
S9,catechin_pct,random_forest,0.1172647152,0.18895322647052315,0.07168851127052316,0.07168851127052316
S1,catechin_pct,xgboost,0.19634112,0.16856902837753296,0.02777209162246705,-0.02777209162246705
S10,catechin_pct,xgboost,0.301689974,0.24386897683143616,0.05782099716856387,-0.05782099716856387
S11,catechin_pct,xgboost,0.2770403944712431,0.16136254370212555,0.11567785076911757,-0.11567785076911757
S12,catechin_pct,xgboost,0.363024681232823,0.24419774115085602,0.11882694008196698,-0.11882694008196698
S13,catechin_pct,xgboost,0.1804110079704347,0.18060985207557678,0.00019884410514209305,0.00019884410514209305
S14,catechin_pct,xgboost,0.1517562740811906,0.1747526079416275,0.022996333860436896,0.022996333860436896
S15,catechin_pct,xgboost,0.113872259,0.16476188600063324,0.050889627000633236,0.050889627000633236
S16,catechin_pct,xgboost,0.0936969627990586,0.20340672135353088,0.10970975855447228,0.10970975855447228
S17,catechin_pct,xgboost,0.2607882060328927,0.21248522400856018,0.04830298202433253,-0.04830298202433253
S18,catechin_pct,xgboost,0.1592346240237807,0.17950834333896637,0.02027371931518568,0.02027371931518568
S19,catechin_pct,xgboost,0.1232421358488797,0.17531035840511322,0.052068222556233515,0.052068222556233515
S2,catechin_pct,xgboost,0.1385469773607517,0.282681941986084,0.1441349646253323,0.1441349646253323
S20,catechin_pct,xgboost,0.1439578803,0.1717841923236847,0.027826312023684685,0.027826312023684685
S21,catechin_pct,xgboost,0.0836845435160295,0.2072211354970932,0.1235365919810637,0.1235365919810637
S22,catechin_pct,xgboost,0.1805716887212155,0.23293772339820862,0.052366034676993106,0.052366034676993106
S23,catechin_pct,xgboost,0.1735686859996853,0.21424104273319244,0.04067235673350714,0.04067235673350714
S24,catechin_pct,xgboost,0.0432652337068045,0.20939157903194427,0.16612634532513978,0.16612634532513978
S25,catechin_pct,xgboost,0.2732872,0.24912123382091522,0.024165966179084786,-0.024165966179084786
S26,catechin_pct,xgboost,0.317593111,0.26839086413383484,0.049202246866165145,-0.049202246866165145
S27,catechin_pct,xgboost,0.249911542,0.2987651824951172,0.0488536404951172,0.0488536404951172
S28,catechin_pct,xgboost,0.207915442,0.27228331565856934,0.06436787365856933,0.06436787365856933
S29,catechin_pct,xgboost,0.268219961,0.20392248034477234,0.06429748065522767,-0.06429748065522767
S3,catechin_pct,xgboost,0.1592467223,0.21062546968460083,0.051378747384600826,0.051378747384600826
S30,catechin_pct,xgboost,0.318378114,0.22922822833061218,0.08914988566938781,-0.08914988566938781
S4,catechin_pct,xgboost,0.34167991724941,0.263115793466568,0.078564123782842,-0.078564123782842
S5,catechin_pct,xgboost,0.1673155267817988,0.21229912340641022,0.044983596624611405,0.044983596624611405
S6,catechin_pct,xgboost,0.18632272059291,0.1675190031528473,0.018803717440062706,-0.018803717440062706
S7,catechin_pct,xgboost,0.3077036377452473,0.15874147415161133,0.14896216359363595,-0.14896216359363595
S8,catechin_pct,xgboost,0.324931142,0.1755358725786209,0.1493952694213791,-0.1493952694213791
S9,catechin_pct,xgboost,0.1172647152,0.17947623133659363,0.062211516136593634,0.062211516136593634
S1,catechin_pct,catboost,0.19634112,0.17099509839859167,0.025346021601408336,-0.025346021601408336
S10,catechin_pct,catboost,0.301689974,0.2528205763326355,0.048869397667364534,-0.048869397667364534
S11,catechin_pct,catboost,0.2770403944712431,0.14266216180482905,0.13437823266641408,-0.13437823266641408
S12,catechin_pct,catboost,0.363024681232823,0.24831458499597775,0.11471009623684525,-0.11471009623684525
S13,catechin_pct,catboost,0.1804110079704347,0.1843853988437156,0.003974390873280914,0.003974390873280914
S14,catechin_pct,catboost,0.1517562740811906,0.17800450013154906,0.026248226050358453,0.026248226050358453
S15,catechin_pct,catboost,0.113872259,0.14853808831727566,0.03466582931727566,0.03466582931727566
S16,catechin_pct,catboost,0.0936969627990586,0.20285034003847735,0.10915337723941874,0.10915337723941874
S17,catechin_pct,catboost,0.2607882060328927,0.20732056048879852,0.053467645544094194,-0.053467645544094194
S18,catechin_pct,catboost,0.1592346240237807,0.17189426807291358,0.01265964404913289,0.01265964404913289
S19,catechin_pct,catboost,0.1232421358488797,0.1698166744434122,0.04657453859453249,0.04657453859453249
S2,catechin_pct,catboost,0.1385469773607517,0.2635016348765718,0.1249546575158201,0.1249546575158201
S20,catechin_pct,catboost,0.1439578803,0.15887971268688755,0.014921832386887546,0.014921832386887546
S21,catechin_pct,catboost,0.0836845435160295,0.21848151672546057,0.13479697320943107,0.13479697320943107
S22,catechin_pct,catboost,0.1805716887212155,0.2342781359696236,0.05370644724840809,0.05370644724840809
S23,catechin_pct,catboost,0.1735686859996853,0.19945721269805244,0.025888526698367137,0.025888526698367137
S24,catechin_pct,catboost,0.0432652337068045,0.21470180850886275,0.17143657480205826,0.17143657480205826
S25,catechin_pct,catboost,0.2732872,0.23271674777623244,0.04057045222376757,-0.04057045222376757
S26,catechin_pct,catboost,0.317593111,0.277822985904768,0.03977012509523198,-0.03977012509523198
S27,catechin_pct,catboost,0.249911542,0.2977758458593049,0.0478643038593049,0.0478643038593049
S28,catechin_pct,catboost,0.207915442,0.2946155373011007,0.08670009530110068,0.08670009530110068
S29,catechin_pct,catboost,0.268219961,0.1959304122620142,0.07228954873798582,-0.07228954873798582
S3,catechin_pct,catboost,0.1592467223,0.2095845883094004,0.050337866009400406,0.050337866009400406
S30,catechin_pct,catboost,0.318378114,0.22581937463082735,0.09255873936917264,-0.09255873936917264
S4,catechin_pct,catboost,0.34167991724941,0.2741374403512563,0.06754247689815368,-0.06754247689815368
S5,catechin_pct,catboost,0.1673155267817988,0.20149141734994697,0.034175890568148154,0.034175890568148154
S6,catechin_pct,catboost,0.18632272059291,0.16360965917246062,0.022713061420449376,-0.022713061420449376
S7,catechin_pct,catboost,0.3077036377452473,0.15102520493692487,0.15667843280832242,-0.15667843280832242
S8,catechin_pct,catboost,0.324931142,0.16918113345027774,0.15575000854972226,-0.15575000854972226
S9,catechin_pct,catboost,0.1172647152,0.17800343261671334,0.06073871741671334,0.06073871741671334
S1,catechin_pct,mean,0.19634112,0.207866251066695,0.011525131066695005,0.011525131066695005
S10,catechin_pct,mean,0.301689974,0.20423353196324676,0.09745644203675327,-0.09745644203675327
S11,catechin_pct,mean,0.2770403944712431,0.20508351746423836,0.07195687700700476,-0.07195687700700476
S12,catechin_pct,mean,0.363024681232823,0.20211854205866664,0.16090613917415636,-0.16090613917415636
S13,catechin_pct,mean,0.1804110079704347,0.20841556527461105,0.028004557304176364,0.028004557304176364
S14,catechin_pct,mean,0.1517562740811906,0.20940365954665396,0.05764738546546336,0.05764738546546336
S15,catechin_pct,mean,0.113872259,0.2107100048942812,0.09683774589428121,0.09683774589428121
S16,catechin_pct,mean,0.0936969627990586,0.2114057047632792,0.11770874196422058,0.11770874196422058
S17,catechin_pct,mean,0.2607882060328927,0.20564393775521594,0.05514426827767677,-0.05514426827767677
S18,catechin_pct,mean,0.1592346240237807,0.20914578541070256,0.049911161386921865,0.049911161386921865
S19,catechin_pct,mean,0.1232421358488797,0.21038690569259572,0.08714476984371601,0.08714476984371601
S2,catechin_pct,mean,0.1385469773607517,0.20985915253701393,0.07131217517626223,0.07131217517626223
S20,catechin_pct,mean,0.1439578803,0.20967256967703984,0.06571468937703984,0.06571468937703984
S21,catechin_pct,mean,0.0836845435160295,0.21175096060062504,0.12806641708459554,0.12806641708459554
S22,catechin_pct,mean,0.1805716887212155,0.2084100245590669,0.02783833583785139,0.02783833583785139
S23,catechin_pct,mean,0.1735686859996853,0.2086515074115335,0.03508282141184818,0.03508282141184818
S24,catechin_pct,mean,0.0432652337068045,0.21314472990439143,0.16987949619758694,0.16987949619758694
S25,catechin_pct,mean,0.2732872,0.20521293796324674,0.06807426203675326,-0.06807426203675326
S26,catechin_pct,mean,0.317593111,0.20368514792876397,0.11390796307123602,-0.11390796307123602
S27,catechin_pct,mean,0.249911542,0.20601899513566055,0.04389254686433944,-0.04389254686433944
S28,catechin_pct,mean,0.207915442,0.20746713651497087,0.0004483054850291379,-0.0004483054850291379
S29,catechin_pct,mean,0.268219961,0.2053876703425571,0.06283229065744292,-0.06283229065744292
S3,catechin_pct,mean,0.1592467223,0.20914536822876398,0.049898645928763974,0.049898645928763974
S30,catechin_pct,mean,0.318378114,0.20365807885979847,0.11472003514020152,-0.11472003514020152
S4,catechin_pct,mean,0.34167991724941,0.20285456840292226,0.13882534884648773,-0.13882534884648773
S5,catechin_pct,mean,0.1673155267817988,0.20886713359146056,0.041551606809661745,0.041551606809661745
S6,catechin_pct,mean,0.18632272059291,0.20821171311521533,0.021888992522305334,0.021888992522305334
S7,catechin_pct,mean,0.3077036377452473,0.20402616424789338,0.1036774734973539,-0.1036774734973539
S8,catechin_pct,mean,0.324931142,0.20343211237703984,0.12149902962296016,-0.12149902962296016
S9,catechin_pct,mean,0.1172647152,0.21059302364600535,0.09332830844600536,0.09332830844600536
S1,catechin_pct,nearest_recipe,0.19634112,0.1804110079704347,0.01593011202956532,-0.01593011202956532
S10,catechin_pct,nearest_recipe,0.301689974,0.363024681232823,0.06133470723282297,0.06133470723282297
S11,catechin_pct,nearest_recipe,0.2770403944712431,0.1592346240237807,0.11780577044746243,-0.11780577044746243
S12,catechin_pct,nearest_recipe,0.363024681232823,0.301689974,0.06133470723282297,-0.06133470723282297
S13,catechin_pct,nearest_recipe,0.1804110079704347,0.19634112,0.01593011202956532,0.01593011202956532
S14,catechin_pct,nearest_recipe,0.1517562740811906,0.19634112,0.0445848459188094,0.0445848459188094
S15,catechin_pct,nearest_recipe,0.113872259,0.1439578803,0.030085621300000004,0.030085621300000004
S16,catechin_pct,nearest_recipe,0.0936969627990586,0.363024681232823,0.2693277184337644,0.2693277184337644
S17,catechin_pct,nearest_recipe,0.2607882060328927,0.1805716887212155,0.0802165173116772,-0.0802165173116772
S18,catechin_pct,nearest_recipe,0.1592346240237807,0.2770403944712431,0.11780577044746243,0.11780577044746243
S19,catechin_pct,nearest_recipe,0.1232421358488797,0.301689974,0.1784478381511203,0.1784478381511203
S2,catechin_pct,nearest_recipe,0.1385469773607517,0.1517562740811906,0.013209296720438912,0.013209296720438912
S20,catechin_pct,nearest_recipe,0.1439578803,0.363024681232823,0.219066800932823,0.219066800932823
S21,catechin_pct,nearest_recipe,0.0836845435160295,0.301689974,0.21800543048397053,0.21800543048397053
S22,catechin_pct,nearest_recipe,0.1805716887212155,0.19634112,0.015769431278784496,0.015769431278784496
S23,catechin_pct,nearest_recipe,0.1735686859996853,0.113872259,0.059696426999685304,-0.059696426999685304
S24,catechin_pct,nearest_recipe,0.0432652337068045,0.113872259,0.07060702529319551,0.07060702529319551
S25,catechin_pct,nearest_recipe,0.2732872,0.1385469773607517,0.1347402226392483,-0.1347402226392483
S26,catechin_pct,nearest_recipe,0.317593111,0.363024681232823,0.045431570232823015,0.045431570232823015
S27,catechin_pct,nearest_recipe,0.249911542,0.363024681232823,0.11311313923282301,0.11311313923282301
S28,catechin_pct,nearest_recipe,0.207915442,0.301689974,0.09377453200000002,0.09377453200000002
S29,catechin_pct,nearest_recipe,0.268219961,0.1517562740811906,0.1164636869188094,-0.1164636869188094
S3,catechin_pct,nearest_recipe,0.1592467223,0.113872259,0.0453744633,-0.0453744633
S30,catechin_pct,nearest_recipe,0.318378114,0.301689974,0.016688139999999962,-0.016688139999999962
S4,catechin_pct,nearest_recipe,0.34167991724941,0.363024681232823,0.021344763983413007,0.021344763983413007
S5,catechin_pct,nearest_recipe,0.1673155267817988,0.19634112,0.029025593218201196,0.029025593218201196
S6,catechin_pct,nearest_recipe,0.18632272059291,0.301689974,0.11536725340709003,0.11536725340709003
S7,catechin_pct,nearest_recipe,0.3077036377452473,0.2770403944712431,0.03066324327400416,-0.03066324327400416
S8,catechin_pct,nearest_recipe,0.324931142,0.0936969627990586,0.23123417920094141,-0.23123417920094141
S9,catechin_pct,nearest_recipe,0.1172647152,0.2770403944712431,0.15977567927124314,0.15977567927124314
S1,tf_pct,scheffe_quadratic,0.29925,0.4102621449296181,0.11101214492961808,0.11101214492961808
S10,tf_pct,scheffe_quadratic,0.0719999999999999,0.2247188276879027,0.1527188276879028,0.1527188276879028
S11,tf_pct,scheffe_quadratic,0.15975,0.25303193286002346,0.09328193286002345,0.09328193286002345
S12,tf_pct,scheffe_quadratic,0.0809999999999999,0.14099836351275158,0.05999836351275167,0.05999836351275167
S13,tf_pct,scheffe_quadratic,0.34875,0.2895525217221132,0.059197478277886795,-0.059197478277886795
S14,tf_pct,scheffe_quadratic,0.28575,0.24816978070366802,0.037580219296331985,-0.037580219296331985
S15,tf_pct,scheffe_quadratic,0.05625,0.25895834607556023,0.20270834607556024,0.20270834607556024
S16,tf_pct,scheffe_quadratic,0.0719999999999999,0.2074779380020528,0.1354779380020529,0.1354779380020529
S17,tf_pct,scheffe_quadratic,0.2475,0.3260700838078771,0.07857008380787711,0.07857008380787711
S18,tf_pct,scheffe_quadratic,0.24525,0.312682937475868,0.06743293747586801,0.06743293747586801
S19,tf_pct,scheffe_quadratic,0.207,0.21588556844342421,0.008885568443424224,0.008885568443424224
S2,tf_pct,scheffe_quadratic,0.22725,0.256846452967432,0.02959645296743202,0.02959645296743202
S20,tf_pct,scheffe_quadratic,0.2925,0.07627007280402129,0.2162299271959787,-0.2162299271959787
S21,tf_pct,scheffe_quadratic,0.12375,0.15594478240597415,0.03219478240597415,0.03219478240597415
S22,tf_pct,scheffe_quadratic,0.38475,0.34920565220601035,0.03554434779398963,-0.03554434779398963
S23,tf_pct,scheffe_quadratic,0.21825,0.24106279093591648,0.022812790935916483,0.022812790935916483
S24,tf_pct,scheffe_quadratic,0.3329999999999999,0.18357770480645577,0.14942229519354414,-0.14942229519354414
S25,tf_pct,scheffe_quadratic,0.171,0.2600130026980628,0.08901300269806281,0.08901300269806281
S26,tf_pct,scheffe_quadratic,0.1079999999999999,0.20331897301181898,0.09531897301181907,0.09531897301181907
S27,tf_pct,scheffe_quadratic,0.2385,0.1713722723893739,0.0671277276106261,-0.0671277276106261
S28,tf_pct,scheffe_quadratic,0.32175,0.06254559180045402,0.25920440819954593,-0.25920440819954593
S29,tf_pct,scheffe_quadratic,0.171,0.27278713048823605,0.10178713048823604,0.10178713048823604
S3,tf_pct,scheffe_quadratic,0.1372499999999999,0.11183288763277241,0.02541711236722749,-0.02541711236722749
S30,tf_pct,scheffe_quadratic,0.225,0.18910374217788828,0.03589625782211173,-0.03589625782211173
S4,tf_pct,scheffe_quadratic,0.0832499999999999,0.1424019924307606,0.059151992430760705,0.059151992430760705
S5,tf_pct,scheffe_quadratic,0.387,0.26036608902222586,0.12663391097777416,-0.12663391097777416
S6,tf_pct,scheffe_quadratic,0.21825,0.2199344490421279,0.001684449042127889,0.001684449042127889
S7,tf_pct,scheffe_quadratic,0.2744999999999999,0.2251086701226316,0.0493913298773683,-0.0493913298773683
S8,tf_pct,scheffe_quadratic,0.2564999999999999,0.1714071169902363,0.08509288300976359,-0.08509288300976359
S9,tf_pct,scheffe_quadratic,0.3645,0.18196052733869372,0.18253947266130627,-0.18253947266130627
S1,tf_pct,ridge_a,0.29925,0.3675369552778739,0.06828695527787387,0.06828695527787387
S10,tf_pct,ridge_a,0.0719999999999999,0.19331893488094148,0.12131893488094159,0.12131893488094159
S11,tf_pct,ridge_a,0.15975,0.22101033720872143,0.06126033720872143,0.06126033720872143
S12,tf_pct,ridge_a,0.0809999999999999,0.15894136142410226,0.07794136142410235,0.07794136142410235
S13,tf_pct,ridge_a,0.34875,0.31105486960788237,0.03769513039211764,-0.03769513039211764
S14,tf_pct,ridge_a,0.28575,0.2860449429201781,0.0002949429201781206,0.0002949429201781206
S15,tf_pct,ridge_a,0.05625,0.18388373890333634,0.12763373890333635,0.12763373890333635
S16,tf_pct,ridge_a,0.0719999999999999,0.22602540281458786,0.15402540281458796,0.15402540281458796
S17,tf_pct,ridge_a,0.2475,0.26490118118665296,0.01740118118665296,0.01740118118665296
S18,tf_pct,ridge_a,0.24525,0.28239525441732677,0.03714525441732677,0.03714525441732677
S19,tf_pct,ridge_a,0.207,0.2090798929760991,0.002079892976099118,0.002079892976099118
S2,tf_pct,ridge_a,0.22725,0.26069157851604297,0.03344157851604296,0.03344157851604296
S20,tf_pct,ridge_a,0.2925,0.14260960477061702,0.14989039522938297,-0.14989039522938297
S21,tf_pct,ridge_a,0.12375,0.1867985387565929,0.06304853875659291,0.06304853875659291
S22,tf_pct,ridge_a,0.38475,0.31501174493107065,0.06973825506892933,-0.06973825506892933
S23,tf_pct,ridge_a,0.21825,0.19230456774182791,0.025945432258172085,-0.025945432258172085
S24,tf_pct,ridge_a,0.3329999999999999,0.21306432768724332,0.11993567231275659,-0.11993567231275659
S25,tf_pct,ridge_a,0.171,0.19147703712958003,0.020477037129580017,0.020477037129580017
S26,tf_pct,ridge_a,0.1079999999999999,0.12585541303812398,0.017855413038124074,0.017855413038124074
S27,tf_pct,ridge_a,0.2385,0.18725334037611974,0.05124665962388025,-0.05124665962388025
S28,tf_pct,ridge_a,0.32175,0.11129903241646719,0.2104509675835328,-0.2104509675835328
S29,tf_pct,ridge_a,0.171,0.26718174535338624,0.09618174535338622,0.09618174535338622
S3,tf_pct,ridge_a,0.1372499999999999,0.12705718684455802,0.010192813155441877,-0.010192813155441877
S30,tf_pct,ridge_a,0.225,0.21710019174531883,0.007899808254681173,-0.007899808254681173
S4,tf_pct,ridge_a,0.0832499999999999,0.1322333577044974,0.04898335770449751,0.04898335770449751
S5,tf_pct,ridge_a,0.387,0.31082656922765656,0.07617343077234345,-0.07617343077234345
S6,tf_pct,ridge_a,0.21825,0.24956776272281733,0.03131776272281733,0.03131776272281733
S7,tf_pct,ridge_a,0.2744999999999999,0.24858221635244415,0.02591778364755576,-0.02591778364755576
S8,tf_pct,ridge_a,0.2564999999999999,0.18890980208699146,0.06759019791300844,-0.06759019791300844
S9,tf_pct,ridge_a,0.3645,0.19761866473710687,0.16688133526289312,-0.16688133526289312
S1,tf_pct,ridge_b_no_intercept,0.29925,0.23983071297751266,0.05941928702248736,-0.05941928702248736
S10,tf_pct,ridge_b_no_intercept,0.0719999999999999,0.18824313216848124,0.11624313216848134,0.11624313216848134
S11,tf_pct,ridge_b_no_intercept,0.15975,0.19670589639019873,0.03695589639019872,0.03695589639019872
S12,tf_pct,ridge_b_no_intercept,0.0809999999999999,0.17334266167489332,0.09234266167489341,0.09234266167489341
S13,tf_pct,ridge_b_no_intercept,0.34875,0.22368912863272244,0.12506087136727756,-0.12506087136727756
S14,tf_pct,ridge_b_no_intercept,0.28575,0.2161721854079391,0.06957781459206092,-0.06957781459206092
S15,tf_pct,ridge_b_no_intercept,0.05625,0.1812643514717312,0.1250143514717312,0.1250143514717312
S16,tf_pct,ridge_b_no_intercept,0.0719999999999999,0.19819952851093164,0.12619952851093175,0.12619952851093175
S17,tf_pct,ridge_b_no_intercept,0.2475,0.20515209615109456,0.04234790384890544,-0.04234790384890544
S18,tf_pct,ridge_b_no_intercept,0.24525,0.21648506320252828,0.02876493679747172,-0.02876493679747172
S19,tf_pct,ridge_b_no_intercept,0.207,0.19203982031482508,0.014960179685174907,-0.014960179685174907
S2,tf_pct,ridge_b_no_intercept,0.22725,0.20569994881488077,0.02155005118511924,-0.02155005118511924
S20,tf_pct,ridge_b_no_intercept,0.2925,0.16295236089041362,0.12954763910958636,-0.12954763910958636
S21,tf_pct,ridge_b_no_intercept,0.12375,0.1841017604453858,0.06035176044538579,0.06035176044538579
S22,tf_pct,ridge_b_no_intercept,0.38475,0.21825811891065294,0.16649188108934704,-0.16649188108934704
S23,tf_pct,ridge_b_no_intercept,0.21825,0.17955740142498677,0.038692598575013226,-0.038692598575013226
S24,tf_pct,ridge_b_no_intercept,0.3329999999999999,0.1875530167750024,0.1454469832249975,-0.1454469832249975
S25,tf_pct,ridge_b_no_intercept,0.171,0.18260177642671205,0.011601776426712035,0.011601776426712035
S26,tf_pct,ridge_b_no_intercept,0.1079999999999999,0.16110280608458974,0.05310280608458984,0.05310280608458984
S27,tf_pct,ridge_b_no_intercept,0.2385,0.17922597999229678,0.05927402000770321,-0.05927402000770321
S28,tf_pct,ridge_b_no_intercept,0.32175,0.15407486257290007,0.1676751374270999,-0.1676751374270999
S29,tf_pct,ridge_b_no_intercept,0.171,0.20955181249090113,0.038551812490901116,0.038551812490901116
S3,tf_pct,ridge_b_no_intercept,0.1372499999999999,0.15946997787275452,0.02221997787275462,0.02221997787275462
S30,tf_pct,ridge_b_no_intercept,0.225,0.19244682676513988,0.03255317323486012,-0.03255317323486012
S4,tf_pct,ridge_b_no_intercept,0.0832499999999999,0.1623839265799613,0.07913392657996142,0.07913392657996142
S5,tf_pct,ridge_b_no_intercept,0.387,0.2177162448806222,0.16928375511937782,-0.16928375511937782
S6,tf_pct,ridge_b_no_intercept,0.21825,0.2058237988308055,0.01242620116919449,-0.01242620116919449
S7,tf_pct,ridge_b_no_intercept,0.2744999999999999,0.20350423655207744,0.07099576344792247,-0.07099576344792247
S8,tf_pct,ridge_b_no_intercept,0.2564999999999999,0.17871452921690198,0.07778547078309792,-0.07778547078309792
S9,tf_pct,ridge_b_no_intercept,0.3645,0.1818159209834666,0.18268407901653338,-0.18268407901653338
S1,tf_pct,pls,0.29925,0.3717760202806314,0.07252602028063138,0.07252602028063138
S10,tf_pct,pls,0.0719999999999999,0.19300343546282037,0.12100343546282047,0.12100343546282047
S11,tf_pct,pls,0.15975,0.2220279683950461,0.062277968395046096,0.062277968395046096
S12,tf_pct,pls,0.0809999999999999,0.15712140665137525,0.07612140665137535,0.07612140665137535
S13,tf_pct,pls,0.34875,0.3140285241004365,0.03472147589956348,-0.03472147589956348
S14,tf_pct,pls,0.28575,0.2877913177871105,0.002041317787110475,0.002041317787110475
S15,tf_pct,pls,0.05625,0.183322947539869,0.127072947539869,0.127072947539869
S16,tf_pct,pls,0.0719999999999999,0.22602872385236258,0.1540287238523627,0.1540287238523627
S17,tf_pct,pls,0.2475,0.26564924261412637,0.01814924261412637,0.01814924261412637
S18,tf_pct,pls,0.24525,0.2850914384754023,0.03984143847540231,0.03984143847540231
S19,tf_pct,pls,0.207,0.20946614712351405,0.002466147123514062,0.002466147123514062
S2,tf_pct,pls,0.22725,0.261367267231001,0.034117267231001,0.034117267231001
S20,tf_pct,pls,0.2925,0.1406298595711964,0.1518701404288036,-0.1518701404288036
S21,tf_pct,pls,0.12375,0.18621274596354817,0.06246274596354817,0.06246274596354817
S22,tf_pct,pls,0.38475,0.31712293811480563,0.06762706188519435,-0.06762706188519435
S23,tf_pct,pls,0.21825,0.19135445305913276,0.026895546940867238,-0.026895546940867238
S24,tf_pct,pls,0.3329999999999999,0.21316428485502015,0.11983571514497976,-0.11983571514497976
S25,tf_pct,pls,0.171,0.19010207557429037,0.01910207557429036,0.01910207557429036
S26,tf_pct,pls,0.1079999999999999,0.12281989966636477,0.014819899666364864,0.014819899666364864
S27,tf_pct,pls,0.2385,0.18596007180708946,0.052539928192910534,-0.052539928192910534
S28,tf_pct,pls,0.32175,0.10879857351835337,0.2129514264816466,-0.2129514264816466
S29,tf_pct,pls,0.171,0.2681977720587804,0.09719777205878041,0.09719777205878041
S3,tf_pct,pls,0.1372499999999999,0.12392917063483595,0.013320829365163947,-0.013320829365163947
S30,tf_pct,pls,0.225,0.2168312110414732,0.008168788958526796,-0.008168788958526796
S4,tf_pct,pls,0.0832499999999999,0.12929654360255333,0.04604654360255343,0.04604654360255343
S5,tf_pct,pls,0.387,0.3127549198738606,0.0742450801261394,-0.0742450801261394
S6,tf_pct,pls,0.21825,0.25060098504352296,0.03235098504352296,0.03235098504352296
S7,tf_pct,pls,0.2744999999999999,0.24965751272420372,0.024842487275796188,-0.024842487275796188
S8,tf_pct,pls,0.2564999999999999,0.18774728805730626,0.06875271194269364,-0.06875271194269364
S9,tf_pct,pls,0.3645,0.19565795998412375,0.16884204001587624,-0.16884204001587624
S1,tf_pct,gpr,0.29925,0.31417232814794416,0.014922328147944142,0.014922328147944142
S10,tf_pct,gpr,0.0719999999999999,0.20350425050554533,0.13150425050554543,0.13150425050554543
S11,tf_pct,gpr,0.15975,0.23150294929928805,0.07175294929928805,0.07175294929928805
S12,tf_pct,gpr,0.0809999999999999,0.17560174996130606,0.09460174996130616,0.09460174996130616
S13,tf_pct,gpr,0.34875,0.263081252845912,0.08566874715408801,-0.08566874715408801
S14,tf_pct,gpr,0.28575,0.2591891195165065,0.026560880483493476,-0.026560880483493476
S15,tf_pct,gpr,0.05625,0.22015956419208052,0.16390956419208053,0.16390956419208053
S16,tf_pct,gpr,0.0719999999999999,0.2229967219424582,0.1509967219424583,0.1509967219424583
S17,tf_pct,gpr,0.2475,0.2594438733408543,0.011943873340854283,0.011943873340854283
S18,tf_pct,gpr,0.24525,0.26022877554219936,0.014978775542199368,0.014978775542199368
S19,tf_pct,gpr,0.207,0.21156691331164362,0.004566913311643633,0.004566913311643633
S2,tf_pct,gpr,0.22725,0.24403530826251982,0.01678530826251981,0.01678530826251981
S20,tf_pct,gpr,0.2925,0.13528889616226264,0.15721110383773734,-0.15721110383773734
S21,tf_pct,gpr,0.12375,0.19096982069385005,0.06721982069385005,0.06721982069385005
S22,tf_pct,gpr,0.38475,0.2640584893335981,0.12069151066640188,-0.12069151066640188
S23,tf_pct,gpr,0.21825,0.20672141152627038,0.011528588473729617,-0.011528588473729617
S24,tf_pct,gpr,0.3329999999999999,0.20786692813318108,0.12513307186681882,-0.12513307186681882
S25,tf_pct,gpr,0.171,0.2082951103325459,0.0372951103325459,0.0372951103325459
S26,tf_pct,gpr,0.1079999999999999,0.18391475824106074,0.07591475824106084,0.07591475824106084
S27,tf_pct,gpr,0.2385,0.1807821574902159,0.057717842509784095,-0.057717842509784095
S28,tf_pct,gpr,0.32175,0.14608484686019796,0.17566515313980202,-0.17566515313980202
S29,tf_pct,gpr,0.171,0.2645451229561471,0.09354512295614711,0.09354512295614711
S3,tf_pct,gpr,0.1372499999999999,0.17912105091208796,0.041871050912088065,0.041871050912088065
S30,tf_pct,gpr,0.225,0.1967455395589844,0.028254460441015594,-0.028254460441015594
S4,tf_pct,gpr,0.0832499999999999,0.19158261017430295,0.10833261017430305,0.10833261017430305
S5,tf_pct,gpr,0.387,0.2609148416003922,0.12608515839960782,-0.12608515839960782
S6,tf_pct,gpr,0.21825,0.22772617503361273,0.009476175033612727,0.009476175033612727
S7,tf_pct,gpr,0.2744999999999999,0.23392647376331271,0.040573526236687196,-0.040573526236687196
S8,tf_pct,gpr,0.2564999999999999,0.19336438227939726,0.06313561772060264,-0.06313561772060264
S9,tf_pct,gpr,0.3645,0.2059285985102731,0.1585714014897269,-0.1585714014897269
S1,tf_pct,random_forest,0.29925,0.3072257368568932,0.007975736856893179,0.007975736856893179
S10,tf_pct,random_forest,0.0719999999999999,0.22164235876623362,0.14964235876623372,0.14964235876623372
S11,tf_pct,random_forest,0.15975,0.21546501758658015,0.05571501758658015,0.05571501758658015
S12,tf_pct,random_forest,0.0809999999999999,0.15439842511655008,0.07339842511655018,0.07339842511655018
S13,tf_pct,random_forest,0.34875,0.2866072375333001,0.06214276246669992,-0.06214276246669992
S14,tf_pct,random_forest,0.28575,0.2637295728230104,0.0220204271769896,-0.0220204271769896
S15,tf_pct,random_forest,0.05625,0.2416084790209791,0.1853584790209791,0.1853584790209791
S16,tf_pct,random_forest,0.0719999999999999,0.23917385901598393,0.16717385901598403,0.16717385901598403
S17,tf_pct,random_forest,0.2475,0.2840510015401267,0.03655100154012669,0.03655100154012669
S18,tf_pct,random_forest,0.24525,0.27400960939060964,0.028759609390609647,0.028759609390609647
S19,tf_pct,random_forest,0.207,0.20859865432484193,0.001598654324841936,0.001598654324841936
S2,tf_pct,random_forest,0.22725,0.25497330692224446,0.02772330692224445,0.02772330692224445
S20,tf_pct,random_forest,0.2925,0.1257878123751249,0.16671218762487508,-0.16671218762487508
S21,tf_pct,random_forest,0.12375,0.16410685774642003,0.04035685774642003,0.04035685774642003
S22,tf_pct,random_forest,0.38475,0.24875061255411254,0.13599938744588744,-0.13599938744588744
S23,tf_pct,random_forest,0.21825,0.25608969463869474,0.03783969463869474,0.03783969463869474
S24,tf_pct,random_forest,0.3329999999999999,0.22325370319264054,0.10974629680735937,-0.10974629680735937
S25,tf_pct,random_forest,0.171,0.22503281114718596,0.054032811147185944,0.054032811147185944
S26,tf_pct,random_forest,0.1079999999999999,0.14438608685064921,0.03638608685064931,0.03638608685064931
S27,tf_pct,random_forest,0.2385,0.17158391021478503,0.06691608978521496,-0.06691608978521496
S28,tf_pct,random_forest,0.32175,0.14602874945887448,0.1757212505411255,-0.1757212505411255
S29,tf_pct,random_forest,0.171,0.258136096861472,0.08713609686147197,0.08713609686147197
S3,tf_pct,random_forest,0.1372499999999999,0.16356889989177478,0.026318899891774883,0.026318899891774883
S30,tf_pct,random_forest,0.225,0.2179155668290043,0.007084433170995719,-0.007084433170995719
S4,tf_pct,random_forest,0.0832499999999999,0.16292322267316017,0.07967322267316028,0.07967322267316028
S5,tf_pct,random_forest,0.387,0.24188266217116217,0.14511733782883784,-0.14511733782883784
S6,tf_pct,random_forest,0.21825,0.23409351812770585,0.015843518127705847,0.015843518127705847
S7,tf_pct,random_forest,0.2744999999999999,0.23341584713203456,0.04108415286796535,-0.04108415286796535
S8,tf_pct,random_forest,0.2564999999999999,0.19488412121212115,0.06161587878787875,-0.06161587878787875
S9,tf_pct,random_forest,0.3645,0.193643554507992,0.17085644549200799,-0.17085644549200799
S1,tf_pct,xgboost,0.29925,0.3250292241573334,0.025779224157333358,0.025779224157333358
S10,tf_pct,xgboost,0.0719999999999999,0.22390881180763245,0.15190881180763255,0.15190881180763255
S11,tf_pct,xgboost,0.15975,0.22275246679782867,0.06300246679782867,0.06300246679782867
S12,tf_pct,xgboost,0.0809999999999999,0.15309345722198486,0.07209345722198496,0.07209345722198496
S13,tf_pct,xgboost,0.34875,0.2625676393508911,0.08618236064910889,-0.08618236064910889
S14,tf_pct,xgboost,0.28575,0.25382769107818604,0.03192230892181397,-0.03192230892181397
S15,tf_pct,xgboost,0.05625,0.2188507616519928,0.1626007616519928,0.1626007616519928
S16,tf_pct,xgboost,0.0719999999999999,0.24653615057468414,0.17453615057468425,0.17453615057468425
S17,tf_pct,xgboost,0.2475,0.27537184953689575,0.027871849536895754,0.027871849536895754
S18,tf_pct,xgboost,0.24525,0.27713608741760254,0.03188608741760254,0.03188608741760254
S19,tf_pct,xgboost,0.207,0.20759843289852142,0.0005984328985214338,0.0005984328985214338
S2,tf_pct,xgboost,0.22725,0.23922480642795563,0.01197480642795562,0.01197480642795562
S20,tf_pct,xgboost,0.2925,0.12431570887565613,0.16818429112434385,-0.16818429112434385
S21,tf_pct,xgboost,0.12375,0.1590805947780609,0.035330594778060914,0.035330594778060914
S22,tf_pct,xgboost,0.38475,0.23277156054973602,0.15197843945026396,-0.15197843945026396
S23,tf_pct,xgboost,0.21825,0.22989675402641296,0.011646754026412964,0.011646754026412964
S24,tf_pct,xgboost,0.3329999999999999,0.2095758467912674,0.12342415320873251,-0.12342415320873251
S25,tf_pct,xgboost,0.171,0.22951924800872803,0.058519248008728014,0.058519248008728014
S26,tf_pct,xgboost,0.1079999999999999,0.1554838865995407,0.04748388659954081,0.04748388659954081
S27,tf_pct,xgboost,0.2385,0.16487455368041992,0.07362544631958007,-0.07362544631958007
S28,tf_pct,xgboost,0.32175,0.14065752923488617,0.1810924707651138,-0.1810924707651138
S29,tf_pct,xgboost,0.171,0.2714257538318634,0.10042575383186339,0.10042575383186339
S3,tf_pct,xgboost,0.1372499999999999,0.15210741758346558,0.014857417583465676,0.014857417583465676
S30,tf_pct,xgboost,0.225,0.20304729044437408,0.02195270955562592,-0.02195270955562592
S4,tf_pct,xgboost,0.0832499999999999,0.16627267003059387,0.08302267003059398,0.08302267003059398
S5,tf_pct,xgboost,0.387,0.23375119268894196,0.15324880731105806,-0.15324880731105806
S6,tf_pct,xgboost,0.21825,0.23952773213386536,0.021277732133865357,0.021277732133865357
S7,tf_pct,xgboost,0.2744999999999999,0.2267644703388214,0.0477355296611785,-0.0477355296611785
S8,tf_pct,xgboost,0.2564999999999999,0.19007614254951477,0.06642385745048512,-0.06642385745048512
S9,tf_pct,xgboost,0.3645,0.19605204463005066,0.16844795536994933,-0.16844795536994933
S1,tf_pct,catboost,0.29925,0.3480525719738936,0.048802571973893594,0.048802571973893594
S10,tf_pct,catboost,0.0719999999999999,0.22056267401331933,0.14856267401331943,0.14856267401331943
S11,tf_pct,catboost,0.15975,0.2115743397750521,0.0518243397750521,0.0518243397750521
S12,tf_pct,catboost,0.0809999999999999,0.16326807318781147,0.08226807318781157,0.08226807318781157
S13,tf_pct,catboost,0.34875,0.25795435376813486,0.09079564623186515,-0.09079564623186515
S14,tf_pct,catboost,0.28575,0.24969926148485888,0.03605073851514112,-0.03605073851514112
S15,tf_pct,catboost,0.05625,0.23462949544476214,0.17837949544476214,0.17837949544476214
S16,tf_pct,catboost,0.0719999999999999,0.24628055322767908,0.17428055322767919,0.17428055322767919
S17,tf_pct,catboost,0.2475,0.27415807424612154,0.026658074246121544,0.026658074246121544
S18,tf_pct,catboost,0.24525,0.27435539657652097,0.029105396576520975,0.029105396576520975
S19,tf_pct,catboost,0.207,0.20957843493920286,0.0025784349392028727,0.0025784349392028727
S2,tf_pct,catboost,0.22725,0.24420557479089566,0.016955574790895656,0.016955574790895656
S20,tf_pct,catboost,0.2925,0.12730525292674089,0.1651947470732591,-0.1651947470732591
S21,tf_pct,catboost,0.12375,0.177136768792751,0.053386768792751005,0.053386768792751005
S22,tf_pct,catboost,0.38475,0.25416150894757816,0.13058849105242182,-0.13058849105242182
S23,tf_pct,catboost,0.21825,0.19878805475825234,0.019461945241747658,-0.019461945241747658
S24,tf_pct,catboost,0.3329999999999999,0.2145520269040565,0.1184479730959434,-0.1184479730959434
S25,tf_pct,catboost,0.171,0.22882986679077547,0.05782986679077545,0.05782986679077545
S26,tf_pct,catboost,0.1079999999999999,0.17173631986640603,0.06373631986640613,0.06373631986640613
S27,tf_pct,catboost,0.2385,0.15930753817540638,0.07919246182459361,-0.07919246182459361
S28,tf_pct,catboost,0.32175,0.1351512110829527,0.1865987889170473,-0.1865987889170473
S29,tf_pct,catboost,0.171,0.268476808509648,0.09747680850964799,0.09747680850964799
S3,tf_pct,catboost,0.1372499999999999,0.15008407116705486,0.012834071167054956,0.012834071167054956
S30,tf_pct,catboost,0.225,0.20316628322853514,0.021833716771464867,-0.021833716771464867
S4,tf_pct,catboost,0.0832499999999999,0.1770782629658648,0.0938282629658649,0.0938282629658649
S5,tf_pct,catboost,0.387,0.2583499545450386,0.1286500454549614,-0.1286500454549614
S6,tf_pct,catboost,0.21825,0.22915339250976186,0.010903392509761856,0.010903392509761856
S7,tf_pct,catboost,0.2744999999999999,0.2215943875537704,0.052905612446229516,-0.052905612446229516
S8,tf_pct,catboost,0.2564999999999999,0.1926143467627344,0.0638856532372655,-0.0638856532372655
S9,tf_pct,catboost,0.3645,0.18900462860050016,0.17549537139949983,-0.17549537139949983
S1,tf_pct,mean,0.29925,0.21762931034482758,0.08162068965517244,-0.08162068965517244
S10,tf_pct,mean,0.0719999999999999,0.22546551724137928,0.15346551724137938,0.15346551724137938
S11,tf_pct,mean,0.15975,0.22243965517241376,0.06268965517241376,0.06268965517241376
S12,tf_pct,mean,0.0809999999999999,0.22515517241379307,0.14415517241379316,0.14415517241379316
S13,tf_pct,mean,0.34875,0.21592241379310342,0.13282758620689658,-0.13282758620689658
S14,tf_pct,mean,0.28575,0.21809482758620688,0.06765517241379312,-0.06765517241379312
S15,tf_pct,mean,0.05625,0.22600862068965516,0.16975862068965517,0.16975862068965517
S16,tf_pct,mean,0.0719999999999999,0.22546551724137928,0.15346551724137938,0.15346551724137938
S17,tf_pct,mean,0.2475,0.21941379310344827,0.028086206896551724,-0.028086206896551724
S18,tf_pct,mean,0.24525,0.21949137931034482,0.025758620689655176,-0.025758620689655176
S19,tf_pct,mean,0.207,0.22081034482758619,0.013810344827586196,0.013810344827586196
S2,tf_pct,mean,0.22725,0.2201120689655172,0.0071379310344828195,-0.0071379310344828195
S20,tf_pct,mean,0.2925,0.21786206896551724,0.07463793103448274,-0.07463793103448274
S21,tf_pct,mean,0.12375,0.22368103448275858,0.09993103448275859,0.09993103448275859
S22,tf_pct,mean,0.38475,0.2146810344827586,0.17006896551724138,-0.17006896551724138
S23,tf_pct,mean,0.21825,0.2204224137931034,0.0021724137931034004,0.0021724137931034004
S24,tf_pct,mean,0.3329999999999999,0.2164655172413793,0.1165344827586206,-0.1165344827586206
S25,tf_pct,mean,0.171,0.222051724137931,0.05105172413793099,0.05105172413793099
S26,tf_pct,mean,0.1079999999999999,0.22422413793103446,0.11622413793103456,0.11622413793103456
S27,tf_pct,mean,0.2385,0.21972413793103449,0.018775862068965504,-0.018775862068965504
S28,tf_pct,mean,0.32175,0.216853448275862,0.10489655172413798,-0.10489655172413798
S29,tf_pct,mean,0.171,0.222051724137931,0.05105172413793099,0.05105172413793099
S3,tf_pct,mean,0.1372499999999999,0.22321551724137925,0.08596551724137935,0.08596551724137935
S30,tf_pct,mean,0.225,0.22018965517241373,0.0048103448275862715,-0.0048103448275862715
S4,tf_pct,mean,0.0832499999999999,0.2250775862068965,0.14182758620689662,0.14182758620689662
S5,tf_pct,mean,0.387,0.214603448275862,0.172396551724138,-0.172396551724138
S6,tf_pct,mean,0.21825,0.22042241379310337,0.0021724137931033727,0.0021724137931033727
S7,tf_pct,mean,0.2744999999999999,0.2184827586206896,0.0560172413793103,-0.0560172413793103
S8,tf_pct,mean,0.2564999999999999,0.219103448275862,0.03739655172413789,-0.03739655172413789
S9,tf_pct,mean,0.3645,0.21537931034482755,0.14912068965517244,-0.14912068965517244
S1,tf_pct,nearest_recipe,0.29925,0.34875,0.04949999999999999,0.04949999999999999
S10,tf_pct,nearest_recipe,0.0719999999999999,0.0809999999999999,0.009000000000000008,0.009000000000000008
S11,tf_pct,nearest_recipe,0.15975,0.24525,0.08549999999999999,0.08549999999999999
S12,tf_pct,nearest_recipe,0.0809999999999999,0.0719999999999999,0.009000000000000008,-0.009000000000000008
S13,tf_pct,nearest_recipe,0.34875,0.29925,0.04949999999999999,-0.04949999999999999
S14,tf_pct,nearest_recipe,0.28575,0.29925,0.013500000000000012,0.013500000000000012
S15,tf_pct,nearest_recipe,0.05625,0.2925,0.23625,0.23625
S16,tf_pct,nearest_recipe,0.0719999999999999,0.0809999999999999,0.009000000000000008,0.009000000000000008
S17,tf_pct,nearest_recipe,0.2475,0.38475,0.13724999999999998,0.13724999999999998
S18,tf_pct,nearest_recipe,0.24525,0.15975,0.08549999999999999,-0.08549999999999999
S19,tf_pct,nearest_recipe,0.207,0.0719999999999999,0.1350000000000001,-0.1350000000000001
S2,tf_pct,nearest_recipe,0.22725,0.28575,0.058499999999999996,0.058499999999999996
S20,tf_pct,nearest_recipe,0.2925,0.0809999999999999,0.21150000000000008,-0.21150000000000008
S21,tf_pct,nearest_recipe,0.12375,0.0719999999999999,0.0517500000000001,-0.0517500000000001
S22,tf_pct,nearest_recipe,0.38475,0.29925,0.08549999999999996,-0.08549999999999996
S23,tf_pct,nearest_recipe,0.21825,0.05625,0.162,-0.162
S24,tf_pct,nearest_recipe,0.3329999999999999,0.05625,0.2767499999999999,-0.2767499999999999
S25,tf_pct,nearest_recipe,0.171,0.22725,0.056249999999999994,0.056249999999999994
S26,tf_pct,nearest_recipe,0.1079999999999999,0.0809999999999999,0.026999999999999996,-0.026999999999999996
S27,tf_pct,nearest_recipe,0.2385,0.0809999999999999,0.15750000000000008,-0.15750000000000008
S28,tf_pct,nearest_recipe,0.32175,0.0719999999999999,0.24975000000000008,-0.24975000000000008
S29,tf_pct,nearest_recipe,0.171,0.28575,0.11474999999999999,0.11474999999999999
S3,tf_pct,nearest_recipe,0.1372499999999999,0.05625,0.0809999999999999,-0.0809999999999999
S30,tf_pct,nearest_recipe,0.225,0.0719999999999999,0.1530000000000001,-0.1530000000000001
S4,tf_pct,nearest_recipe,0.0832499999999999,0.0809999999999999,0.002249999999999988,-0.002249999999999988
S5,tf_pct,nearest_recipe,0.387,0.29925,0.08775,-0.08775
S6,tf_pct,nearest_recipe,0.21825,0.0719999999999999,0.1462500000000001,-0.1462500000000001
S7,tf_pct,nearest_recipe,0.2744999999999999,0.15975,0.11474999999999991,-0.11474999999999991
S8,tf_pct,nearest_recipe,0.2564999999999999,0.0719999999999999,0.1845,-0.1845
S9,tf_pct,nearest_recipe,0.3645,0.15975,0.20475,-0.20475
S1,tr_pct,scheffe_quadratic,0.6424599999999989,1.7814381891045867,1.1389781891045878,1.1389781891045878
S10,tr_pct,scheffe_quadratic,1.7367599999999983,1.5188415032303832,0.21791849676961506,-0.21791849676961506
S11,tr_pct,scheffe_quadratic,0.9107399999999992,1.4030960411386086,0.4923560411386094,0.4923560411386094
S12,tr_pct,scheffe_quadratic,0.9460400000000008,1.2624618220129187,0.3164218220129179,0.3164218220129179
S13,tr_pct,scheffe_quadratic,1.6873400000000007,0.9574193334050701,0.7299206665949306,-0.7299206665949306
S14,tr_pct,scheffe_quadratic,2.350979999999999,1.3527275549643276,0.9982524450356713,-0.9982524450356713
S15,tr_pct,scheffe_quadratic,1.447300000000002,1.048475743532393,0.398824256467609,-0.398824256467609
S16,tr_pct,scheffe_quadratic,1.2425599999999994,1.0899417745144524,0.15261822548554704,-0.15261822548554704
S17,tr_pct,scheffe_quadratic,0.9036800000000008,0.6189631071023932,0.2847168928976076,-0.2847168928976076
S18,tr_pct,scheffe_quadratic,0.8683799999999999,1.3605710236014201,0.4921910236014202,0.4921910236014202
S19,tr_pct,scheffe_quadratic,1.4543599999999988,1.3295857526290726,0.12477424737092613,-0.12477424737092613
S2,tr_pct,scheffe_quadratic,0.6283399999999998,2.5710691671805486,1.9427291671805489,1.9427291671805489
S20,tr_pct,scheffe_quadratic,1.412,0.8961302519044426,0.5158697480955573,-0.5158697480955573
S21,tr_pct,scheffe_quadratic,0.7977799999999999,1.2705778501024745,0.47279785010247455,0.47279785010247455
S22,tr_pct,scheffe_quadratic,0.4306599999999996,1.2487585271208888,0.8180985271208892,0.8180985271208892
S23,tr_pct,scheffe_quadratic,0.5012600000000004,1.2055232598751153,0.704263259875115,0.704263259875115
S24,tr_pct,scheffe_quadratic,1.863840000000003,0.7054495020596474,1.1583904979403556,-1.1583904979403556
S25,tr_pct,scheffe_quadratic,2.541599999999999,1.7664158353033825,0.7751841646966164,-0.7751841646966164
S26,tr_pct,scheffe_quadratic,1.8497200000000007,0.869808808433656,0.9799111915663447,-0.9799111915663447
S27,tr_pct,scheffe_quadratic,0.2682799999999994,1.4585289869527673,1.190248986952768,1.190248986952768
S28,tr_pct,scheffe_quadratic,1.5602599999999998,2.168549894792555,0.6082898947925555,0.6082898947925555
S29,tr_pct,scheffe_quadratic,2.06152,0.8410377659751652,1.2204822340248347,-1.2204822340248347
S3,tr_pct,scheffe_quadratic,0.6001000000000005,1.0862317487875692,0.4861317487875687,0.4861317487875687
S30,tr_pct,scheffe_quadratic,2.103879999999998,1.666452236194495,0.4374277638055031,-0.4374277638055031
S4,tr_pct,scheffe_quadratic,0.99546,0.7735380084201023,0.22192199157989767,-0.22192199157989767
S5,tr_pct,scheffe_quadratic,2.28744,1.0861036514414937,1.2013363485585065,-1.2013363485585065
S6,tr_pct,scheffe_quadratic,1.1084200000000002,1.5185072284009504,0.41008722840095024,0.41008722840095024
S7,tr_pct,scheffe_quadratic,0.3671199999999987,1.2947653001371704,0.9276453001371716,0.9276453001371716
S8,tr_pct,scheffe_quadratic,0.5506800000000005,0.8819113834774599,0.3312313834774594,0.3312313834774594
S9,tr_pct,scheffe_quadratic,1.6238000000000012,0.445376027985244,1.1784239720147571,-1.1784239720147571
S1,tr_pct,ridge_a,0.6424599999999989,1.4396540153062263,0.7971940153062274,0.7971940153062274
S10,tr_pct,ridge_a,1.7367599999999983,1.5653139723956278,0.17144602760437055,-0.17144602760437055
S11,tr_pct,ridge_a,0.9107399999999992,1.1164991889388645,0.20575918893886525,0.20575918893886525
S12,tr_pct,ridge_a,0.9460400000000008,1.4292723735659245,0.48323237356592375,0.48323237356592375
S13,tr_pct,ridge_a,1.6873400000000007,1.2293286464464428,0.45801135355355793,-0.45801135355355793
S14,tr_pct,ridge_a,2.350979999999999,1.3538047019901847,0.9971752980098143,-0.9971752980098143
S15,tr_pct,ridge_a,1.447300000000002,0.5082214330128506,0.9390785669871514,-0.9390785669871514
S16,tr_pct,ridge_a,1.2425599999999994,1.239995878984332,0.0025641210156674976,-0.0025641210156674976
S17,tr_pct,ridge_a,0.9036800000000008,0.8933103826817936,0.01036961731820718,-0.01036961731820718
S18,tr_pct,ridge_a,0.8683799999999999,1.352088849164417,0.48370884916441703,0.48370884916441703
S19,tr_pct,ridge_a,1.4543599999999988,1.4303454560885194,0.02401454391147939,-0.02401454391147939
S2,tr_pct,ridge_a,0.6283399999999998,1.7330009822920893,1.1046609822920894,1.1046609822920894
S20,tr_pct,ridge_a,1.412,1.007165004656596,0.40483499534340384,-0.40483499534340384
S21,tr_pct,ridge_a,0.7977799999999999,1.2723938011971452,0.47461380119714525,0.47461380119714525
S22,tr_pct,ridge_a,0.4306599999999996,1.2445955670171616,0.813935567017162,0.813935567017162
S23,tr_pct,ridge_a,0.5012600000000004,0.7404198106271839,0.2391598106271835,0.2391598106271835
S24,tr_pct,ridge_a,1.863840000000003,0.7955980107042719,1.068241989295731,-1.068241989295731
S25,tr_pct,ridge_a,2.541599999999999,1.5662474926766723,0.9753525073233267,-0.9753525073233267
S26,tr_pct,ridge_a,1.8497200000000007,1.4772622449146915,0.3724577550853092,-0.3724577550853092
S27,tr_pct,ridge_a,0.2682799999999994,1.4849825956464557,1.2167025956464563,1.2167025956464563
S28,tr_pct,ridge_a,1.5602599999999998,1.7772004177402687,0.21694041774026895,0.21694041774026895
S29,tr_pct,ridge_a,2.06152,1.170909063151016,0.8906109368489838,-0.8906109368489838
S3,tr_pct,ridge_a,0.6001000000000005,0.900437159776649,0.30033715977664843,0.30033715977664843
S30,tr_pct,ridge_a,2.103879999999998,1.5420200194993514,0.5618599805006466,-0.5618599805006466
S4,tr_pct,ridge_a,0.99546,1.2232286290404397,0.2277686290404397,0.2277686290404397
S5,tr_pct,ridge_a,2.28744,1.2466905628772338,1.0407494371227664,-1.0407494371227664
S6,tr_pct,ridge_a,1.1084200000000002,1.4597118465308374,0.3512918465308372,0.3512918465308372
S7,tr_pct,ridge_a,0.3671199999999987,1.1472285253386427,0.7801085253386439,0.7801085253386439
S8,tr_pct,ridge_a,0.5506800000000005,1.0869768534027247,0.5362968534027241,0.5362968534027241
S9,tr_pct,ridge_a,1.6238000000000012,1.1705568079351665,0.45324319206483477,-0.45324319206483477
S1,tr_pct,ridge_b_no_intercept,0.6424599999999989,1.165942220362349,0.5234822203623501,0.5234822203623501
S10,tr_pct,ridge_b_no_intercept,1.7367599999999983,1.212834360112679,0.5239256398873193,-0.5239256398873193
S11,tr_pct,ridge_b_no_intercept,0.9107399999999992,1.0708160125988022,0.160076012598803,0.160076012598803
S12,tr_pct,ridge_b_no_intercept,0.9460400000000008,1.1742861438969294,0.22824614389692865,0.22824614389692865
S13,tr_pct,ridge_b_no_intercept,1.6873400000000007,1.0868053892344256,0.6005346107655751,-0.6005346107655751
S14,tr_pct,ridge_b_no_intercept,2.350979999999999,1.1193321499455284,1.2316478500544705,-1.2316478500544705
S15,tr_pct,ridge_b_no_intercept,1.447300000000002,0.8363118851006,0.6109881148994021,-0.6109881148994021
S16,tr_pct,ridge_b_no_intercept,1.2425599999999994,1.0992135277723065,0.14334647222769292,-0.14334647222769292
S17,tr_pct,ridge_b_no_intercept,0.9036800000000008,0.9649158277292891,0.06123582772928826,0.06123582772928826
S18,tr_pct,ridge_b_no_intercept,0.8683799999999999,1.1566071591937683,0.2882271591937684,0.2882271591937684
S19,tr_pct,ridge_b_no_intercept,1.4543599999999988,1.1712211379326218,0.28313886206737693,-0.28313886206737693
S2,tr_pct,ridge_b_no_intercept,0.6283399999999998,1.2759854044649832,0.6476454044649834,0.6476454044649834
S20,tr_pct,ridge_b_no_intercept,1.412,1.007509872322966,0.40449012767703385,-0.40449012767703385
S21,tr_pct,ridge_b_no_intercept,0.7977799999999999,1.1257538720277769,0.32797387202777695,0.32797387202777695
S22,tr_pct,ridge_b_no_intercept,0.4306599999999996,1.096180439466681,0.6655204394666814,0.6655204394666814
S23,tr_pct,ridge_b_no_intercept,0.5012600000000004,0.9228956042600324,0.421635604260032,0.421635604260032
S24,tr_pct,ridge_b_no_intercept,1.863840000000003,0.9196399167890388,0.9442000832109643,-0.9442000832109643
S25,tr_pct,ridge_b_no_intercept,2.541599999999999,1.1737855906224335,1.3678144093775655,-1.3678144093775655
S26,tr_pct,ridge_b_no_intercept,1.8497200000000007,1.1562773063784635,0.6934426936215372,-0.6934426936215372
S27,tr_pct,ridge_b_no_intercept,0.2682799999999994,1.2011956252517073,0.9329156252517079,0.9329156252517079
S28,tr_pct,ridge_b_no_intercept,1.5602599999999998,1.2745862954078886,0.28567370459211117,-0.28567370459211117
S29,tr_pct,ridge_b_no_intercept,2.06152,1.0461546865858602,1.0153653134141396,-1.0153653134141396
S3,tr_pct,ridge_b_no_intercept,0.6001000000000005,0.9784207910719784,0.3783207910719779,0.3783207910719779
S30,tr_pct,ridge_b_no_intercept,2.103879999999998,1.1960116172763855,0.9078683827236125,-0.9078683827236125
S4,tr_pct,ridge_b_no_intercept,0.99546,1.0866017425658305,0.09114174256583052,0.09114174256583052
S5,tr_pct,ridge_b_no_intercept,2.28744,1.0635962544769975,1.2238437455230027,-1.2238437455230027
S6,tr_pct,ridge_b_no_intercept,1.1084200000000002,1.190075769758627,0.08165576975862687,0.08165576975862687
S7,tr_pct,ridge_b_no_intercept,0.3671199999999987,1.0847051318364755,0.7175851318364768,0.7175851318364768
S8,tr_pct,ridge_b_no_intercept,0.5506800000000005,1.0449991912169543,0.4943191912169538,0.4943191912169538
S9,tr_pct,ridge_b_no_intercept,1.6238000000000012,1.0683944070829523,0.5554055929170489,-0.5554055929170489
S1,tr_pct,pls,0.6424599999999989,1.442608053995975,0.800148053995976,0.800148053995976
S10,tr_pct,pls,1.7367599999999983,1.5747628627832733,0.16199713721672504,-0.16199713721672504
S11,tr_pct,pls,0.9107399999999992,1.1145618050439072,0.203821805043908,0.203821805043908
S12,tr_pct,pls,0.9460400000000008,1.433742667677043,0.4877026676770423,0.4877026676770423
S13,tr_pct,pls,1.6873400000000007,1.228637033484222,0.4587029665157787,-0.4587029665157787
S14,tr_pct,pls,2.350979999999999,1.356705628520667,0.9942743714793321,-0.9942743714793321
S15,tr_pct,pls,1.447300000000002,0.48759649646729475,0.9597035035327073,-0.9597035035327073
S16,tr_pct,pls,1.2425599999999994,1.23944669053911,0.0031133094608895018,-0.0031133094608895018
S17,tr_pct,pls,0.9036800000000008,0.8817910503185962,0.021888949681404646,-0.021888949681404646
S18,tr_pct,pls,0.8683799999999999,1.3583577032706944,0.48997770327069445,0.48997770327069445
S19,tr_pct,pls,1.4543599999999988,1.4367117110396892,0.017648288960309566,-0.017648288960309566
S2,tr_pct,pls,0.6283399999999998,1.7474965823886242,1.1191565823886243,1.1191565823886243
S20,tr_pct,pls,1.412,1.000995839664653,0.4110041603353469,-0.4110041603353469
S21,tr_pct,pls,0.7977799999999999,1.273857688958372,0.476077688958372,0.476077688958372
S22,tr_pct,pls,0.4306599999999996,1.2440602845141013,0.8134002845141017,0.8134002845141017
S23,tr_pct,pls,0.5012600000000004,0.7247164754000426,0.2234564754000422,0.2234564754000422
S24,tr_pct,pls,1.863840000000003,0.7832427893317209,1.0805972106682822,-1.0805972106682822
S25,tr_pct,pls,2.541599999999999,1.5739941265026385,0.9676058734973605,-0.9676058734973605
S26,tr_pct,pls,1.8497200000000007,1.4813678049862293,0.36835219501377137,-0.36835219501377137
S27,tr_pct,pls,0.2682799999999994,1.4917480894303998,1.2234680894304004,1.2234680894304004
S28,tr_pct,pls,1.5602599999999998,1.7918628476389735,0.23160284763897376,0.23160284763897376
S29,tr_pct,pls,2.06152,1.1667329714508488,0.894787028549151,-0.894787028549151
S3,tr_pct,pls,0.6001000000000005,0.8913455080671027,0.29124550806710214,0.29124550806710214
S30,tr_pct,pls,2.103879999999998,1.5506684941072508,0.5532115058927471,-0.5532115058927471
S4,tr_pct,pls,0.99546,1.2223383068097768,0.22687830680977683,0.22687830680977683
S5,tr_pct,pls,2.28744,1.2428851944405723,1.0445548055594278,-1.0445548055594278
S6,tr_pct,pls,1.1084200000000002,1.4658588214058743,0.35743882140587413,0.35743882140587413
S7,tr_pct,pls,0.3671199999999987,1.1448497305555374,0.7777297305555386,0.7777297305555386
S8,tr_pct,pls,0.5506800000000005,1.0819474021944693,0.5312674021944688,0.5312674021944688
S9,tr_pct,pls,1.6238000000000012,1.1638064307468996,0.45999356925310164,-0.45999356925310164
S1,tr_pct,gpr,0.6424599999999989,1.279321351588141,0.636861351588142,0.636861351588142
S10,tr_pct,gpr,1.7367599999999983,1.2415866067405856,0.4951733932594127,-0.4951733932594127
S11,tr_pct,gpr,0.9107399999999992,1.2700696061578332,0.35932960615783394,0.35932960615783394
S12,tr_pct,gpr,0.9460400000000008,1.2688521696676807,0.3228121696676799,0.3228121696676799
S13,tr_pct,gpr,1.6873400000000007,1.2432347182278503,0.4441052817721505,-0.4441052817721505
S14,tr_pct,gpr,2.350979999999999,1.2204063279963488,1.13057367200365,-1.13057367200365
S15,tr_pct,gpr,1.447300000000002,1.2511924509745347,0.19610754902546734,-0.19610754902546734
S16,tr_pct,gpr,1.2425599999999994,1.2586266769251522,0.016066676925152734,0.016066676925152734
S17,tr_pct,gpr,0.9036800000000008,1.2703130484352134,0.3666330484352126,0.3666330484352126
S18,tr_pct,gpr,0.8683799999999999,1.2715292770956883,0.4031492770956884,0.4031492770956884
S19,tr_pct,gpr,1.4543599999999988,1.2513241001240298,0.20303589987596893,-0.20303589987596893
S2,tr_pct,gpr,0.6283399999999998,1.5371229881563022,0.9087829881563024,0.9087829881563024
S20,tr_pct,gpr,1.412,1.2526828607497638,0.15931713925023616,-0.15931713925023616
S21,tr_pct,gpr,0.7977799999999999,1.2739648040061566,0.4761848040061567,0.4761848040061567
S22,tr_pct,gpr,0.4306599999999996,1.286624128503814,0.8559641285038144,0.8559641285038144
S23,tr_pct,gpr,0.5012600000000004,1.2841894318533889,0.7829294318533885,0.7829294318533885
S24,tr_pct,gpr,1.863840000000003,1.1720601416941698,0.6917798583058332,-0.6917798583058332
S25,tr_pct,gpr,2.541599999999999,1.2138334189351894,1.3277665810648096,-1.3277665810648096
S26,tr_pct,gpr,1.8497200000000007,1.23781587337566,0.6119041266243408,-0.6119041266243408
S27,tr_pct,gpr,0.2682799999999994,1.315654397191691,1.0473743971916916,1.0473743971916916
S28,tr_pct,gpr,1.5602599999999998,1.2476726835973988,0.31258731640260096,-0.31258731640260096
S29,tr_pct,gpr,2.06152,1.2303876084891752,0.8311323915108246,-0.8311323915108246
S3,tr_pct,gpr,0.6001000000000005,1.2807813618592687,0.6806813618592682,0.6806813618592682
S30,tr_pct,gpr,2.103879999999998,1.228927100683816,0.8749528993161819,-0.8749528993161819
S4,tr_pct,gpr,0.99546,1.267148200492194,0.2716882004921939,0.2716882004921939
S5,tr_pct,gpr,2.28744,1.2225971837694893,1.0648428162305108,-1.0648428162305108
S6,tr_pct,gpr,1.1084200000000002,1.2633411950506865,0.15492119505068636,0.15492119505068636
S7,tr_pct,gpr,0.3671199999999987,1.2888149663583595,0.9216949663583607,0.9216949663583607
S8,tr_pct,gpr,0.5506800000000005,1.2824854836034132,0.7318054836034127,0.7318054836034127
S9,tr_pct,gpr,1.6238000000000012,1.245481301193718,0.3783186988062832,-0.3783186988062832
S1,tr_pct,random_forest,0.6424599999999989,1.6957486925513379,1.053288692551339,1.053288692551339
S10,tr_pct,random_forest,1.7367599999999983,1.5167177301587298,0.2200422698412685,-0.2200422698412685
S11,tr_pct,random_forest,0.9107399999999992,1.0649930256637814,0.15425302566378218,0.15425302566378218
S12,tr_pct,random_forest,0.9460400000000008,1.3197579010966811,0.37371790109668035,0.37371790109668035
S13,tr_pct,random_forest,1.6873400000000007,1.2059470850899094,0.4813929149100913,-0.4813929149100913
S14,tr_pct,random_forest,2.350979999999999,1.512717306230991,0.8382626937690079,-0.8382626937690079
S15,tr_pct,random_forest,1.447300000000002,1.0389800053200513,0.4083199946799507,-0.4083199946799507
S16,tr_pct,random_forest,1.2425599999999994,1.1330860549346624,0.10947394506533703,-0.10947394506533703
S17,tr_pct,random_forest,0.9036800000000008,0.9248008112957096,0.021120811295708752,0.021120811295708752
S18,tr_pct,random_forest,0.8683799999999999,1.430657310061234,0.5622773100612342,0.5622773100612342
S19,tr_pct,random_forest,1.4543599999999988,1.5580517536241538,0.10369175362415506,0.10369175362415506
S2,tr_pct,random_forest,0.6283399999999998,1.8458252146560838,1.217485214656084,1.217485214656084
S20,tr_pct,random_forest,1.412,1.166528560236028,0.2454714397639719,-0.2454714397639719
S21,tr_pct,random_forest,0.7977799999999999,1.2363140543680071,0.4385340543680072,0.4385340543680072
S22,tr_pct,random_forest,0.4306599999999996,1.0910532253446228,0.6603932253446232,0.6603932253446232
S23,tr_pct,random_forest,0.5012600000000004,0.9194145112034264,0.41815451120342606,0.41815451120342606
S24,tr_pct,random_forest,1.863840000000003,0.8163839078563099,1.047456092143693,-1.047456092143693
S25,tr_pct,random_forest,2.541599999999999,1.3672777762962955,1.1743222237037034,-1.1743222237037034
S26,tr_pct,random_forest,1.8497200000000007,0.9125573369160477,0.937162663083953,-0.937162663083953
S27,tr_pct,random_forest,0.2682799999999994,1.2652351112097167,0.9969551112097172,0.9969551112097172
S28,tr_pct,random_forest,1.5602599999999998,1.7385104992714682,0.1782504992714684,0.1782504992714684
S29,tr_pct,random_forest,2.06152,0.8051865079581522,1.2563334920418476,-1.2563334920418476
S3,tr_pct,random_forest,0.6001000000000005,1.0907460190004443,0.4906460190004438,0.4906460190004438
S30,tr_pct,random_forest,2.103879999999998,1.5554835740054376,0.5483964259945604,-0.5483964259945604
S4,tr_pct,random_forest,0.99546,1.0532595849735462,0.0577995849735462,0.0577995849735462
S5,tr_pct,random_forest,2.28744,1.369086973197173,0.918353026802827,-0.918353026802827
S6,tr_pct,random_forest,1.1084200000000002,1.6657088039079428,0.5572888039079427,0.5572888039079427
S7,tr_pct,random_forest,0.3671199999999987,1.1517093642862701,0.7845893642862714,0.7845893642862714
S8,tr_pct,random_forest,0.5506800000000005,1.0936843588311695,0.543004358831169,0.543004358831169
S9,tr_pct,random_forest,1.6238000000000012,1.2296149398701286,0.39418506012987264,-0.39418506012987264
S1,tr_pct,xgboost,0.6424599999999989,1.7341886758804321,1.0917286758804332,1.0917286758804332
S10,tr_pct,xgboost,1.7367599999999983,1.328234076499939,0.40852592350005934,-0.40852592350005934
S11,tr_pct,xgboost,0.9107399999999992,1.0559886693954468,0.14524866939544756,0.14524866939544756
S12,tr_pct,xgboost,0.9460400000000008,1.2313214540481567,0.28528145404815597,0.28528145404815597
S13,tr_pct,xgboost,1.6873400000000007,1.0136702060699463,0.6736697939300544,-0.6736697939300544
S14,tr_pct,xgboost,2.350979999999999,1.5641088485717773,0.7868711514282216,-0.7868711514282216
S15,tr_pct,xgboost,1.447300000000002,1.0225398540496826,0.4247601459503194,-0.4247601459503194
S16,tr_pct,xgboost,1.2425599999999994,1.2209891080856323,0.02157089191436712,-0.02157089191436712
S17,tr_pct,xgboost,0.9036800000000008,1.0111740827560425,0.10749408275604166,0.10749408275604166
S18,tr_pct,xgboost,0.8683799999999999,1.3436352014541626,0.47525520145416267,0.47525520145416267
S19,tr_pct,xgboost,1.4543599999999988,1.480687141418457,0.026327141418458266,0.026327141418458266
S2,tr_pct,xgboost,0.6283399999999998,2.076291084289551,1.447951084289551,1.447951084289551
S20,tr_pct,xgboost,1.412,1.2069145441055298,0.20508545589447014,-0.20508545589447014
S21,tr_pct,xgboost,0.7977799999999999,1.1666443347930908,0.3688643347930909,0.3688643347930909
S22,tr_pct,xgboost,0.4306599999999996,1.0679513216018677,0.6372913216018681,0.6372913216018681
S23,tr_pct,xgboost,0.5012600000000004,0.9012230634689331,0.39996306346893273,0.39996306346893273
S24,tr_pct,xgboost,1.863840000000003,0.8008293509483337,1.0630106490516693,-1.0630106490516693
S25,tr_pct,xgboost,2.541599999999999,1.3671718835830688,1.1744281164169301,-1.1744281164169301
S26,tr_pct,xgboost,1.8497200000000007,1.0143269300460815,0.8353930699539192,-0.8353930699539192
S27,tr_pct,xgboost,0.2682799999999994,1.2293672561645508,0.9610872561645514,0.9610872561645514
S28,tr_pct,xgboost,1.5602599999999998,2.060270071029663,0.5000100710296633,0.5000100710296633
S29,tr_pct,xgboost,2.06152,0.7687132358551025,1.2928067641448973,-1.2928067641448973
S3,tr_pct,xgboost,0.6001000000000005,1.122472882270813,0.5223728822708125,0.5223728822708125
S30,tr_pct,xgboost,2.103879999999998,1.3861433267593384,0.7177366732406596,-0.7177366732406596
S4,tr_pct,xgboost,0.99546,0.9114124178886414,0.08404758211135865,-0.08404758211135865
S5,tr_pct,xgboost,2.28744,0.8836939930915833,1.4037460069084169,-1.4037460069084169
S6,tr_pct,xgboost,1.1084200000000002,1.7720518112182617,0.6636318112182615,0.6636318112182615
S7,tr_pct,xgboost,0.3671199999999987,1.0777994394302368,0.710679439430238,0.710679439430238
S8,tr_pct,xgboost,0.5506800000000005,1.1545411348342896,0.603861134834289,0.603861134834289
S9,tr_pct,xgboost,1.6238000000000012,1.1332218647003174,0.49057813529968386,-0.49057813529968386
S1,tr_pct,catboost,0.6424599999999989,1.7200623532127726,1.0776023532127736,1.0776023532127736
S10,tr_pct,catboost,1.7367599999999983,1.3904576367390322,0.3463023632609661,-0.3463023632609661
S11,tr_pct,catboost,0.9107399999999992,1.0521472390855817,0.1414072390855825,0.1414072390855825
S12,tr_pct,catboost,0.9460400000000008,1.3119263907210543,0.36588639072105356,0.36588639072105356
S13,tr_pct,catboost,1.6873400000000007,1.035462538680719,0.6518774613192817,-0.6518774613192817
S14,tr_pct,catboost,2.350979999999999,1.4824715087590046,0.8685084912409944,-0.8685084912409944
S15,tr_pct,catboost,1.447300000000002,1.0302406404132527,0.41705935958674933,-0.41705935958674933
S16,tr_pct,catboost,1.2425599999999994,1.1330375858318291,0.10952241416817032,-0.10952241416817032
S17,tr_pct,catboost,0.9036800000000008,0.9945837416890164,0.0909037416890156,0.0909037416890156
S18,tr_pct,catboost,0.8683799999999999,1.4140264062549317,0.5456464062549318,0.5456464062549318
S19,tr_pct,catboost,1.4543599999999988,1.4016335134445235,0.052726486555475294,-0.052726486555475294
S2,tr_pct,catboost,0.6283399999999998,2.0900472818479336,1.461707281847934,1.461707281847934
S20,tr_pct,catboost,1.412,1.1371180606056033,0.27488193939439665,-0.27488193939439665
S21,tr_pct,catboost,0.7977799999999999,1.1399591515660412,0.3421791515660413,0.3421791515660413
S22,tr_pct,catboost,0.4306599999999996,1.3583174408678451,0.9276574408678455,0.9276574408678455
S23,tr_pct,catboost,0.5012600000000004,1.0750879645985552,0.5738279645985548,0.5738279645985548
S24,tr_pct,catboost,1.863840000000003,0.8371444519219726,1.0266955480780304,-1.0266955480780304
S25,tr_pct,catboost,2.541599999999999,1.385463817980239,1.15613618201976,-1.15613618201976
S26,tr_pct,catboost,1.8497200000000007,1.2231890931918175,0.6265309068081832,-0.6265309068081832
S27,tr_pct,catboost,0.2682799999999994,1.2789736698355643,1.0106936698355649,1.0106936698355649
S28,tr_pct,catboost,1.5602599999999998,1.8560454822405128,0.29578548224051304,0.29578548224051304
S29,tr_pct,catboost,2.06152,0.7640747308110071,1.2974452691889926,-1.2974452691889926
S3,tr_pct,catboost,0.6001000000000005,1.0196498574785136,0.41954985747851303,0.41954985747851303
S30,tr_pct,catboost,2.103879999999998,1.3921228747414998,0.7117571252584982,-0.7117571252584982
S4,tr_pct,catboost,0.99546,0.7973767638689755,0.19808323613102452,-0.19808323613102452
S5,tr_pct,catboost,2.28744,0.9301967437945067,1.3572432562054935,-1.3572432562054935
S6,tr_pct,catboost,1.1084200000000002,1.6019173825731123,0.49349738257311215,0.49349738257311215
S7,tr_pct,catboost,0.3671199999999987,1.1695952951134745,0.8024752951134757,0.8024752951134757
S8,tr_pct,catboost,0.5506800000000005,1.055467512355337,0.5047875123553365,0.5047875123553365
S9,tr_pct,catboost,1.6238000000000012,1.1830440732140972,0.44075592678590403,-0.44075592678590403
S1,tr_pct,mean,0.6424599999999989,1.2793206896551725,0.6368606896551736,0.6368606896551736
S10,tr_pct,mean,1.7367599999999983,1.241586206896552,0.49517379310344634,-0.49517379310344634
S11,tr_pct,mean,0.9107399999999992,1.270069655172414,0.3593296551724148,0.3593296551724148
S12,tr_pct,mean,0.9460400000000008,1.2688524137931034,0.32281241379310266,0.32281241379310266
S13,tr_pct,mean,1.6873400000000007,1.2432903448275865,0.44404965517241424,-0.44404965517241424
S14,tr_pct,mean,2.350979999999999,1.2204062068965518,1.1305737931034472,-1.1305737931034472
S15,tr_pct,mean,1.447300000000002,1.2515675862068965,0.19573241379310558,-0.19573241379310558
S16,tr_pct,mean,1.2425599999999994,1.2586275862068965,0.016067586206897078,0.016067586206897078
S17,tr_pct,mean,0.9036800000000008,1.270313103448276,0.36663310344827515,0.36663310344827515
S18,tr_pct,mean,0.8683799999999999,1.2715303448275863,0.4031503448275864,0.4031503448275864
S19,tr_pct,mean,1.4543599999999988,1.2513241379310345,0.2030358620689643,-0.2030358620689643
S2,tr_pct,mean,0.6283399999999998,1.2798075862068967,0.6514675862068969,0.6514675862068969
S20,tr_pct,mean,1.412,1.252784827586207,0.1592151724137929,-0.1592151724137929
S21,tr_pct,mean,0.7977799999999999,1.2739648275862072,0.4761848275862073,0.4761848275862073
S22,tr_pct,mean,0.4306599999999996,1.2866241379310348,0.8559641379310352,0.8559641379310352
S23,tr_pct,mean,0.5012600000000004,1.2841896551724137,0.7829296551724133,0.7829296551724133
S24,tr_pct,mean,1.863840000000003,1.2372041379310346,0.6266358620689685,-0.6266358620689685
S25,tr_pct,mean,2.541599999999999,1.2138331034482759,1.327766896551723,-1.327766896551723
S26,tr_pct,mean,1.8497200000000007,1.2376910344827587,0.612028965517242,-0.612028965517242
S27,tr_pct,mean,0.2682799999999994,1.2922234482758623,1.023943448275863,1.023943448275863
S28,tr_pct,mean,1.5602599999999998,1.2476724137931035,0.3125875862068963,-0.3125875862068963
S29,tr_pct,mean,2.06152,1.2303875862068967,0.8311324137931031,-0.8311324137931031
S3,tr_pct,mean,0.6001000000000005,1.2807813793103449,0.6806813793103443,0.6806813793103443
S30,tr_pct,mean,2.103879999999998,1.2289268965517242,0.8749531034482738,-0.8749531034482738
S4,tr_pct,mean,0.99546,1.2671482758620691,0.2716882758620691,0.2716882758620691
S5,tr_pct,mean,2.28744,1.2225972413793103,1.0648427586206899,-1.0648427586206899
S6,tr_pct,mean,1.1084200000000002,1.2632531034482757,0.1548331034482755,0.1548331034482755
S7,tr_pct,mean,0.3671199999999987,1.288815172413793,0.9216951724137943,0.9216951724137943
S8,tr_pct,mean,0.5506800000000005,1.2824855172413792,0.7318055172413787,0.7318055172413787
S9,tr_pct,mean,1.6238000000000012,1.2454813793103445,0.3783186206896567,-0.3783186206896567
S1,tr_pct,nearest_recipe,0.6424599999999989,1.6873400000000007,1.0448800000000018,1.0448800000000018
S10,tr_pct,nearest_recipe,1.7367599999999983,0.9460400000000008,0.7907199999999975,-0.7907199999999975
S11,tr_pct,nearest_recipe,0.9107399999999992,0.8683799999999999,0.04235999999999929,-0.04235999999999929
S12,tr_pct,nearest_recipe,0.9460400000000008,1.7367599999999983,0.7907199999999975,0.7907199999999975
S13,tr_pct,nearest_recipe,1.6873400000000007,0.6424599999999989,1.0448800000000018,-1.0448800000000018
S14,tr_pct,nearest_recipe,2.350979999999999,0.6424599999999989,1.70852,-1.70852
S15,tr_pct,nearest_recipe,1.447300000000002,1.412,0.03530000000000211,-0.03530000000000211
S16,tr_pct,nearest_recipe,1.2425599999999994,0.9460400000000008,0.2965199999999987,-0.2965199999999987
S17,tr_pct,nearest_recipe,0.9036800000000008,0.4306599999999996,0.4730200000000012,-0.4730200000000012
S18,tr_pct,nearest_recipe,0.8683799999999999,0.9107399999999992,0.04235999999999929,0.04235999999999929
S19,tr_pct,nearest_recipe,1.4543599999999988,1.7367599999999983,0.28239999999999954,0.28239999999999954
S2,tr_pct,nearest_recipe,0.6283399999999998,2.350979999999999,1.7226399999999993,1.7226399999999993
S20,tr_pct,nearest_recipe,1.412,0.9460400000000008,0.46595999999999915,-0.46595999999999915
S21,tr_pct,nearest_recipe,0.7977799999999999,1.7367599999999983,0.9389799999999984,0.9389799999999984
S22,tr_pct,nearest_recipe,0.4306599999999996,0.6424599999999989,0.21179999999999932,0.21179999999999932
S23,tr_pct,nearest_recipe,0.5012600000000004,1.447300000000002,0.9460400000000017,0.9460400000000017
S24,tr_pct,nearest_recipe,1.863840000000003,1.447300000000002,0.416540000000001,-0.416540000000001
S25,tr_pct,nearest_recipe,2.541599999999999,0.6283399999999998,1.9132599999999993,-1.9132599999999993
S26,tr_pct,nearest_recipe,1.8497200000000007,0.9460400000000008,0.9036799999999999,-0.9036799999999999
S27,tr_pct,nearest_recipe,0.2682799999999994,0.9460400000000008,0.6777600000000014,0.6777600000000014
S28,tr_pct,nearest_recipe,1.5602599999999998,1.7367599999999983,0.17649999999999855,0.17649999999999855
S29,tr_pct,nearest_recipe,2.06152,2.350979999999999,0.28945999999999916,0.28945999999999916
S3,tr_pct,nearest_recipe,0.6001000000000005,1.447300000000002,0.8472000000000015,0.8472000000000015
S30,tr_pct,nearest_recipe,2.103879999999998,1.7367599999999983,0.36711999999999967,-0.36711999999999967
S4,tr_pct,nearest_recipe,0.99546,0.9460400000000008,0.04941999999999924,-0.04941999999999924
S5,tr_pct,nearest_recipe,2.28744,0.6424599999999989,1.6449800000000012,-1.6449800000000012
S6,tr_pct,nearest_recipe,1.1084200000000002,1.7367599999999983,0.6283399999999981,0.6283399999999981
S7,tr_pct,nearest_recipe,0.3671199999999987,0.9107399999999992,0.5436200000000004,0.5436200000000004
S8,tr_pct,nearest_recipe,0.5506800000000005,1.2425599999999994,0.6918799999999989,0.6918799999999989
S9,tr_pct,nearest_recipe,1.6238000000000012,0.9107399999999992,0.713060000000002,-0.713060000000002
S1,ph,scheffe_quadratic,4.72,4.4754644330782405,0.24453556692175926,-0.24453556692175926
S10,ph,scheffe_quadratic,4.63,4.806423278711218,0.17642327871121832,0.17642327871121832
S11,ph,scheffe_quadratic,4.77,4.494682246087216,0.275317753912784,-0.275317753912784
S12,ph,scheffe_quadratic,4.68,4.866528435350089,0.18652843535008934,0.18652843535008934
S13,ph,scheffe_quadratic,4.53,4.785627000817687,0.25562700081768686,0.25562700081768686
S14,ph,scheffe_quadratic,4.68,4.808507960658043,0.1285079606580437,0.1285079606580437
S15,ph,scheffe_quadratic,4.53,4.961495520117614,0.43149552011761383,0.43149552011761383
S16,ph,scheffe_quadratic,4.64,4.863961121619852,0.22396112161985204,0.22396112161985204
S17,ph,scheffe_quadratic,4.71,4.788942579631834,0.07894257963183371,0.07894257963183371
S18,ph,scheffe_quadratic,4.81,4.671763855699636,0.13823614430036368,-0.13823614430036368
S19,ph,scheffe_quadratic,4.71,4.701159534729023,0.008840465270976594,-0.008840465270976594
S2,ph,scheffe_quadratic,5.16,4.717660019329765,0.4423399806702353,-0.4423399806702353
S20,ph,scheffe_quadratic,4.85,4.806235710777294,0.0437642892227057,-0.0437642892227057
S21,ph,scheffe_quadratic,4.87,4.6844826216534905,0.1855173783465096,-0.1855173783465096
S22,ph,scheffe_quadratic,4.6,4.619114237223355,0.0191142372233557,0.0191142372233557
S23,ph,scheffe_quadratic,4.97,4.753527561401134,0.2164724385988661,-0.2164724385988661
S24,ph,scheffe_quadratic,4.71,4.744350662297648,0.034350662297647716,0.034350662297647716
S25,ph,scheffe_quadratic,4.79,4.9944528083303705,0.2044528083303705,0.2044528083303705
S26,ph,scheffe_quadratic,4.93,4.934496258704519,0.00449625870451964,0.00449625870451964
S27,ph,scheffe_quadratic,4.73,5.012293675184073,0.28229367518407233,0.28229367518407233
S28,ph,scheffe_quadratic,4.91,4.669268432761629,0.2407315672383712,-0.2407315672383712
S29,ph,scheffe_quadratic,5.03,4.807562528597684,0.2224374714023165,-0.2224374714023165
S3,ph,scheffe_quadratic,5.04,4.918277720912096,0.121722279087904,-0.121722279087904
S30,ph,scheffe_quadratic,4.89,4.84006916925961,0.049930830740390064,-0.049930830740390064
S4,ph,scheffe_quadratic,5.1,4.93489447653908,0.16510552346091956,-0.16510552346091956
S5,ph,scheffe_quadratic,4.53,4.847055834730084,0.31705583473008403,0.31705583473008403
S6,ph,scheffe_quadratic,4.91,4.756929222200973,0.15307077779902745,-0.15307077779902745
S7,ph,scheffe_quadratic,4.75,4.671682718718411,0.07831728128158932,-0.07831728128158932
S8,ph,scheffe_quadratic,4.91,4.950215046404299,0.04021504640429896,0.04021504640429896
S9,ph,scheffe_quadratic,4.51,4.91958546973671,0.40958546973670984,0.40958546973670984
S1,ph,ridge_a,4.72,4.647045015565076,0.07295498443492399,-0.07295498443492399
S10,ph,ridge_a,4.63,4.823938975744117,0.19393897574411678,0.19393897574411678
S11,ph,ridge_a,4.77,4.671839574988172,0.09816042501182753,-0.09816042501182753
S12,ph,ridge_a,4.68,4.8813305705808565,0.2013305705808568,0.2013305705808568
S13,ph,ridge_a,4.53,4.664737838495633,0.13473783849563237,0.13473783849563237
S14,ph,ridge_a,4.68,4.742698462695779,0.06269846269577961,0.06269846269577961
S15,ph,ridge_a,4.53,4.884057029559027,0.3540570295590264,0.3540570295590264
S16,ph,ridge_a,4.64,4.793503435998955,0.15350343599895488,0.15350343599895488
S17,ph,ridge_a,4.71,4.785626572631069,0.07562657263106942,0.07562657263106942
S18,ph,ridge_a,4.81,4.606683202435971,0.2033167975640282,-0.2033167975640282
S19,ph,ridge_a,4.71,4.7124451139005386,0.002445113900538587,0.002445113900538587
S2,ph,ridge_a,5.16,4.7769235681587086,0.3830764318412916,-0.3830764318412916
S20,ph,ridge_a,4.85,4.838278202196714,0.011721797803285305,-0.011721797803285305
S21,ph,ridge_a,4.87,4.768360860397422,0.10163913960257798,-0.10163913960257798
S22,ph,ridge_a,4.6,4.753206886332002,0.1532068863320024,0.1532068863320024
S23,ph,ridge_a,4.97,4.793882960016654,0.17611703998334605,-0.17611703998334605
S24,ph,ridge_a,4.71,4.767993234557962,0.057993234557962126,0.057993234557962126
S25,ph,ridge_a,4.79,4.928666224968609,0.1386662249686088,0.1386662249686088
S26,ph,ridge_a,4.93,4.960101990342173,0.03010199034217287,0.03010199034217287
S27,ph,ridge_a,4.73,4.889797485765823,0.15979748576582242,0.15979748576582242
S28,ph,ridge_a,4.91,4.8868799325017696,0.02312006749823059,-0.02312006749823059
S29,ph,ridge_a,5.03,4.781075841445699,0.24892415855430094,-0.24892415855430094
S3,ph,ridge_a,5.04,4.872720854257989,0.16727914574201108,-0.16727914574201108
S30,ph,ridge_a,4.89,4.807318173449303,0.08268182655069634,-0.08268182655069634
S4,ph,ridge_a,5.1,4.903627697918243,0.19637230208175627,-0.19637230208175627
S5,ph,ridge_a,4.53,4.800284561367893,0.2702845613678928,0.2702845613678928
S6,ph,ridge_a,4.91,4.711141584268667,0.19885841573133334,-0.19885841573133334
S7,ph,ridge_a,4.75,4.694924298832838,0.055075701167162094,-0.055075701167162094
S8,ph,ridge_a,4.91,4.846961604400102,0.06303839559989832,-0.06303839559989832
S9,ph,ridge_a,4.51,4.659287667766678,0.14928766776667857,0.14928766776667857
S1,ph,ridge_b_no_intercept,4.72,4.114005040018729,0.6059949599812704,-0.6059949599812704
S10,ph,ridge_b_no_intercept,4.63,4.2278639935816,0.40213600641839964,-0.40213600641839964
S11,ph,ridge_b_no_intercept,4.77,4.1412964229701865,0.628703577029813,-0.628703577029813
S12,ph,ridge_b_no_intercept,4.68,4.242258512507321,0.43774148749267905,-0.43774148749267905
S13,ph,ridge_b_no_intercept,4.53,4.147600912865831,0.3823990871341696,-0.3823990871341696
S14,ph,ridge_b_no_intercept,4.68,4.184164144725481,0.49583585527451834,-0.49583585527451834
S15,ph,ridge_b_no_intercept,4.53,4.179977173291085,0.3500228267089156,-0.3500228267089156
S16,ph,ridge_b_no_intercept,4.64,4.210240791806185,0.42975920819381486,-0.42975920819381486
S17,ph,ridge_b_no_intercept,4.71,4.15311346401488,0.5568865359851198,-0.5568865359851198
S18,ph,ridge_b_no_intercept,4.81,4.122945232409812,0.6870547675901877,-0.6870547675901877
S19,ph,ridge_b_no_intercept,4.71,4.176086407353399,0.5339135926466012,-0.5339135926466012
S2,ph,ridge_b_no_intercept,5.16,4.17696110785448,0.9830388921455198,-0.9830388921455198
S20,ph,ridge_b_no_intercept,4.85,4.205473390332471,0.6445266096675288,-0.6445266096675288
S21,ph,ridge_b_no_intercept,4.87,4.196658581016399,0.6733414189836013,-0.6733414189836013
S22,ph,ridge_b_no_intercept,4.6,4.135994644492063,0.4640053555079362,-0.4640053555079362
S23,ph,ridge_b_no_intercept,4.97,4.131145934733599,0.8388540652664007,-0.8388540652664007
S24,ph,ridge_b_no_intercept,4.71,4.169687335757487,0.5403126642425127,-0.5403126642425127
S25,ph,ridge_b_no_intercept,4.79,4.236214642770587,0.5537853572294127,-0.5537853572294127
S26,ph,ridge_b_no_intercept,4.93,4.239055034457418,0.6909449655425819,-0.6909449655425819
S27,ph,ridge_b_no_intercept,4.73,4.234440913424433,0.49555908657556724,-0.49555908657556724
S28,ph,ridge_b_no_intercept,4.91,4.230805118213547,0.6791948817864535,-0.6791948817864535
S29,ph,ridge_b_no_intercept,5.03,4.175808219809361,0.8541917801906393,-0.8541917801906393
S3,ph,ridge_b_no_intercept,5.04,4.169702200329613,0.8702977996703867,-0.8702977996703867
S30,ph,ridge_b_no_intercept,4.89,4.216626850058044,0.6733731499419555,-0.6733731499419555
S4,ph,ridge_b_no_intercept,5.1,4.2126570219224355,0.8873429780775641,-0.8873429780775641
S5,ph,ridge_b_no_intercept,4.53,4.171591005626728,0.35840899437327245,-0.35840899437327245
S6,ph,ridge_b_no_intercept,4.91,4.180115693019291,0.7298843069807095,-0.7298843069807095
S7,ph,ridge_b_no_intercept,4.75,4.159486005289053,0.590513994710947,-0.590513994710947
S8,ph,ridge_b_no_intercept,4.91,4.1973221883199425,0.7126778116800576,-0.7126778116800576
S9,ph,ridge_b_no_intercept,4.51,4.133668622146681,0.3763313778533188,-0.3763313778533188
S1,ph,pls,4.72,4.643316316570801,0.07668368342919862,-0.07668368342919862
S10,ph,pls,4.63,4.822087869022285,0.19208786902228514,0.19208786902228514
S11,ph,pls,4.77,4.661665012178246,0.10833498782175344,-0.10833498782175344
S12,ph,pls,4.68,4.883962347362151,0.20396234736215124,0.20396234736215124
S13,ph,pls,4.53,4.658391427888005,0.12839142788800473,0.12839142788800473
S14,ph,pls,4.68,4.741843480980386,0.06184348098038672,0.06184348098038672
S15,ph,pls,4.53,4.88498780423657,0.35498780423657017,0.35498780423657017
S16,ph,pls,4.64,4.7937484903139405,0.15374849031394078,0.15374849031394078
S17,ph,pls,4.71,4.789106587121747,0.07910658712174712,0.07910658712174712
S18,ph,pls,4.81,4.593951884894992,0.216048115105008,-0.216048115105008
S19,ph,pls,4.71,4.703708277332721,0.006291722667278954,-0.006291722667278954
S2,ph,pls,5.16,4.780395518845453,0.3796044811545469,-0.3796044811545469
S20,ph,pls,4.85,4.8396595109453155,0.010340489054684099,-0.010340489054684099
S21,ph,pls,4.87,4.764830657604701,0.10516934239529885,-0.10516934239529885
S22,ph,pls,4.6,4.755954809453043,0.15595480945304363,0.15595480945304363
S23,ph,pls,4.97,4.797239241003395,0.17276075899660448,-0.17276075899660448
S24,ph,pls,4.71,4.767576555650801,0.057576555650801,0.057576555650801
S25,ph,pls,4.79,4.935803903076065,0.1458039030760654,0.1458039030760654
S26,ph,pls,4.93,4.968500380361756,0.03850038036175629,0.03850038036175629
S27,ph,pls,4.73,4.896126997523885,0.16612699752388416,0.16612699752388416
S28,ph,pls,4.91,4.889590336727159,0.020409663272840994,-0.020409663272840994
S29,ph,pls,5.03,4.784210392086945,0.24578960791305526,-0.24578960791305526
S3,ph,pls,5.04,4.877762428253106,0.16223757174689446,-0.16223757174689446
S30,ph,pls,4.89,4.808225363736464,0.08177463626353543,-0.08177463626353543
S4,ph,pls,5.1,4.9101565338600155,0.18984346613998415,-0.18984346613998415
S5,ph,pls,4.53,4.803992347294477,0.2739923472944765,0.2739923472944765
S6,ph,pls,4.91,4.706207321774636,0.20379267822536384,-0.20379267822536384
S7,ph,pls,4.75,4.689450957491077,0.06054904250892257,-0.06054904250892257
S8,ph,pls,4.91,4.851845703210289,0.05815429678971107,-0.05815429678971107
S9,ph,pls,4.51,4.645722410006183,0.13572241000618313,0.13572241000618313
S1,ph,gpr,4.72,4.788965463637087,0.06896546363708733,0.06896546363708733
S10,ph,gpr,4.63,4.792068966578188,0.1620689665781878,0.1620689665781878
S11,ph,gpr,4.77,4.787241372988345,0.017241372988345383,0.017241372988345383
S12,ph,gpr,4.68,4.790344941967229,0.1103449419672291,0.1103449419672291
S13,ph,gpr,4.53,4.795517239141651,0.2655172391416505,0.2655172391416505
S14,ph,gpr,4.68,4.790344836848615,0.11034483684861485,0.11034483684861485
S15,ph,gpr,4.53,4.844847249541337,0.31484724954133636,0.31484724954133636
S16,ph,gpr,4.64,4.791724176265903,0.15172417626590295,0.15172417626590295
S17,ph,gpr,4.71,4.789310345105674,0.07931034510567425,0.07931034510567425
S18,ph,gpr,4.81,4.785861980561413,0.02413801943858651,-0.02413801943858651
S19,ph,gpr,4.71,4.789310338198756,0.07931033819875566,0.07931033819875566
S2,ph,gpr,5.16,4.773793104007907,0.38620689599209346,-0.38620689599209346
S20,ph,gpr,4.85,4.784482770099505,0.06551722990049491,-0.06551722990049491
S21,ph,gpr,4.87,4.783793097640529,0.08620690235947137,-0.08620690235947137
S22,ph,gpr,4.6,4.793103440207239,0.19310344020723935,0.19310344020723935
S23,ph,gpr,4.97,4.78034482303417,0.18965517696582967,-0.18965517696582967
S24,ph,gpr,4.71,4.789310346320031,0.07931034632003087,0.07931034632003087
S25,ph,gpr,4.79,4.786551727316792,0.003448272683208131,-0.003448272683208131
S26,ph,gpr,4.93,4.7817241406219795,0.14827585937802024,-0.14827585937802024
S27,ph,gpr,4.73,4.788620697155868,0.058620697155867596,0.058620697155867596
S28,ph,gpr,4.91,4.782413794902536,0.12758620509746432,-0.12758620509746432
S29,ph,gpr,5.03,4.772720385183091,0.257279614816909,-0.257279614816909
S3,ph,gpr,5.04,4.777931031790321,0.26206896820967884,-0.26206896820967884
S30,ph,gpr,4.89,4.783103452776495,0.10689654722350461,-0.10689654722350461
S4,ph,gpr,5.1,4.775862070903272,0.3241379290967279,-0.3241379290967279
S5,ph,gpr,4.53,4.7955172335908784,0.2655172335908782,0.2655172335908782
S6,ph,gpr,4.91,4.782413703080462,0.12758629691953782,-0.12758629691953782
S7,ph,gpr,4.75,4.787931030498044,0.03793103049804358,0.03793103049804358
S8,ph,gpr,4.91,4.782413794526188,0.12758620547381216,-0.12758620547381216
S9,ph,gpr,4.51,4.796206884010959,0.2862068840109595,0.2862068840109595
S1,ph,random_forest,4.72,4.6636796560846525,0.05632034391534724,-0.05632034391534724
S10,ph,random_forest,4.63,4.83256955294705,0.20256955294705037,0.20256955294705037
S11,ph,random_forest,4.77,4.681112853535355,0.08888714646464457,-0.08888714646464457
S12,ph,random_forest,4.68,4.827224217449218,0.1472242174492182,0.1472242174492182
S13,ph,random_forest,4.53,4.716830218762715,0.1868302187627151,0.1868302187627151
S14,ph,random_forest,4.68,4.762987585470086,0.08298758547008589,0.08298758547008589
S15,ph,random_forest,4.53,4.7882256235431235,0.2582256235431233,0.2582256235431233
S16,ph,random_forest,4.64,4.818301909386911,0.17830190938691093,0.17830190938691093
S17,ph,random_forest,4.71,4.81358574527324,0.10358574527324027,0.10358574527324027
S18,ph,random_forest,4.81,4.66769298655049,0.1423070134495097,-0.1423070134495097
S19,ph,random_forest,4.71,4.765361199726198,0.055361199726197796,0.055361199726197796
S2,ph,random_forest,5.16,4.775796658064156,0.3842033419358444,-0.3842033419358444
S20,ph,random_forest,4.85,4.776938120490622,0.07306187950937737,-0.07306187950937737
S21,ph,random_forest,4.87,4.734844858104859,0.1351551418951411,-0.1351551418951411
S22,ph,random_forest,4.6,4.794288486883487,0.19428848688348754,0.19428848688348754
S23,ph,random_forest,4.97,4.753403361823366,0.21659663817663333,-0.21659663817663333
S24,ph,random_forest,4.71,4.730656933066933,0.020656933066932837,0.020656933066932837
S25,ph,random_forest,4.79,4.9172516029341065,0.12725160293410642,0.12725160293410642
S26,ph,random_forest,4.93,4.898067309357308,0.031932690642691774,-0.031932690642691774
S27,ph,random_forest,4.73,4.936251904299401,0.20625190429940066,0.20625190429940066
S28,ph,random_forest,4.91,4.758006355681357,0.15199364431864293,-0.15199364431864293
S29,ph,random_forest,5.03,4.762477842250339,0.2675221577496609,-0.2675221577496609
S3,ph,random_forest,5.04,4.877658275613274,0.16234172438672623,-0.16234172438672623
S30,ph,random_forest,4.89,4.765031312483814,0.12496868751618528,-0.12496868751618528
S4,ph,random_forest,5.1,4.8959182518407545,0.20408174815924518,-0.20408174815924518
S5,ph,random_forest,4.53,4.897013967328969,0.36701396732896896,0.36701396732896896
S6,ph,random_forest,4.91,4.736536189273685,0.17346381072631534,-0.17346381072631534
S7,ph,random_forest,4.75,4.692565831760835,0.057434168239164585,-0.057434168239164585
S8,ph,random_forest,4.91,4.89789813852814,0.012101861471860431,-0.012101861471860431
S9,ph,random_forest,4.51,4.734344684667186,0.22434468466718638,0.22434468466718638
S1,ph,xgboost,4.72,4.623702049255371,0.09629795074462866,-0.09629795074462866
S10,ph,xgboost,4.63,4.824113368988037,0.19411336898803722,0.19411336898803722
S11,ph,xgboost,4.77,4.652432441711426,0.11756755828857379,-0.11756755828857379
S12,ph,xgboost,4.68,4.798677444458008,0.1186774444580081,0.1186774444580081
S13,ph,xgboost,4.53,4.737406253814697,0.20740625381469702,0.20740625381469702
S14,ph,xgboost,4.68,4.7950825691223145,0.11508256912231474,0.11508256912231474
S15,ph,xgboost,4.53,4.792596817016602,0.2625968170166013,0.2625968170166013
S16,ph,xgboost,4.64,4.811331272125244,0.17133127212524446,0.17133127212524446
S17,ph,xgboost,4.71,4.903043270111084,0.19304327011108402,0.19304327011108402
S18,ph,xgboost,4.81,4.671505928039551,0.13849407196044883,-0.13849407196044883
S19,ph,xgboost,4.71,4.770587921142578,0.06058792114257816,0.06058792114257816
S2,ph,xgboost,5.16,4.779411792755127,0.3805882072448732,-0.3805882072448732
S20,ph,xgboost,4.85,4.784487724304199,0.06551227569580043,-0.06551227569580043
S21,ph,xgboost,4.87,4.744387626647949,0.1256123733520509,-0.1256123733520509
S22,ph,xgboost,4.6,4.727213382720947,0.12721338272094762,0.12721338272094762
S23,ph,xgboost,4.97,4.766781806945801,0.20321819305419897,-0.20321819305419897
S24,ph,xgboost,4.71,4.706995487213135,0.003004512786865199,-0.003004512786865199
S25,ph,xgboost,4.79,4.940438747406006,0.15043874740600582,0.15043874740600582
S26,ph,xgboost,4.93,4.902527332305908,0.027472667694091513,-0.027472667694091513
S27,ph,xgboost,4.73,4.9623847007751465,0.23238470077514606,0.23238470077514606
S28,ph,xgboost,4.91,4.74894380569458,0.16105619430542006,-0.16105619430542006
S29,ph,xgboost,5.03,4.808279514312744,0.2217204856872561,-0.2217204856872561
S3,ph,xgboost,5.04,4.914137363433838,0.12586263656616214,-0.12586263656616214
S30,ph,xgboost,4.89,4.753157615661621,0.1368423843383786,-0.1368423843383786
S4,ph,xgboost,5.1,4.904858112335205,0.19514188766479457,-0.19514188766479457
S5,ph,xgboost,4.53,4.872833251953125,0.34283325195312475,0.34283325195312475
S6,ph,xgboost,4.91,4.726502418518066,0.18349758148193374,-0.18349758148193374
S7,ph,xgboost,4.75,4.6849188804626465,0.06508111953735352,-0.06508111953735352
S8,ph,xgboost,4.91,4.956741809844971,0.04674180984497056,0.04674180984497056
S9,ph,xgboost,4.51,4.746737480163574,0.23673748016357443,0.23673748016357443
S1,ph,catboost,4.72,4.657087905516629,0.06291209448337032,-0.06291209448337032
S10,ph,catboost,4.63,4.8264415629804045,0.1964415629804046,0.1964415629804046
S11,ph,catboost,4.77,4.67056186746605,0.09943813253394929,-0.09943813253394929
S12,ph,catboost,4.68,4.808992441628888,0.12899244162888834,0.12899244162888834
S13,ph,catboost,4.53,4.7322119491454595,0.20221194914545926,0.20221194914545926
S14,ph,catboost,4.68,4.811690644461502,0.1316906444615027,0.1316906444615027
S15,ph,catboost,4.53,4.836715678167439,0.30671567816743917,0.30671567816743917
S16,ph,catboost,4.64,4.822145649102448,0.18214564910244846,0.18214564910244846
S17,ph,catboost,4.71,4.880149143915388,0.17014914391538838,0.17014914391538838
S18,ph,catboost,4.81,4.668735508518945,0.14126449148105458,-0.14126449148105458
S19,ph,catboost,4.71,4.79022860113892,0.08022860113891994,0.08022860113891994
S2,ph,catboost,5.16,4.755261510949976,0.4047384890500245,-0.4047384890500245
S20,ph,catboost,4.85,4.794532692046152,0.05546730795384747,-0.05546730795384747
S21,ph,catboost,4.87,4.758710710077639,0.11128928992236098,-0.11128928992236098
S22,ph,catboost,4.6,4.7185535899134905,0.11855358991349085,0.11855358991349085
S23,ph,catboost,4.97,4.760899734800439,0.20910026519956038,-0.20910026519956038
S24,ph,catboost,4.71,4.717781920509808,0.007781920509808415,0.007781920509808415
S25,ph,catboost,4.79,4.930892960156173,0.14089296015617325,0.14089296015617325
S26,ph,catboost,4.93,4.882271628491514,0.04772837150848552,-0.04772837150848552
S27,ph,catboost,4.73,4.944700019345294,0.21470001934529392,0.21470001934529392
S28,ph,catboost,4.91,4.7496385005473565,0.16036149945264366,-0.16036149945264366
S29,ph,catboost,5.03,4.771641834445011,0.2583581655549896,-0.2583581655549896
S3,ph,catboost,5.04,4.9057736457607275,0.13422635423927254,-0.13422635423927254
S30,ph,catboost,4.89,4.761060819390707,0.12893918060929277,-0.12893918060929277
S4,ph,catboost,5.1,4.882364646146668,0.217635353853332,-0.217635353853332
S5,ph,catboost,4.53,4.87659824134533,0.3465982413453297,0.3465982413453297
S6,ph,catboost,4.91,4.739847538870206,0.17015246112979376,-0.17015246112979376
S7,ph,catboost,4.75,4.698969528134714,0.05103047186528631,-0.05103047186528631
S8,ph,catboost,4.91,4.935450128533691,0.025450128533690553,0.025450128533690553
S9,ph,catboost,4.51,4.752777865036978,0.2427778650369783,0.2427778650369783
S1,ph,mean,4.72,4.788965517241378,0.06896551724137812,0.06896551724137812
S10,ph,mean,4.63,4.792068965517242,0.16206896551724181,0.16206896551724181
S11,ph,mean,4.77,4.787241379310344,0.017241379310344307,0.017241379310344307
S12,ph,mean,4.68,4.790344827586207,0.11034482758620712,0.11034482758620712
S13,ph,mean,4.53,4.795517241379309,0.26551724137930854,0.26551724137930854
S14,ph,mean,4.68,4.790344827586207,0.11034482758620712,0.11034482758620712
S15,ph,mean,4.53,4.795517241379309,0.26551724137930854,0.26551724137930854
S16,ph,mean,4.64,4.791724137931034,0.15172413793103434,0.15172413793103434
S17,ph,mean,4.71,4.7893103448275856,0.07931034482758559,0.07931034482758559
S18,ph,mean,4.81,4.785862068965517,0.024137931034482918,-0.024137931034482918
S19,ph,mean,4.71,4.7893103448275856,0.07931034482758559,0.07931034482758559
S2,ph,mean,5.16,4.773793103448275,0.3862068965517249,-0.3862068965517249
S20,ph,mean,4.85,4.784482758620689,0.06551724137931103,-0.06551724137931103
S21,ph,mean,4.87,4.783793103448276,0.0862068965517242,-0.0862068965517242
S22,ph,mean,4.6,4.793103448275861,0.19310344827586157,0.19310344827586157
S23,ph,mean,4.97,4.780344827586206,0.1896551724137936,-0.1896551724137936
S24,ph,mean,4.71,4.7893103448275856,0.07931034482758559,0.07931034482758559
S25,ph,mean,4.79,4.78655172413793,0.0034482758620697496,-0.0034482758620697496
S26,ph,mean,4.93,4.781724137931034,0.14827586206896548,-0.14827586206896548
S27,ph,mean,4.73,4.788620689655172,0.05862068965517153,0.05862068965517153
S28,ph,mean,4.91,4.782413793103447,0.1275862068965532,-0.1275862068965532
S29,ph,mean,5.03,4.778275862068965,0.2517241379310349,-0.2517241379310349
S3,ph,mean,5.04,4.777931034482758,0.26206896551724235,-0.26206896551724235
S30,ph,mean,4.89,4.783103448275861,0.10689655172413826,-0.10689655172413826
S4,ph,mean,5.1,4.775862068965516,0.32413793103448363,-0.32413793103448363
S5,ph,mean,4.53,4.795517241379309,0.26551724137930854,0.26551724137930854
S6,ph,mean,4.91,4.782413793103447,0.1275862068965532,-0.1275862068965532
S7,ph,mean,4.75,4.787931034482758,0.03793103448275836,0.03793103448275836
S8,ph,mean,4.91,4.782413793103448,0.1275862068965523,-0.1275862068965523
S9,ph,mean,4.51,4.796206896551724,0.2862068965517244,0.2862068965517244
S1,ph,nearest_recipe,4.72,4.53,0.1899999999999995,-0.1899999999999995
S10,ph,nearest_recipe,4.63,4.68,0.04999999999999982,0.04999999999999982
S11,ph,nearest_recipe,4.77,4.81,0.040000000000000036,0.040000000000000036
S12,ph,nearest_recipe,4.68,4.63,0.04999999999999982,-0.04999999999999982
S13,ph,nearest_recipe,4.53,4.72,0.1899999999999995,0.1899999999999995
S14,ph,nearest_recipe,4.68,4.72,0.040000000000000036,0.040000000000000036
S15,ph,nearest_recipe,4.53,4.85,0.3199999999999994,0.3199999999999994
S16,ph,nearest_recipe,4.64,4.68,0.040000000000000036,0.040000000000000036
S17,ph,nearest_recipe,4.71,4.6,0.11000000000000032,-0.11000000000000032
S18,ph,nearest_recipe,4.81,4.77,0.040000000000000036,-0.040000000000000036
S19,ph,nearest_recipe,4.71,4.63,0.08000000000000007,-0.08000000000000007
S2,ph,nearest_recipe,5.16,4.68,0.4800000000000004,-0.4800000000000004
S20,ph,nearest_recipe,4.85,4.68,0.16999999999999993,-0.16999999999999993
S21,ph,nearest_recipe,4.87,4.63,0.2400000000000002,-0.2400000000000002
S22,ph,nearest_recipe,4.6,4.72,0.1200000000000001,0.1200000000000001
S23,ph,nearest_recipe,4.97,4.53,0.4399999999999995,-0.4399999999999995
S24,ph,nearest_recipe,4.71,4.53,0.17999999999999972,-0.17999999999999972
S25,ph,nearest_recipe,4.79,5.16,0.3700000000000001,0.3700000000000001
S26,ph,nearest_recipe,4.93,4.68,0.25,-0.25
S27,ph,nearest_recipe,4.73,4.68,0.05000000000000071,-0.05000000000000071
S28,ph,nearest_recipe,4.91,4.63,0.28000000000000025,-0.28000000000000025
S29,ph,nearest_recipe,5.03,4.68,0.35000000000000053,-0.35000000000000053
S3,ph,nearest_recipe,5.04,4.53,0.5099999999999998,-0.5099999999999998
S30,ph,nearest_recipe,4.89,4.63,0.2599999999999998,-0.2599999999999998
S4,ph,nearest_recipe,5.1,4.68,0.41999999999999993,-0.41999999999999993
S5,ph,nearest_recipe,4.53,4.72,0.1899999999999995,0.1899999999999995
S6,ph,nearest_recipe,4.91,4.63,0.28000000000000025,-0.28000000000000025
S7,ph,nearest_recipe,4.75,4.77,0.019999999999999574,0.019999999999999574
S8,ph,nearest_recipe,4.91,4.64,0.27000000000000046,-0.27000000000000046
S9,ph,nearest_recipe,4.51,4.77,0.2599999999999998,0.2599999999999998
S1,malic_acid_mg_g,scheffe_quadratic,3.8145,3.5317525330329795,0.28274746696702024,-0.28274746696702024
S10,malic_acid_mg_g,scheffe_quadratic,3.5381,4.3394813434588615,0.8013813434588615,0.8013813434588615
S11,malic_acid_mg_g,scheffe_quadratic,4.4036,3.0911180620596883,1.3124819379403116,-1.3124819379403116
S12,malic_acid_mg_g,scheffe_quadratic,3.6872,3.99608734545669,0.3088873454566903,0.3088873454566903
S13,malic_acid_mg_g,scheffe_quadratic,3.9981,3.8812307982583465,0.1168692017416535,-0.1168692017416535
S14,malic_acid_mg_g,scheffe_quadratic,4.0127,4.199035754083542,0.18633575408354197,0.18633575408354197
S15,malic_acid_mg_g,scheffe_quadratic,3.7945,3.8615255750826325,0.0670255750826323,0.0670255750826323
S16,malic_acid_mg_g,scheffe_quadratic,3.6454,4.094897240742116,0.4494972407421156,0.4494972407421156
S17,malic_acid_mg_g,scheffe_quadratic,2.729,3.9817903446249496,1.2527903446249495,1.2527903446249495
S18,malic_acid_mg_g,scheffe_quadratic,3.5981,3.9612378282104084,0.3631378282104083,0.3631378282104083
S19,malic_acid_mg_g,scheffe_quadratic,4.2072,3.6867433188063385,0.5204566811936617,-0.5204566811936617
S2,malic_acid_mg_g,scheffe_quadratic,3.8945,4.388633135323244,0.4941331353232439,0.4941331353232439
S20,malic_acid_mg_g,scheffe_quadratic,3.7545,3.8739700388221605,0.11947003882216034,0.11947003882216034
S21,malic_acid_mg_g,scheffe_quadratic,3.8309,3.8846387713146235,0.053738771314623346,0.053738771314623346
S22,malic_acid_mg_g,scheffe_quadratic,3.6581,3.0139518509324694,0.6441481490675307,-0.6441481490675307
S23,malic_acid_mg_g,scheffe_quadratic,4.3945,3.131677243387128,1.2628227566128718,-1.2628227566128718
S24,malic_acid_mg_g,scheffe_quadratic,3.2018,3.977826855748353,0.776026855748353,0.776026855748353
S25,malic_acid_mg_g,scheffe_quadratic,4.0054,4.476592929588536,0.4711929295885362,0.4711929295885362
S26,malic_acid_mg_g,scheffe_quadratic,3.989,3.6810283006092037,0.30797169939079616,-0.30797169939079616
S27,malic_acid_mg_g,scheffe_quadratic,5.0181,3.773893494316444,1.2442065056835556,-1.2442065056835556
S28,malic_acid_mg_g,scheffe_quadratic,4.3963,3.849816099716996,0.546483900283004,-0.546483900283004
S29,malic_acid_mg_g,scheffe_quadratic,4.0581,3.7931704177764596,0.26492958222354,-0.26492958222354
S3,malic_acid_mg_g,scheffe_quadratic,3.7127,3.8376806968004584,0.12498069680045854,0.12498069680045854
S30,malic_acid_mg_g,scheffe_quadratic,4.2309,4.32789761227146,0.0969976122714602,0.0969976122714602
S4,malic_acid_mg_g,scheffe_quadratic,3.32,3.996705634783083,0.6767056347830831,0.6767056347830831
S5,malic_acid_mg_g,scheffe_quadratic,3.6672,3.959438070988932,0.2922380709889323,0.2922380709889323
S6,malic_acid_mg_g,scheffe_quadratic,4.9345,3.989135548465734,0.9453644515342661,-0.9453644515342661
S7,malic_acid_mg_g,scheffe_quadratic,3.7763,3.875727489086327,0.09942748908632693,0.09942748908632693
S8,malic_acid_mg_g,scheffe_quadratic,4.0218,3.7826060099238066,0.23919399007619324,-0.23919399007619324
S9,malic_acid_mg_g,scheffe_quadratic,2.961,4.351563601596185,1.390563601596185,1.390563601596185
S1,malic_acid_mg_g,ridge_a,3.8145,3.7855280866261025,0.028971913373897262,-0.028971913373897262
S10,malic_acid_mg_g,ridge_a,3.5381,4.118343629485307,0.5802436294853068,0.5802436294853068
S11,malic_acid_mg_g,ridge_a,4.4036,3.6252993211948232,0.7783006788051767,-0.7783006788051767
S12,malic_acid_mg_g,ridge_a,3.6872,4.023726749834624,0.33652674983462383,0.33652674983462383
S13,malic_acid_mg_g,ridge_a,3.9981,3.7635085167418465,0.2345914832581535,-0.2345914832581535
S14,malic_acid_mg_g,ridge_a,4.0127,3.911640505461866,0.10105949453813379,-0.10105949453813379
S15,malic_acid_mg_g,ridge_a,3.7945,3.591844183110353,0.20265581688964707,-0.20265581688964707
S16,malic_acid_mg_g,ridge_a,3.6454,3.8749211190186923,0.22952111901869232,0.22952111901869232
S17,malic_acid_mg_g,ridge_a,2.729,3.8322363578580125,1.1032363578580124,1.1032363578580124
S18,malic_acid_mg_g,ridge_a,3.5981,3.825971900754256,0.227871900754256,0.227871900754256
S19,malic_acid_mg_g,ridge_a,4.2072,3.8773542917315185,0.3298457082684818,-0.3298457082684818
S2,malic_acid_mg_g,ridge_a,3.8945,4.070760797041063,0.17626079704106346,0.17626079704106346
S20,malic_acid_mg_g,ridge_a,3.7545,3.8199906785565094,0.06549067855650925,0.06549067855650925
S21,malic_acid_mg_g,ridge_a,3.8309,3.8715616619116164,0.04066166191161624,0.04066166191161624
S22,malic_acid_mg_g,ridge_a,3.6581,3.7548951155928023,0.09679511559280218,0.09679511559280218
S23,malic_acid_mg_g,ridge_a,4.3945,3.4543982518034735,0.9401017481965264,-0.9401017481965264
S24,malic_acid_mg_g,ridge_a,3.2018,3.7335025431235893,0.5317025431235893,0.5317025431235893
S25,malic_acid_mg_g,ridge_a,4.0054,4.215333007366888,0.2099330073668879,0.2099330073668879
S26,malic_acid_mg_g,ridge_a,3.989,4.1540199350323475,0.16501993503234758,0.16501993503234758
S27,malic_acid_mg_g,ridge_a,5.0181,3.9103059512715115,1.107794048728488,-1.107794048728488
S28,malic_acid_mg_g,ridge_a,4.3963,4.131095397823908,0.2652046021760919,-0.2652046021760919
S29,malic_acid_mg_g,ridge_a,4.0581,3.8490988830326596,0.20900111696734003,-0.20900111696734003
S3,malic_acid_mg_g,ridge_a,3.7127,3.7700012796742057,0.05730127967420584,0.05730127967420584
S30,malic_acid_mg_g,ridge_a,4.2309,4.033250137321092,0.19764986267890805,-0.19764986267890805
S4,malic_acid_mg_g,ridge_a,3.32,4.032510605736923,0.7125106057369233,0.7125106057369233
S5,malic_acid_mg_g,ridge_a,3.6672,3.975904593339658,0.3087045933396584,0.3087045933396584
S6,malic_acid_mg_g,ridge_a,4.9345,3.847011232360333,1.087488767639667,-1.087488767639667
S7,malic_acid_mg_g,ridge_a,3.7763,3.7364296620501882,0.03987033794981176,-0.03987033794981176
S8,malic_acid_mg_g,ridge_a,4.0218,3.794831414277789,0.226968585722211,-0.226968585722211
S9,malic_acid_mg_g,ridge_a,2.961,4.0658081901681715,1.1048081901681717,1.1048081901681717
S1,malic_acid_mg_g,ridge_b_no_intercept,3.8145,3.33869731091897,0.47580268908102985,-0.47580268908102985
S10,malic_acid_mg_g,ridge_b_no_intercept,3.5381,3.5069622902896196,0.031137709710380435,-0.031137709710380435
S11,malic_acid_mg_g,ridge_b_no_intercept,4.4036,3.289881704297482,1.113718295702518,-1.113718295702518
S12,malic_acid_mg_g,ridge_b_no_intercept,3.6872,3.4628523072868735,0.22434769271312627,-0.22434769271312627
S13,malic_acid_mg_g,ridge_b_no_intercept,3.9981,3.349795033733565,0.6483049662664349,-0.6483049662664349
S14,malic_acid_mg_g,ridge_b_no_intercept,4.0127,3.409893564000515,0.6028064359994847,-0.6028064359994847
S15,malic_acid_mg_g,ridge_b_no_intercept,3.7945,3.2611884705842145,0.5333115294157857,-0.5333115294157857
S16,malic_acid_mg_g,ridge_b_no_intercept,3.6454,3.4084581650088634,0.23694183499113652,-0.23694183499113652
S17,malic_acid_mg_g,ridge_b_no_intercept,2.729,3.3668218629274578,0.6378218629274577,0.6378218629274577
S18,malic_acid_mg_g,ridge_b_no_intercept,3.5981,3.3873723079553066,0.21072769204469344,-0.21072769204469344
S19,malic_acid_mg_g,ridge_b_no_intercept,4.2072,3.398721266679332,0.8084787333206682,-0.8084787333206682
S2,malic_acid_mg_g,ridge_b_no_intercept,3.8945,3.4560427106494105,0.43845728935058936,-0.43845728935058936
S20,malic_acid_mg_g,ridge_b_no_intercept,3.7545,3.3726750868115407,0.38182491318845946,-0.38182491318845946
S21,malic_acid_mg_g,ridge_b_no_intercept,3.8309,3.4074112645120476,0.42348873548795263,-0.42348873548795263
S22,malic_acid_mg_g,ridge_b_no_intercept,3.6581,3.314888374019224,0.34321162598077626,-0.34321162598077626
S23,malic_acid_mg_g,ridge_b_no_intercept,4.3945,3.189290076774344,1.205209923225656,-1.205209923225656
S24,malic_acid_mg_g,ridge_b_no_intercept,3.2018,3.3405801429818602,0.13878014298186025,0.13878014298186025
S25,malic_acid_mg_g,ridge_b_no_intercept,4.0054,3.500360866697818,0.5050391333021818,-0.5050391333021818
S26,malic_acid_mg_g,ridge_b_no_intercept,3.989,3.4759379373535944,0.5130620626464055,-0.5130620626464055
S27,malic_acid_mg_g,ridge_b_no_intercept,5.0181,3.383206305457964,1.6348936945420354,-1.6348936945420354
S28,malic_acid_mg_g,ridge_b_no_intercept,4.3963,3.476826436220171,0.919473563779829,-0.919473563779829
S29,malic_acid_mg_g,ridge_b_no_intercept,4.0581,3.3698816856044935,0.6882183143955061,-0.6882183143955061
S3,malic_acid_mg_g,ridge_b_no_intercept,3.7127,3.321468946109599,0.3912310538904009,-0.3912310538904009
S30,malic_acid_mg_g,ridge_b_no_intercept,4.2309,3.460793755946307,0.770106244053693,-0.770106244053693
S4,malic_acid_mg_g,ridge_b_no_intercept,3.32,3.446896423343255,0.12689642334325502,0.12689642334325502
S5,malic_acid_mg_g,ridge_b_no_intercept,3.6672,3.4043400429739323,0.26285995702606746,-0.26285995702606746
S6,malic_acid_mg_g,ridge_b_no_intercept,4.9345,3.3803463893382553,1.5541536106617446,-1.5541536106617446
S7,malic_acid_mg_g,ridge_b_no_intercept,3.7763,3.3485633365476244,0.4277366634523756,-0.4277366634523756
S8,malic_acid_mg_g,ridge_b_no_intercept,4.0218,3.3466550137057016,0.6751449862942982,-0.6751449862942982
S9,malic_acid_mg_g,ridge_b_no_intercept,2.961,3.4838612356612892,0.5228612356612894,0.5228612356612894
S1,malic_acid_mg_g,pls,3.8145,3.7833439683218177,0.03115603167818204,-0.03115603167818204
S10,malic_acid_mg_g,pls,3.5381,4.124250604949814,0.5861506049498137,0.5861506049498137
S11,malic_acid_mg_g,pls,4.4036,3.610986007592025,0.7926139924079751,-0.7926139924079751
S12,malic_acid_mg_g,pls,3.6872,4.027675198646056,0.3404751986460566,0.3404751986460566
S13,malic_acid_mg_g,pls,3.9981,3.7591925646885693,0.23890743531143066,-0.23890743531143066
S14,malic_acid_mg_g,pls,4.0127,3.9130036763539193,0.09969632364608039,-0.09969632364608039
S15,malic_acid_mg_g,pls,3.7945,3.5830843655044498,0.21141563449555045,-0.21141563449555045
S16,malic_acid_mg_g,pls,3.6454,3.874785178532886,0.22938517853288598,0.22938517853288598
S17,malic_acid_mg_g,pls,2.729,3.833412181315994,1.1044121813159937,1.1044121813159937
S18,malic_acid_mg_g,pls,3.5981,3.822639905190793,0.22453990519079303,0.22453990519079303
S19,malic_acid_mg_g,pls,4.2072,3.8729457392128466,0.3342542607871537,-0.3342542607871537
S2,malic_acid_mg_g,pls,3.8945,4.078628914084674,0.18412891408467402,0.18412891408467402
S20,malic_acid_mg_g,pls,3.7545,3.8183356113713116,0.06383561137131144,0.06383561137131144
S21,malic_acid_mg_g,pls,3.8309,3.8701541124973784,0.0392541124973782,0.0392541124973782
S22,malic_acid_mg_g,pls,3.6581,3.753538206161469,0.09543820616146892,0.09543820616146892
S23,malic_acid_mg_g,pls,4.3945,3.4430495509945103,0.9514504490054896,-0.9514504490054896
S24,malic_acid_mg_g,pls,3.2018,3.7289142399126214,0.5271142399126214,0.5271142399126214
S25,malic_acid_mg_g,pls,4.0054,4.227003358937104,0.22160335893710403,0.22160335893710403
S26,malic_acid_mg_g,pls,3.989,4.1630901115370555,0.17409011153705567,0.17409011153705567
S27,malic_acid_mg_g,pls,5.0181,3.912148305467767,1.1059516945322327,-1.1059516945322327
S28,malic_acid_mg_g,pls,4.3963,4.138735608535308,0.2575643914646921,-0.2575643914646921
S29,malic_acid_mg_g,pls,4.0581,3.849676927443723,0.2084230725562768,-0.2084230725562768
S3,malic_acid_mg_g,pls,3.7127,3.768796954526416,0.056096954526416276,0.056096954526416276
S30,malic_acid_mg_g,pls,4.2309,4.038127019220078,0.1927729807799219,-0.1927729807799219
S4,malic_acid_mg_g,pls,3.32,4.038875589212641,0.7188755892126415,0.7188755892126415
S5,malic_acid_mg_g,pls,3.6672,3.981333181907205,0.3141331819072053,0.3141331819072053
S6,malic_acid_mg_g,pls,4.9345,3.8448045125030084,1.0896954874969915,-1.0896954874969915
S7,malic_acid_mg_g,pls,3.7763,3.731116510211179,0.04518348978882081,-0.04518348978882081
S8,malic_acid_mg_g,pls,4.0218,3.7938121483373854,0.22798785166261437,-0.22798785166261437
S9,malic_acid_mg_g,pls,2.961,4.082434745984251,1.1214347459842515,1.1214347459842515
S1,malic_acid_mg_g,gpr,3.8145,3.8772241272536743,0.06272412725367449,0.06272412725367449
S10,malic_acid_mg_g,gpr,3.5381,3.886756445079815,0.34865644507981486,0.34865644507981486
S11,malic_acid_mg_g,gpr,4.4036,3.855151913727797,0.5484480862722028,-0.5484480862722028
S12,malic_acid_mg_g,gpr,3.6872,3.881613796592744,0.19441379659274416,0.19441379659274416
S13,malic_acid_mg_g,gpr,3.9981,3.8708931192252067,0.12720688077479325,-0.12720688077479325
S14,malic_acid_mg_g,gpr,4.0127,3.8703897178178335,0.14231028218216624,-0.14231028218216624
S15,malic_acid_mg_g,gpr,3.7945,3.877913864452096,0.08341386445209586,0.08341386445209586
S16,malic_acid_mg_g,gpr,3.6454,3.883092367316277,0.23769236731627696,0.23769236731627696
S17,malic_acid_mg_g,gpr,2.729,3.9146551683398014,1.1856551683398013,1.1856551683398013
S18,malic_acid_mg_g,gpr,3.5981,3.8846862268066307,0.2865862268066306,0.2865862268066306
S19,malic_acid_mg_g,gpr,4.2072,3.863682371810455,0.3435176281895451,-0.3435176281895451
S2,malic_acid_mg_g,gpr,3.8945,3.8744655580110066,0.02003444198899329,-0.02003444198899329
S20,malic_acid_mg_g,gpr,3.7545,3.879293083788102,0.12479308378810172,0.12479308378810172
S21,malic_acid_mg_g,gpr,3.8309,3.876658640130285,0.04575864013028497,0.04575864013028497
S22,malic_acid_mg_g,gpr,3.6581,3.882617234355885,0.224517234355885,0.224517234355885
S23,malic_acid_mg_g,gpr,4.3945,3.8086259477307474,0.5858740522692525,-0.5858740522692525
S24,malic_acid_mg_g,gpr,3.2018,3.8983517133270706,0.6965517133270707,0.6965517133270707
S25,malic_acid_mg_g,gpr,4.0054,3.870641516790864,0.13475848320913597,-0.13475848320913597
S26,malic_acid_mg_g,gpr,3.989,3.8712069446962727,0.11779305530372719,-0.11779305530372719
S27,malic_acid_mg_g,gpr,5.0181,3.8357206954228613,1.1823793045771382,-1.1823793045771382
S28,malic_acid_mg_g,gpr,4.3963,3.8571621001759686,0.5391378998240315,-0.5391378998240315
S29,malic_acid_mg_g,gpr,4.0581,3.868824107227296,0.18927589277270362,-0.18927589277270362
S3,malic_acid_mg_g,gpr,3.7127,3.8807344748785675,0.1680344748785676,0.1680344748785676
S30,malic_acid_mg_g,gpr,4.2309,3.8628678962175202,0.36803210378247986,-0.36803210378247986
S4,malic_acid_mg_g,gpr,3.32,3.894275897122876,0.5742758971228761,0.5742758971228761
S5,malic_acid_mg_g,gpr,3.6672,3.882303358072941,0.21510335807294112,0.21510335807294112
S6,malic_acid_mg_g,gpr,4.9345,3.838603461134806,1.095896538865194,-1.095896538865194
S7,malic_acid_mg_g,gpr,3.7763,3.8785413661791557,0.10224136617915569,0.10224136617915569
S8,malic_acid_mg_g,gpr,4.0218,3.8700757668103383,0.15172423318966155,-0.15172423318966155
S9,malic_acid_mg_g,gpr,2.961,3.9066551844290958,0.9456551844290959,0.9456551844290959
S1,malic_acid_mg_g,random_forest,3.8145,3.7059575481842217,0.10854245181577804,-0.10854245181577804
S10,malic_acid_mg_g,random_forest,3.5381,4.111039604473306,0.5729396044733059,0.5729396044733059
S11,malic_acid_mg_g,random_forest,4.4036,3.615448265748143,0.7881517342518571,-0.7881517342518571
S12,malic_acid_mg_g,random_forest,3.6872,3.99730875979576,0.31010875979576014,0.31010875979576014
S13,malic_acid_mg_g,random_forest,3.9981,3.6912198834683796,0.3068801165316204,-0.3068801165316204
S14,malic_acid_mg_g,random_forest,4.0127,3.974928580693379,0.03777141930662076,-0.03777141930662076
S15,malic_acid_mg_g,random_forest,3.7945,3.5883885829605613,0.20611141703943892,-0.20611141703943892
S16,malic_acid_mg_g,random_forest,3.6454,4.155790699227624,0.5103906992276239,0.5103906992276239
S17,malic_acid_mg_g,random_forest,2.729,3.821678694929144,1.0926786949291438,1.0926786949291438
S18,malic_acid_mg_g,random_forest,3.5981,3.8989262675565213,0.3008262675565212,0.3008262675565212
S19,malic_acid_mg_g,random_forest,4.2072,3.8690389704591697,0.3381610295408306,-0.3381610295408306
S2,malic_acid_mg_g,random_forest,3.8945,4.081683191191217,0.18718319119121674,0.18718319119121674
S20,malic_acid_mg_g,random_forest,3.7545,3.684523212318236,0.0699767876817643,-0.0699767876817643
S21,malic_acid_mg_g,random_forest,3.8309,3.940089683251931,0.10918968325193079,0.10918968325193079
S22,malic_acid_mg_g,random_forest,3.6581,3.79258849033929,0.13448849033928978,0.13448849033928978
S23,malic_acid_mg_g,random_forest,4.3945,3.4868835756391747,0.9076164243608251,-0.9076164243608251
S24,malic_acid_mg_g,random_forest,3.2018,3.7884338766021015,0.5866338766021015,0.5866338766021015
S25,malic_acid_mg_g,random_forest,4.0054,4.199137023341472,0.19373702334147236,0.19373702334147236
S26,malic_acid_mg_g,random_forest,3.989,3.9440841641774886,0.04491583582251124,-0.04491583582251124
S27,malic_acid_mg_g,random_forest,5.0181,3.918949352677876,1.0991506473221238,-1.0991506473221238
S28,malic_acid_mg_g,random_forest,4.3963,3.8709771251202496,0.5253228748797505,-0.5253228748797505
S29,malic_acid_mg_g,random_forest,4.0581,3.9170860858345367,0.14101391416546294,-0.14101391416546294
S3,malic_acid_mg_g,random_forest,3.7127,3.753176520565546,0.04047652056554618,0.04047652056554618
S30,malic_acid_mg_g,random_forest,4.2309,4.102716183932733,0.12818381606726703,-0.12818381606726703
S4,malic_acid_mg_g,random_forest,3.32,3.8951169347522856,0.5751169347522858,0.5751169347522858
S5,malic_acid_mg_g,random_forest,3.6672,4.0729250258806005,0.40572502588060066,0.40572502588060066
S6,malic_acid_mg_g,random_forest,4.9345,3.881489459718984,1.053010540281016,-1.053010540281016
S7,malic_acid_mg_g,random_forest,3.7763,3.870984937698413,0.09468493769841313,0.09468493769841313
S8,malic_acid_mg_g,random_forest,4.0218,3.770073915464164,0.2517260845358358,-0.2517260845358358
S9,malic_acid_mg_g,random_forest,2.961,3.993500381622083,1.032500381622083,1.032500381622083
S1,malic_acid_mg_g,xgboost,3.8145,3.724282741546631,0.09021725845336892,-0.09021725845336892
S10,malic_acid_mg_g,xgboost,3.5381,4.1544694900512695,0.6163694900512695,0.6163694900512695
S11,malic_acid_mg_g,xgboost,4.4036,3.5258231163024902,0.8777768836975097,-0.8777768836975097
S12,malic_acid_mg_g,xgboost,3.6872,4.004384994506836,0.3171849945068361,0.3171849945068361
S13,malic_acid_mg_g,xgboost,3.9981,3.6934945583343506,0.3046054416656494,-0.3046054416656494
S14,malic_acid_mg_g,xgboost,4.0127,4.071468353271484,0.058768353271484663,0.058768353271484663
S15,malic_acid_mg_g,xgboost,3.7945,3.8395557403564453,0.045055740356445106,0.045055740356445106
S16,malic_acid_mg_g,xgboost,3.6454,4.300686359405518,0.6552863594055176,0.6552863594055176
S17,malic_acid_mg_g,xgboost,2.729,3.716378688812256,0.9873786888122558,0.9873786888122558
S18,malic_acid_mg_g,xgboost,3.5981,4.089504718780518,0.4914047187805175,0.4914047187805175
S19,malic_acid_mg_g,xgboost,4.2072,3.8568103313446045,0.3503896686553958,-0.3503896686553958
S2,malic_acid_mg_g,xgboost,3.8945,4.021218299865723,0.1267182998657228,0.1267182998657228
S20,malic_acid_mg_g,xgboost,3.7545,3.508157253265381,0.2463427467346193,-0.2463427467346193
S21,malic_acid_mg_g,xgboost,3.8309,4.010581016540527,0.17968101654052715,0.17968101654052715
S22,malic_acid_mg_g,xgboost,3.6581,3.6893019676208496,0.03120196762084948,0.03120196762084948
S23,malic_acid_mg_g,xgboost,4.3945,3.5976455211639404,0.7968544788360594,-0.7968544788360594
S24,malic_acid_mg_g,xgboost,3.2018,3.761187791824341,0.5593877918243408,0.5593877918243408
S25,malic_acid_mg_g,xgboost,4.0054,4.292913436889648,0.2875134368896486,0.2875134368896486
S26,malic_acid_mg_g,xgboost,3.989,3.9961085319519043,0.007108531951904418,0.007108531951904418
S27,malic_acid_mg_g,xgboost,5.0181,3.944897174835205,1.0732028251647945,-1.0732028251647945
S28,malic_acid_mg_g,xgboost,4.3963,3.8540971279144287,0.5422028720855714,-0.5422028720855714
S29,malic_acid_mg_g,xgboost,4.0581,3.8503360748291016,0.20776392517089803,-0.20776392517089803
S3,malic_acid_mg_g,xgboost,3.7127,3.9334797859191895,0.22077978591918956,0.22077978591918956
S30,malic_acid_mg_g,xgboost,4.2309,4.133371829986572,0.09752817001342784,-0.09752817001342784
S4,malic_acid_mg_g,xgboost,3.32,3.7435946464538574,0.4235946464538576,0.4235946464538576
S5,malic_acid_mg_g,xgboost,3.6672,4.055516242980957,0.38831624298095724,0.38831624298095724
S6,malic_acid_mg_g,xgboost,4.9345,3.9803686141967773,0.9541313858032225,-0.9541313858032225
S7,malic_acid_mg_g,xgboost,3.7763,3.9796488285064697,0.20334882850646974,0.20334882850646974
S8,malic_acid_mg_g,xgboost,4.0218,3.7201414108276367,0.3016585891723631,-0.3016585891723631
S9,malic_acid_mg_g,xgboost,2.961,3.9296176433563232,0.9686176433563234,0.9686176433563234
S1,malic_acid_mg_g,catboost,3.8145,3.7706522099014195,0.04384779009858031,-0.04384779009858031
S10,malic_acid_mg_g,catboost,3.5381,4.152755040843688,0.6146550408436884,0.6146550408436884
S11,malic_acid_mg_g,catboost,4.4036,3.6489406047411617,0.7546593952588383,-0.7546593952588383
S12,malic_acid_mg_g,catboost,3.6872,4.0484463990771955,0.3612463990771957,0.3612463990771957
S13,malic_acid_mg_g,catboost,3.9981,3.7964890385103534,0.20161096148964663,-0.20161096148964663
S14,malic_acid_mg_g,catboost,4.0127,3.9607391375025327,0.05196086249746701,-0.05196086249746701
S15,malic_acid_mg_g,catboost,3.7945,3.8390072027969406,0.044507202796940426,0.044507202796940426
S16,malic_acid_mg_g,catboost,3.6454,4.192054018586005,0.5466540185860054,0.5466540185860054
S17,malic_acid_mg_g,catboost,2.729,3.803580148470819,1.0745801484708188,1.0745801484708188
S18,malic_acid_mg_g,catboost,3.5981,4.096663422522081,0.49856342252208075,0.49856342252208075
S19,malic_acid_mg_g,catboost,4.2072,3.9865608471048066,0.22063915289519365,-0.22063915289519365
S2,malic_acid_mg_g,catboost,3.8945,4.007032545655677,0.11253254565567694,0.11253254565567694
S20,malic_acid_mg_g,catboost,3.7545,3.63713857193794,0.11736142806206029,-0.11736142806206029
S21,malic_acid_mg_g,catboost,3.8309,4.017582742570306,0.18668274257030548,0.18668274257030548
S22,malic_acid_mg_g,catboost,3.6581,3.692707192126782,0.03460719212678187,0.03460719212678187
S23,malic_acid_mg_g,catboost,4.3945,3.4966986844784183,0.8978013155215816,-0.8978013155215816
S24,malic_acid_mg_g,catboost,3.2018,3.7693093510023576,0.5675093510023577,0.5675093510023577
S25,malic_acid_mg_g,catboost,4.0054,4.282286363842907,0.2768863638429071,0.2768863638429071
S26,malic_acid_mg_g,catboost,3.989,3.998953457043518,0.009953457043518021,0.009953457043518021
S27,malic_acid_mg_g,catboost,5.0181,3.8889449015895003,1.1291550984104992,-1.1291550984104992
S28,malic_acid_mg_g,catboost,4.3963,3.8996655779148695,0.49663442208513064,-0.49663442208513064
S29,malic_acid_mg_g,catboost,4.0581,3.859876168017004,0.19822383198299542,-0.19822383198299542
S3,malic_acid_mg_g,catboost,3.7127,3.876251611086844,0.16355161108684424,0.16355161108684424
S30,malic_acid_mg_g,catboost,4.2309,4.13283456141078,0.09806543858922012,-0.09806543858922012
S4,malic_acid_mg_g,catboost,3.32,3.876535621439351,0.5565356214393513,0.5565356214393513
S5,malic_acid_mg_g,catboost,3.6672,3.992752006869917,0.32555200686991714,0.32555200686991714
S6,malic_acid_mg_g,catboost,4.9345,3.941273815986097,0.9932261840139027,-0.9932261840139027
S7,malic_acid_mg_g,catboost,3.7763,3.94669629781509,0.17039629781509014,0.17039629781509014
S8,malic_acid_mg_g,catboost,4.0218,3.725963332032763,0.2958366679672366,-0.2958366679672366
S9,malic_acid_mg_g,catboost,2.961,4.082994058532132,1.1219940585321324,1.1219940585321324
S1,malic_acid_mg_g,mean,3.8145,3.877224137931034,0.06272413793103437,0.06272413793103437
S10,malic_acid_mg_g,mean,3.5381,3.886755172413793,0.34865517241379296,0.34865517241379296
S11,malic_acid_mg_g,mean,4.4036,3.856910344827586,0.5466896551724139,-0.5466896551724139
S12,malic_acid_mg_g,mean,3.6872,3.8816137931034485,0.19441379310344864,0.19441379310344864
S13,malic_acid_mg_g,mean,3.9981,3.870893103448276,0.12720689655172412,-0.12720689655172412
S14,malic_acid_mg_g,mean,4.0127,3.8703896551724135,0.1423103448275862,-0.1423103448275862
S15,malic_acid_mg_g,mean,3.7945,3.8779137931034486,0.08341379310344843,0.08341379310344843
S16,malic_acid_mg_g,mean,3.6454,3.883055172413793,0.2376551724137932,0.2376551724137932
S17,malic_acid_mg_g,mean,2.729,3.914655172413793,1.1856551724137927,1.1856551724137927
S18,malic_acid_mg_g,mean,3.5981,3.8846862068965513,0.28658620689655123,0.28658620689655123
S19,malic_acid_mg_g,mean,4.2072,3.8636827586206897,0.3435172413793106,-0.3435172413793106
S2,malic_acid_mg_g,mean,3.8945,3.8744655172413798,0.020034482758620076,-0.020034482758620076
S20,malic_acid_mg_g,mean,3.7545,3.879293103448276,0.12479310344827566,0.12479310344827566
S21,malic_acid_mg_g,mean,3.8309,3.876658620689655,0.04575862068965497,0.04575862068965497
S22,malic_acid_mg_g,mean,3.6581,3.8826172413793105,0.2245172413793104,0.2245172413793104
S23,malic_acid_mg_g,mean,4.3945,3.857224137931035,0.5372758620689648,-0.5372758620689648
S24,malic_acid_mg_g,mean,3.2018,3.898351724137931,0.6965517241379309,0.6965517241379309
S25,malic_acid_mg_g,mean,4.0054,3.870641379310345,0.13475862068965494,-0.13475862068965494
S26,malic_acid_mg_g,mean,3.989,3.8712068965517243,0.11779310344827554,-0.11779310344827554
S27,malic_acid_mg_g,mean,5.0181,3.8357206896551723,1.1823793103448272,-1.1823793103448272
S28,malic_acid_mg_g,mean,4.3963,3.857162068965517,0.539137931034483,-0.539137931034483
S29,malic_acid_mg_g,mean,4.0581,3.868824137931034,0.1892758620689654,-0.1892758620689654
S3,malic_acid_mg_g,mean,3.7127,3.8807344827586205,0.16803448275862065,0.16803448275862065
S30,malic_acid_mg_g,mean,4.2309,3.8628655172413793,0.36803448275862083,-0.36803448275862083
S4,malic_acid_mg_g,mean,3.32,3.8942758620689655,0.5742758620689656,0.5742758620689656
S5,malic_acid_mg_g,mean,3.6672,3.882303448275862,0.21510344827586225,0.21510344827586225
S6,malic_acid_mg_g,mean,4.9345,3.8386034482758618,1.0958965517241381,-1.0958965517241381
S7,malic_acid_mg_g,mean,3.7763,3.8785413793103443,0.10224137931034427,0.10224137931034427
S8,malic_acid_mg_g,mean,4.0218,3.870075862068965,0.15172413793103479,-0.15172413793103479
S9,malic_acid_mg_g,mean,2.961,3.906655172413793,0.9456551724137929,0.9456551724137929
S1,malic_acid_mg_g,nearest_recipe,3.8145,3.9981,0.1836000000000002,0.1836000000000002
S10,malic_acid_mg_g,nearest_recipe,3.5381,3.6872,0.1490999999999998,0.1490999999999998
S11,malic_acid_mg_g,nearest_recipe,4.4036,3.5981,0.8054999999999999,-0.8054999999999999
S12,malic_acid_mg_g,nearest_recipe,3.6872,3.5381,0.1490999999999998,-0.1490999999999998
S13,malic_acid_mg_g,nearest_recipe,3.9981,3.8145,0.1836000000000002,-0.1836000000000002
S14,malic_acid_mg_g,nearest_recipe,4.0127,3.8145,0.19819999999999993,-0.19819999999999993
S15,malic_acid_mg_g,nearest_recipe,3.7945,3.7545,0.040000000000000036,-0.040000000000000036
S16,malic_acid_mg_g,nearest_recipe,3.6454,3.6872,0.04179999999999984,0.04179999999999984
S17,malic_acid_mg_g,nearest_recipe,2.729,3.6581,0.9291,0.9291
S18,malic_acid_mg_g,nearest_recipe,3.5981,4.4036,0.8054999999999999,0.8054999999999999
S19,malic_acid_mg_g,nearest_recipe,4.2072,3.5381,0.6691000000000003,-0.6691000000000003
S2,malic_acid_mg_g,nearest_recipe,3.8945,4.0127,0.11819999999999986,0.11819999999999986
S20,malic_acid_mg_g,nearest_recipe,3.7545,3.6872,0.06730000000000036,-0.06730000000000036
S21,malic_acid_mg_g,nearest_recipe,3.8309,3.5381,0.29280000000000017,-0.29280000000000017
S22,malic_acid_mg_g,nearest_recipe,3.6581,3.8145,0.15639999999999965,0.15639999999999965
S23,malic_acid_mg_g,nearest_recipe,4.3945,3.7945,0.5999999999999996,-0.5999999999999996
S24,malic_acid_mg_g,nearest_recipe,3.2018,3.7945,0.5927000000000002,0.5927000000000002
S25,malic_acid_mg_g,nearest_recipe,4.0054,3.8945,0.1109,-0.1109
S26,malic_acid_mg_g,nearest_recipe,3.989,3.6872,0.30180000000000007,-0.30180000000000007
S27,malic_acid_mg_g,nearest_recipe,5.0181,3.6872,1.3308999999999997,-1.3308999999999997
S28,malic_acid_mg_g,nearest_recipe,4.3963,3.5381,0.8582000000000001,-0.8582000000000001
S29,malic_acid_mg_g,nearest_recipe,4.0581,4.0127,0.045399999999999885,-0.045399999999999885
S3,malic_acid_mg_g,nearest_recipe,3.7127,3.7945,0.08180000000000032,0.08180000000000032
S30,malic_acid_mg_g,nearest_recipe,4.2309,3.5381,0.6928000000000001,-0.6928000000000001
S4,malic_acid_mg_g,nearest_recipe,3.32,3.6872,0.36719999999999997,0.36719999999999997
S5,malic_acid_mg_g,nearest_recipe,3.6672,3.8145,0.1473,0.1473
S6,malic_acid_mg_g,nearest_recipe,4.9345,3.5381,1.3963999999999999,-1.3963999999999999
S7,malic_acid_mg_g,nearest_recipe,3.7763,4.4036,0.6273,0.6273
S8,malic_acid_mg_g,nearest_recipe,4.0218,3.6454,0.37639999999999985,-0.37639999999999985
S9,malic_acid_mg_g,nearest_recipe,2.961,4.4036,1.4426,1.4426
S1,citric_acid_mg_g,scheffe_quadratic,2.5607,4.520250539482895,1.9595505394828945,1.9595505394828945
S10,citric_acid_mg_g,scheffe_quadratic,0.8761,3.884674274943558,3.008574274943558,3.008574274943558
S11,citric_acid_mg_g,scheffe_quadratic,1.3387,4.711998938796271,3.373298938796271,3.373298938796271
S12,citric_acid_mg_g,scheffe_quadratic,4.7794,4.149676152407906,0.6297238475920937,-0.6297238475920937
S13,citric_acid_mg_g,scheffe_quadratic,1.0428,3.541095472375554,2.4982954723755544,2.4982954723755544
S14,citric_acid_mg_g,scheffe_quadratic,2.2688,2.7066159995079384,0.43781599950793826,0.43781599950793826
S15,citric_acid_mg_g,scheffe_quadratic,2.5135,7.747592049921653,5.234092049921653,5.234092049921653
S16,citric_acid_mg_g,scheffe_quadratic,2.3591,3.556621443266197,1.1975214432661967,1.1975214432661967
S17,citric_acid_mg_g,scheffe_quadratic,3.3591,4.216110953920401,0.8570109539204007,0.8570109539204007
S18,citric_acid_mg_g,scheffe_quadratic,4.8593,0.6921068938501751,4.167193106149825,-4.167193106149825
S19,citric_acid_mg_g,scheffe_quadratic,3.1298,1.566138122204101,1.5636618777958988,-1.5636618777958988
S2,citric_acid_mg_g,scheffe_quadratic,3.5046,2.731930784781122,0.7726692152188779,-0.7726692152188779
S20,citric_acid_mg_g,scheffe_quadratic,7.5016,3.7906857377777587,3.710914262222241,-3.710914262222241
S21,citric_acid_mg_g,scheffe_quadratic,4.0891,3.4920255734501144,0.5970744265498857,-0.5970744265498857
S22,citric_acid_mg_g,scheffe_quadratic,4.7135,3.699999214032247,1.0135007859677527,-1.0135007859677527
S23,citric_acid_mg_g,scheffe_quadratic,4.7713,3.4377047270482617,1.3335952729517384,-1.3335952729517384
S24,citric_acid_mg_g,scheffe_quadratic,5.603,3.576609889374911,2.026390110625089,-2.026390110625089
S25,citric_acid_mg_g,scheffe_quadratic,4.3753,3.2128817993049954,1.1624182006950048,-1.1624182006950048
S26,citric_acid_mg_g,scheffe_quadratic,4.1493,6.239030706066374,2.0897307060663737,2.0897307060663737
S27,citric_acid_mg_g,scheffe_quadratic,2.3347,4.134459286071962,1.799759286071962,1.799759286071962
S28,citric_acid_mg_g,scheffe_quadratic,5.1542,3.135203123864983,2.0189968761350174,-2.0189968761350174
S29,citric_acid_mg_g,scheffe_quadratic,3.1721,3.482799186748159,0.3106991867481592,0.3106991867481592
S3,citric_acid_mg_g,scheffe_quadratic,5.5298,4.097838119469305,1.4319618805306948,-1.4319618805306948
S30,citric_acid_mg_g,scheffe_quadratic,3.0526,2.7194421680063634,0.3331578319936366,-0.3331578319936366
S4,citric_acid_mg_g,scheffe_quadratic,5.3404,4.823848545431834,0.516551454568166,-0.516551454568166
S5,citric_acid_mg_g,scheffe_quadratic,4.6298,2.285093692746372,2.3447063072536283,-2.3447063072536283
S6,citric_acid_mg_g,scheffe_quadratic,0.8217,2.522072221167188,1.7003722211671883,1.7003722211671883
S7,citric_acid_mg_g,scheffe_quadratic,5.1054,2.7718495817398736,2.3335504182601268,-2.3335504182601268
S8,citric_acid_mg_g,scheffe_quadratic,2.133,4.318117040413529,2.1851170404135294,2.1851170404135294
S9,citric_acid_mg_g,scheffe_quadratic,1.1034,2.5966723938223977,1.4932723938223977,1.4932723938223977
S1,citric_acid_mg_g,ridge_a,2.5607,2.7205189646357044,0.15981896463570422,0.15981896463570422
S10,citric_acid_mg_g,ridge_a,0.8761,3.3603730146850035,2.4842730146850034,2.4842730146850034
S11,citric_acid_mg_g,ridge_a,1.3387,3.1437975469085537,1.8050975469085537,1.8050975469085537
S12,citric_acid_mg_g,ridge_a,4.7794,3.796959206321547,0.9824407936784527,-0.9824407936784527
S13,citric_acid_mg_g,ridge_a,1.0428,2.684103779141553,1.641303779141553,1.641303779141553
S14,citric_acid_mg_g,ridge_a,2.2688,3.048407874061498,0.7796078740614978,0.7796078740614978
S15,citric_acid_mg_g,ridge_a,2.5135,4.982762833972566,2.4692628339725657,2.4692628339725657
S16,citric_acid_mg_g,ridge_a,2.3591,3.6254945266666487,1.2663945266666485,1.2663945266666485
S17,citric_acid_mg_g,ridge_a,3.3591,4.2108748496730275,0.8517748496730273,0.8517748496730273
S18,citric_acid_mg_g,ridge_a,4.8593,1.8496945059907368,3.0096054940092634,-3.0096054940092634
S19,citric_acid_mg_g,ridge_a,3.1298,2.4799638021851234,0.6498361978148766,-0.6498361978148766
S2,citric_acid_mg_g,ridge_a,3.5046,3.4806908410321338,0.023909158967866162,-0.023909158967866162
S20,citric_acid_mg_g,ridge_a,7.5016,3.866265485095566,3.635334514904434,-3.635334514904434
S21,citric_acid_mg_g,ridge_a,4.0891,3.321277250755982,0.7678227492440182,-0.7678227492440182
S22,citric_acid_mg_g,ridge_a,4.7135,3.21728455324607,1.4962154467539297,-1.4962154467539297
S23,citric_acid_mg_g,ridge_a,4.7713,4.686853154178665,0.08444684582133544,-0.08444684582133544
S24,citric_acid_mg_g,ridge_a,5.603,3.7180073553086634,1.8849926446913363,-1.8849926446913363
S25,citric_acid_mg_g,ridge_a,4.3753,3.652314494234798,0.7229855057652022,-0.7229855057652022
S26,citric_acid_mg_g,ridge_a,4.1493,4.430716834385642,0.2814168343856416,0.2814168343856416
S27,citric_acid_mg_g,ridge_a,2.3347,4.228014403600479,1.893314403600479,1.893314403600479
S28,citric_acid_mg_g,ridge_a,5.1542,3.22550776298017,1.9286922370198303,-1.9286922370198303
S29,citric_acid_mg_g,ridge_a,3.1721,3.842797060070263,0.6706970600702631,0.6706970600702631
S3,citric_acid_mg_g,ridge_a,5.5298,4.876881171575229,0.6529188284247711,-0.6529188284247711
S30,citric_acid_mg_g,ridge_a,3.0526,3.2966517553278556,0.2440517553278556,0.2440517553278556
S4,citric_acid_mg_g,ridge_a,5.3404,4.5889239978277585,0.7514760021722413,-0.7514760021722413
S5,citric_acid_mg_g,ridge_a,4.6298,2.8637829011287113,1.766017098871289,-1.766017098871289
S6,citric_acid_mg_g,ridge_a,0.8217,2.920323707138664,2.098623707138664,2.098623707138664
S7,citric_acid_mg_g,ridge_a,5.1054,2.916710452713831,2.1886895472861694,-2.1886895472861694
S8,citric_acid_mg_g,ridge_a,2.133,4.58449682653583,2.4514968265358297,2.4514968265358297
S9,citric_acid_mg_g,ridge_a,1.1034,2.3814761717974005,1.2780761717974005,1.2780761717974005
S1,citric_acid_mg_g,ridge_b_no_intercept,2.5607,2.8122700891566157,0.2515700891566155,0.2515700891566155
S10,citric_acid_mg_g,ridge_b_no_intercept,0.8761,3.052940268476932,2.1768402684769317,2.1768402684769317
S11,citric_acid_mg_g,ridge_b_no_intercept,1.3387,2.910373708193643,1.5716737081936432,1.5716737081936432
S12,citric_acid_mg_g,ridge_b_no_intercept,4.7794,3.184068231740986,1.595331768259014,-1.595331768259014
S13,citric_acid_mg_g,ridge_b_no_intercept,1.0428,2.7871572667241478,1.7443572667241478,1.7443572667241478
S14,citric_acid_mg_g,ridge_b_no_intercept,2.2688,2.9437424870990125,0.6749424870990124,0.6749424870990124
S15,citric_acid_mg_g,ridge_b_no_intercept,2.5135,3.5721254344742013,1.0586254344742012,1.0586254344742012
S16,citric_acid_mg_g,ridge_b_no_intercept,2.3591,3.163250617983061,0.8041506179830606,0.8041506179830606
S17,citric_acid_mg_g,ridge_b_no_intercept,3.3591,3.365523579911289,0.006423579911288613,0.006423579911288613
S18,citric_acid_mg_g,ridge_b_no_intercept,4.8593,2.3540602437000344,2.5052397562999658,-2.5052397562999658
S19,citric_acid_mg_g,ridge_b_no_intercept,3.1298,2.63616664127092,0.49363335872907976,-0.49363335872907976
S2,citric_acid_mg_g,ridge_b_no_intercept,3.5046,3.1240539926956523,0.3805460073043476,-0.3805460073043476
S20,citric_acid_mg_g,ridge_b_no_intercept,7.5016,3.1517012576593335,4.349898742340667,-4.349898742340667
S21,citric_acid_mg_g,ridge_b_no_intercept,4.0891,2.969775997582239,1.1193240024177613,-1.1193240024177613
S22,citric_acid_mg_g,ridge_b_no_intercept,4.7135,2.9808360942201864,1.7326639057798134,-1.7326639057798134
S23,citric_acid_mg_g,ridge_b_no_intercept,4.7713,3.476742975463863,1.2945570245361373,-1.2945570245361373
S24,citric_acid_mg_g,ridge_b_no_intercept,5.603,3.1206742878759366,2.482325712124063,-2.482325712124063
S25,citric_acid_mg_g,ridge_b_no_intercept,4.3753,3.1665348230896235,1.2087651769103767,-1.2087651769103767
S26,citric_acid_mg_g,ridge_b_no_intercept,4.1493,3.4381942050996064,0.7111057949003938,-0.7111057949003938
S27,citric_acid_mg_g,ridge_b_no_intercept,2.3347,3.431399704907614,1.0966997049076137,1.0966997049076137
S28,citric_acid_mg_g,ridge_b_no_intercept,5.1542,2.9656070116947237,2.1885929883052766,-2.1885929883052766
S29,citric_acid_mg_g,ridge_b_no_intercept,3.1721,3.2619182744495916,0.08981827444959167,0.08981827444959167
S3,citric_acid_mg_g,ridge_b_no_intercept,5.5298,3.5371409514715535,1.9926590485284463,-1.9926590485284463
S30,citric_acid_mg_g,ridge_b_no_intercept,3.0526,3.0309152697718433,0.021684730228156646,-0.021684730228156646
S4,citric_acid_mg_g,ridge_b_no_intercept,5.3404,3.480742441745693,1.8596575582543067,-1.8596575582543067
S5,citric_acid_mg_g,ridge_b_no_intercept,4.6298,2.873092109996487,1.7567078900035136,-1.7567078900035136
S6,citric_acid_mg_g,ridge_b_no_intercept,0.8217,2.8865494834403056,2.0648494834403057,2.0648494834403057
S7,citric_acid_mg_g,ridge_b_no_intercept,5.1054,2.790778571077688,2.3146214289223126,-2.3146214289223126
S8,citric_acid_mg_g,ridge_b_no_intercept,2.133,3.556643978248536,1.4236439782485362,1.4236439782485362
S9,citric_acid_mg_g,ridge_b_no_intercept,1.1034,2.6356114032019073,1.5322114032019074,1.5322114032019074
S1,citric_acid_mg_g,pls,2.5607,2.6967713600912773,0.13607136009127707,0.13607136009127707
S10,citric_acid_mg_g,pls,0.8761,3.329544376000356,2.453444376000356,2.453444376000356
S11,citric_acid_mg_g,pls,1.3387,3.0786988940525633,1.7399988940525632,1.7399988940525632
S12,citric_acid_mg_g,pls,4.7794,3.8070601742936527,0.9723398257063471,-0.9723398257063471
S13,citric_acid_mg_g,pls,1.0428,2.632733957828232,1.5899339578282319,1.5899339578282319
S14,citric_acid_mg_g,pls,2.2688,3.0373043637521433,0.7685043637521431,0.7685043637521431
S15,citric_acid_mg_g,pls,2.5135,5.016290229095436,2.5027902290954356,2.5027902290954356
S16,citric_acid_mg_g,pls,2.3591,3.6284617307729325,1.2693617307729324,1.2693617307729324
S17,citric_acid_mg_g,pls,3.3591,4.260392580823731,0.9012925808237306,0.9012925808237306
S18,citric_acid_mg_g,pls,4.8593,1.726249515673899,3.133050484326101,-3.133050484326101
S19,citric_acid_mg_g,pls,3.1298,2.386123855614941,0.7436761443850588,-0.7436761443850588
S2,citric_acid_mg_g,pls,3.5046,3.514556173551869,0.009956173551869174,0.009956173551869174
S20,citric_acid_mg_g,pls,7.5016,3.8785644154601635,3.6230355845398363,-3.6230355845398363
S21,citric_acid_mg_g,pls,4.0891,3.287757440023976,0.8013425599760242,-0.8013425599760242
S22,citric_acid_mg_g,pls,4.7135,3.2415835943071953,1.4719164056928045,-1.4719164056928045
S23,citric_acid_mg_g,pls,4.7713,4.7456415570748725,0.025658442925127645,-0.025658442925127645
S24,citric_acid_mg_g,pls,5.603,3.7239684341416006,1.8790315658583991,-1.8790315658583991
S25,citric_acid_mg_g,pls,4.3753,3.6915007743199326,0.6837992256800676,-0.6837992256800676
S26,citric_acid_mg_g,pls,4.1493,4.487081254486803,0.33778125448680285,0.33778125448680285
S27,citric_acid_mg_g,pls,2.3347,4.280480875636418,1.945780875636418,1.945780875636418
S28,citric_acid_mg_g,pls,5.1542,3.2211372341242384,1.933062765875762,-1.933062765875762
S29,citric_acid_mg_g,pls,3.1721,3.8830065618549034,0.7109065618549035,0.7109065618549035
S3,citric_acid_mg_g,pls,5.5298,4.941653926186486,0.5881460738135136,-0.5881460738135136
S30,citric_acid_mg_g,pls,3.0526,3.2938520245052705,0.2412520245052705,0.2412520245052705
S4,citric_acid_mg_g,pls,5.3404,4.6498915413705815,0.6905084586294183,-0.6905084586294183
S5,citric_acid_mg_g,pls,4.6298,2.87552059257693,1.7542794074230703,-1.7542794074230703
S6,citric_acid_mg_g,pls,0.8217,2.878160906770802,2.056460906770802,2.056460906770802
S7,citric_acid_mg_g,pls,5.1054,2.8706325393594736,2.234767460640527,-2.234767460640527
S8,citric_acid_mg_g,pls,2.133,4.644210757632724,2.511210757632724,2.511210757632724
S9,citric_acid_mg_g,pls,1.1034,2.2555114461980064,1.1521114461980064,1.1521114461980064
S1,citric_acid_mg_g,gpr,2.5607,3.491624258161197,0.930924258161197,0.930924258161197
S10,citric_acid_mg_g,gpr,0.8761,3.6305462003517093,2.754446200351709,2.754446200351709
S11,citric_acid_mg_g,gpr,1.3387,3.675797714408282,2.337097714408282,2.337097714408282
S12,citric_acid_mg_g,gpr,4.7794,3.679744516739253,1.0996554832607468,-1.0996554832607468
S13,citric_acid_mg_g,gpr,1.0428,3.483274694711988,2.4404746947119884,2.4404746947119884
S14,citric_acid_mg_g,gpr,2.2688,3.1416530460382686,0.8728530460382684,0.8728530460382684
S15,citric_acid_mg_g,gpr,2.5135,4.731135646946064,2.217635646946064,2.217635646946064
S16,citric_acid_mg_g,gpr,2.3591,3.553387161614789,1.1942871616147888,1.1942871616147888
S17,citric_acid_mg_g,gpr,3.3591,3.7611260742103694,0.4020260742103692,0.4020260742103692
S18,citric_acid_mg_g,gpr,4.8593,2.4517167766982766,2.4075832233017236,-2.4075832233017236
S19,citric_acid_mg_g,gpr,3.1298,2.749854527724053,0.379945472275947,-0.379945472275947
S2,citric_acid_mg_g,gpr,3.5046,3.451657532866237,0.05294246713376305,-0.05294246713376305
S20,citric_acid_mg_g,gpr,7.5016,3.4499849263143934,4.051615073685607,-4.051615073685607
S21,citric_acid_mg_g,gpr,4.0891,3.476771568253892,0.612328431746108,-0.612328431746108
S22,citric_acid_mg_g,gpr,4.7135,3.4640646627716682,1.2494353372283316,-1.2494353372283316
S23,citric_acid_mg_g,gpr,4.7713,3.5943803886770755,1.1769196113229246,-1.1769196113229246
S24,citric_acid_mg_g,gpr,5.603,3.6763555669291343,1.9266444330708654,-1.9266444330708654
S25,citric_acid_mg_g,gpr,4.3753,3.6271331344474214,0.7481668655525788,-0.7481668655525788
S26,citric_acid_mg_g,gpr,4.1493,3.8738198286420813,0.2754801713579189,-0.2754801713579189
S27,citric_acid_mg_g,gpr,2.3347,3.6051172307513726,1.2704172307513724,1.2704172307513724
S28,citric_acid_mg_g,gpr,5.1542,3.4617403786206844,1.692459621379316,-1.692459621379316
S29,citric_acid_mg_g,gpr,3.1721,3.2764927704505182,0.10439277045051831,0.10439277045051831
S3,citric_acid_mg_g,gpr,5.5298,3.713765558053177,1.8160344419468228,-1.8160344419468228
S30,citric_acid_mg_g,gpr,3.0526,3.089898107787994,0.03729810778799392,0.03729810778799392
S4,citric_acid_mg_g,gpr,5.3404,3.79114353312314,1.54925646687686,-1.54925646687686
S5,citric_acid_mg_g,gpr,4.6298,3.4427766144625562,1.1870233855374441,-1.1870233855374441
S6,citric_acid_mg_g,gpr,0.8217,3.4169276355229763,2.5952276355229764,2.5952276355229764
S7,citric_acid_mg_g,gpr,5.1054,3.27239658854932,1.8330034114506804,-1.8330034114506804
S8,citric_acid_mg_g,gpr,2.133,4.293755717654691,2.160755717654691,2.160755717654691
S9,citric_acid_mg_g,gpr,1.1034,3.5222728195911186,2.418872819591119,2.418872819591119
S1,citric_acid_mg_g,random_forest,2.5607,3.4384743331168828,0.8777743331168826,0.8777743331168826
S10,citric_acid_mg_g,random_forest,0.8761,3.2493148660358164,2.3732148660358163,2.3732148660358163
S11,citric_acid_mg_g,random_forest,1.3387,3.6275822290820283,2.288882229082028,2.288882229082028
S12,citric_acid_mg_g,random_forest,4.7794,3.657516148063974,1.1218838519360257,-1.1218838519360257
S13,citric_acid_mg_g,random_forest,1.0428,2.8913527813677082,1.8485527813677083,1.8485527813677083
S14,citric_acid_mg_g,random_forest,2.2688,3.2762949304232807,1.0074949304232805,1.0074949304232805
S15,citric_acid_mg_g,random_forest,2.5135,4.990546379268883,2.477046379268883,2.477046379268883
S16,citric_acid_mg_g,random_forest,2.3591,3.7664823429653667,1.4073823429653665,1.4073823429653665
S17,citric_acid_mg_g,random_forest,3.3591,4.3788306208273164,1.0197306208273162,1.0197306208273162
S18,citric_acid_mg_g,random_forest,4.8593,1.988804739230216,2.8704952607697845,-2.8704952607697845
S19,citric_acid_mg_g,random_forest,3.1298,2.321383590648242,0.8084164093517581,-0.8084164093517581
S2,citric_acid_mg_g,random_forest,3.5046,3.3995175772681017,0.10508242273189827,-0.10508242273189827
S20,citric_acid_mg_g,random_forest,7.5016,3.8525129442640695,3.6490870557359303,-3.6490870557359303
S21,citric_acid_mg_g,random_forest,4.0891,2.571630227408702,1.5174697725912982,-1.5174697725912982
S22,citric_acid_mg_g,random_forest,4.7135,3.4144306445360204,1.2990693554639794,-1.2990693554639794
S23,citric_acid_mg_g,random_forest,4.7713,4.073655583160359,0.6976444168396414,-0.6976444168396414
S24,citric_acid_mg_g,random_forest,5.603,3.6767862051402305,1.9262137948597693,-1.9262137948597693
S25,citric_acid_mg_g,random_forest,4.3753,3.321095271242649,1.0542047287573513,-1.0542047287573513
S26,citric_acid_mg_g,random_forest,4.1493,4.2066315791403,0.05733157914029974,0.05733157914029974
S27,citric_acid_mg_g,random_forest,2.3347,3.9040028791440022,1.569302879144002,1.569302879144002
S28,citric_acid_mg_g,random_forest,5.1542,3.2585801624902864,1.895619837509714,-1.895619837509714
S29,citric_acid_mg_g,random_forest,3.1721,3.4757569872035363,0.3036569872035364,0.3036569872035364
S3,citric_acid_mg_g,random_forest,5.5298,4.413012448128721,1.1167875518712789,-1.1167875518712789
S30,citric_acid_mg_g,random_forest,3.0526,3.3372804033910524,0.2846804033910524,0.2846804033910524
S4,citric_acid_mg_g,random_forest,5.3404,4.524892325612348,0.8155076743876517,-0.8155076743876517
S5,citric_acid_mg_g,random_forest,4.6298,2.982498895252897,1.6473011047471036,-1.6473011047471036
S6,citric_acid_mg_g,random_forest,0.8217,2.8593434487558747,2.0376434487558748,2.0376434487558748
S7,citric_acid_mg_g,random_forest,5.1054,2.3519882645724675,2.753411735427533,-2.753411735427533
S8,citric_acid_mg_g,random_forest,2.133,4.672700110822509,2.5397001108225092,2.5397001108225092
S9,citric_acid_mg_g,random_forest,1.1034,2.8872306720705208,1.7838306720705208,1.7838306720705208
S1,citric_acid_mg_g,xgboost,2.5607,3.8756954669952393,1.314995466995239,1.314995466995239
S10,citric_acid_mg_g,xgboost,0.8761,3.0597729682922363,2.1836729682922362,2.1836729682922362
S11,citric_acid_mg_g,xgboost,1.3387,4.1687846183776855,2.8300846183776853,2.8300846183776853
S12,citric_acid_mg_g,xgboost,4.7794,3.745784044265747,1.0336159557342528,-1.0336159557342528
S13,citric_acid_mg_g,xgboost,1.0428,2.9967801570892334,1.9539801570892334,1.9539801570892334
S14,citric_acid_mg_g,xgboost,2.2688,3.147228479385376,0.8784284793853758,0.8784284793853758
S15,citric_acid_mg_g,xgboost,2.5135,5.920479774475098,3.4069797744750976,3.4069797744750976
S16,citric_acid_mg_g,xgboost,2.3591,3.772895097732544,1.4137950977325437,1.4137950977325437
S17,citric_acid_mg_g,xgboost,3.3591,4.38446044921875,1.0253604492187498,1.0253604492187498
S18,citric_acid_mg_g,xgboost,4.8593,1.741496205329895,3.117803794670105,-3.117803794670105
S19,citric_acid_mg_g,xgboost,3.1298,1.9539614915847778,1.175838508415222,-1.175838508415222
S2,citric_acid_mg_g,xgboost,3.5046,3.0899269580841064,0.4146730419158935,-0.4146730419158935
S20,citric_acid_mg_g,xgboost,7.5016,4.048410415649414,3.4531895843505858,-3.4531895843505858
S21,citric_acid_mg_g,xgboost,4.0891,2.3469600677490234,1.7421399322509767,-1.7421399322509767
S22,citric_acid_mg_g,xgboost,4.7135,3.3030667304992676,1.4104332695007322,-1.4104332695007322
S23,citric_acid_mg_g,xgboost,4.7713,3.317249298095703,1.454050701904297,-1.454050701904297
S24,citric_acid_mg_g,xgboost,5.603,3.590257406234741,2.0127425937652585,-2.0127425937652585
S25,citric_acid_mg_g,xgboost,4.3753,3.401981830596924,0.9733181694030764,-0.9733181694030764
S26,citric_acid_mg_g,xgboost,4.1493,4.711637496948242,0.562337496948242,0.562337496948242
S27,citric_acid_mg_g,xgboost,2.3347,3.8714089393615723,1.536708939361572,1.536708939361572
S28,citric_acid_mg_g,xgboost,5.1542,3.544478178024292,1.6097218219757083,-1.6097218219757083
S29,citric_acid_mg_g,xgboost,3.1721,3.561455249786377,0.38935524978637703,0.38935524978637703
S3,citric_acid_mg_g,xgboost,5.5298,4.195827007293701,1.3339729927062987,-1.3339729927062987
S30,citric_acid_mg_g,xgboost,3.0526,3.111499547958374,0.05889954795837404,0.05889954795837404
S4,citric_acid_mg_g,xgboost,5.3404,4.860238075256348,0.48016192474365216,-0.48016192474365216
S5,citric_acid_mg_g,xgboost,4.6298,3.0054855346679688,1.6243144653320316,-1.6243144653320316
S6,citric_acid_mg_g,xgboost,0.8217,2.9115049839019775,2.0898049839019777,2.0898049839019777
S7,citric_acid_mg_g,xgboost,5.1054,2.302459239959717,2.8029407600402836,-2.8029407600402836
S8,citric_acid_mg_g,xgboost,2.133,5.07794713973999,2.9449471397399902,2.9449471397399902
S9,citric_acid_mg_g,xgboost,1.1034,2.7184407711029053,1.6150407711029053,1.6150407711029053
S1,citric_acid_mg_g,catboost,2.5607,3.9259618729749253,1.365261872974925,1.365261872974925
S10,citric_acid_mg_g,catboost,0.8761,3.4525832701021306,2.5764832701021305,2.5764832701021305
S11,citric_acid_mg_g,catboost,1.3387,3.647257281512025,2.3085572815120248,2.3085572815120248
S12,citric_acid_mg_g,catboost,4.7794,3.742043931934666,1.0373560680653338,-1.0373560680653338
S13,citric_acid_mg_g,catboost,1.0428,3.303109872615926,2.2603098726159256,2.2603098726159256
S14,citric_acid_mg_g,catboost,2.2688,2.937992827422416,0.6691928274224157,0.6691928274224157
S15,citric_acid_mg_g,catboost,2.5135,5.609919563740917,3.0964195637409166,3.0964195637409166
S16,citric_acid_mg_g,catboost,2.3591,3.813490150172907,1.4543901501729066,1.4543901501729066
S17,citric_acid_mg_g,catboost,3.3591,4.339064098728714,0.9799640987287135,0.9799640987287135
S18,citric_acid_mg_g,catboost,4.8593,2.180600978588191,2.678699021411809,-2.678699021411809
S19,citric_acid_mg_g,catboost,3.1298,2.4522264861191427,0.6775735138808572,-0.6775735138808572
S2,citric_acid_mg_g,catboost,3.5046,3.106741644531586,0.3978583554684141,-0.3978583554684141
S20,citric_acid_mg_g,catboost,7.5016,4.067466980643407,3.434133019356593,-3.434133019356593
S21,citric_acid_mg_g,catboost,4.0891,3.1018886268544406,0.9872113731455596,-0.9872113731455596
S22,citric_acid_mg_g,catboost,4.7135,3.4449917282433624,1.2685082717566374,-1.2685082717566374
S23,citric_acid_mg_g,catboost,4.7713,4.104922822278268,0.6663771777217322,-0.6663771777217322
S24,citric_acid_mg_g,catboost,5.603,4.023420525314204,1.5795794746857954,-1.5795794746857954
S25,citric_acid_mg_g,catboost,4.3753,3.2063075784930977,1.1689924215069025,-1.1689924215069025
S26,citric_acid_mg_g,catboost,4.1493,4.608945199634073,0.4596451996340729,0.4596451996340729
S27,citric_acid_mg_g,catboost,2.3347,3.7790774109344536,1.4443774109344534,1.4443774109344534
S28,citric_acid_mg_g,catboost,5.1542,3.287485628673062,1.8667143713269385,-1.8667143713269385
S29,citric_acid_mg_g,catboost,3.1721,3.3922814473112775,0.22018144731127753,0.22018144731127753
S3,citric_acid_mg_g,catboost,5.5298,4.437439163506112,1.0923608364938877,-1.0923608364938877
S30,citric_acid_mg_g,catboost,3.0526,2.939692105927031,0.11290789407296886,-0.11290789407296886
S4,citric_acid_mg_g,catboost,5.3404,4.568539919131524,0.7718600808684757,-0.7718600808684757
S5,citric_acid_mg_g,catboost,4.6298,2.7793575426001933,1.850442457399807,-1.850442457399807
S6,citric_acid_mg_g,catboost,0.8217,3.1639860355152902,2.3422860355152904,2.3422860355152904
S7,citric_acid_mg_g,catboost,5.1054,2.9355096129006566,2.169890387099344,-2.169890387099344
S8,citric_acid_mg_g,catboost,2.133,4.816167386217443,2.683167386217443,2.683167386217443
S9,citric_acid_mg_g,catboost,1.1034,2.681945353743878,1.578545353743878,1.578545353743878
S1,citric_acid_mg_g,mean,2.5607,3.5728068965517243,1.0121068965517241,1.0121068965517241
S10,citric_acid_mg_g,mean,0.8761,3.6308965517241383,2.754796551724138,2.754796551724138
S11,citric_acid_mg_g,mean,1.3387,3.6149448275862066,2.276244827586207,2.276244827586207
S12,citric_acid_mg_g,mean,4.7794,3.4963,1.2830999999999997,-1.2830999999999997
S13,citric_acid_mg_g,mean,1.0428,3.625148275862069,2.582348275862069,2.582348275862069
S14,citric_acid_mg_g,mean,2.2688,3.5828724137931034,1.3140724137931032,1.3140724137931032
S15,citric_acid_mg_g,mean,2.5135,3.5744344827586203,1.0609344827586202,1.0609344827586202
S16,citric_acid_mg_g,mean,2.3591,3.5797586206896552,1.220658620689655,1.220658620689655
S17,citric_acid_mg_g,mean,3.3591,3.5452758620689657,0.18617586206896553,0.18617586206896553
S18,citric_acid_mg_g,mean,4.8593,3.4935448275862067,1.3657551724137935,-1.3657551724137935
S19,citric_acid_mg_g,mean,3.1298,3.5531827586206894,0.4233827586206895,0.4233827586206895
S2,citric_acid_mg_g,mean,3.5046,3.5402586206896554,0.03565862068965542,0.03565862068965542
S20,citric_acid_mg_g,mean,7.5016,3.4024310344827584,4.099168965517242,-4.099168965517242
S21,citric_acid_mg_g,mean,4.0891,3.520103448275862,0.5689965517241382,-0.5689965517241382
S22,citric_acid_mg_g,mean,4.7135,3.4985724137931036,1.2149275862068962,-1.2149275862068962
S23,citric_acid_mg_g,mean,4.7713,3.4965793103448273,1.2747206896551728,-1.2747206896551728
S24,citric_acid_mg_g,mean,5.603,3.4679,2.1350999999999996,-2.1350999999999996
S25,citric_acid_mg_g,mean,4.3753,3.5102344827586207,0.8650655172413795,-0.8650655172413795
S26,citric_acid_mg_g,mean,4.1493,3.518027586206897,0.6312724137931034,-0.6312724137931034
S27,citric_acid_mg_g,mean,2.3347,3.5805999999999996,1.2458999999999993,1.2458999999999993
S28,citric_acid_mg_g,mean,5.1542,3.483375862068966,1.6708241379310342,-1.6708241379310342
S29,citric_acid_mg_g,mean,3.1721,3.551724137931035,0.3796241379310352,0.3796241379310352
S3,citric_acid_mg_g,mean,5.5298,3.4704241379310345,2.0593758620689653,-2.0593758620689653
S30,citric_acid_mg_g,mean,3.0526,3.555844827586207,0.5032448275862071,0.5032448275862071
S4,citric_acid_mg_g,mean,5.3404,3.476955172413793,1.863444827586207,-1.863444827586207
S5,citric_acid_mg_g,mean,4.6298,3.501458620689655,1.1283413793103452,-1.1283413793103452
S6,citric_acid_mg_g,mean,0.8217,3.632772413793103,2.811072413793103,2.811072413793103
S7,citric_acid_mg_g,mean,5.1054,3.485058620689655,1.6203413793103452,-1.6203413793103452
S8,citric_acid_mg_g,mean,2.133,3.587555172413793,1.454555172413793,1.454555172413793
S9,citric_acid_mg_g,mean,1.1034,3.6230586206896556,2.519658620689656,2.519658620689656
S1,citric_acid_mg_g,nearest_recipe,2.5607,1.0428,1.5179000000000002,-1.5179000000000002
S10,citric_acid_mg_g,nearest_recipe,0.8761,4.7794,3.9032999999999998,3.9032999999999998
S11,citric_acid_mg_g,nearest_recipe,1.3387,4.8593,3.5206,3.5206
S12,citric_acid_mg_g,nearest_recipe,4.7794,0.8761,3.9032999999999998,-3.9032999999999998
S13,citric_acid_mg_g,nearest_recipe,1.0428,2.5607,1.5179000000000002,1.5179000000000002
S14,citric_acid_mg_g,nearest_recipe,2.2688,2.5607,0.29190000000000005,0.29190000000000005
S15,citric_acid_mg_g,nearest_recipe,2.5135,7.5016,4.988099999999999,4.988099999999999
S16,citric_acid_mg_g,nearest_recipe,2.3591,4.7794,2.4202999999999997,2.4202999999999997
S17,citric_acid_mg_g,nearest_recipe,3.3591,4.7135,1.3543999999999996,1.3543999999999996
S18,citric_acid_mg_g,nearest_recipe,4.8593,1.3387,3.5206,-3.5206
S19,citric_acid_mg_g,nearest_recipe,3.1298,0.8761,2.2537,-2.2537
S2,citric_acid_mg_g,nearest_recipe,3.5046,2.2688,1.2357999999999998,-1.2357999999999998
S20,citric_acid_mg_g,nearest_recipe,7.5016,4.7794,2.7222,-2.7222
S21,citric_acid_mg_g,nearest_recipe,4.0891,0.8761,3.213,-3.213
S22,citric_acid_mg_g,nearest_recipe,4.7135,2.5607,2.1527999999999996,-2.1527999999999996
S23,citric_acid_mg_g,nearest_recipe,4.7713,2.5135,2.2578,-2.2578
S24,citric_acid_mg_g,nearest_recipe,5.603,2.5135,3.0894999999999997,-3.0894999999999997
S25,citric_acid_mg_g,nearest_recipe,4.3753,3.5046,0.8707000000000003,-0.8707000000000003
S26,citric_acid_mg_g,nearest_recipe,4.1493,4.7794,0.6300999999999997,0.6300999999999997
S27,citric_acid_mg_g,nearest_recipe,2.3347,4.7794,2.4446999999999997,2.4446999999999997
S28,citric_acid_mg_g,nearest_recipe,5.1542,0.8761,4.2781,-4.2781
S29,citric_acid_mg_g,nearest_recipe,3.1721,2.2688,0.9032999999999998,-0.9032999999999998
S3,citric_acid_mg_g,nearest_recipe,5.5298,2.5135,3.0162999999999998,-3.0162999999999998
S30,citric_acid_mg_g,nearest_recipe,3.0526,0.8761,2.1765,-2.1765
S4,citric_acid_mg_g,nearest_recipe,5.3404,4.7794,0.5609999999999999,-0.5609999999999999
S5,citric_acid_mg_g,nearest_recipe,4.6298,2.5607,2.0691,-2.0691
S6,citric_acid_mg_g,nearest_recipe,0.8217,0.8761,0.054400000000000004,0.054400000000000004
S7,citric_acid_mg_g,nearest_recipe,5.1054,1.3387,3.7667,-3.7667
S8,citric_acid_mg_g,nearest_recipe,2.133,2.3591,0.2261000000000002,0.2261000000000002
S9,citric_acid_mg_g,nearest_recipe,1.1034,1.3387,0.23530000000000006,0.23530000000000006
S1,ascorbic_acid_mg_g,scheffe_quadratic,0.5993,4.530323225018463,3.9310232250184627,3.9310232250184627
S10,ascorbic_acid_mg_g,scheffe_quadratic,0.5144,3.941580935955902,3.427180935955902,3.427180935955902
S11,ascorbic_acid_mg_g,scheffe_quadratic,0.3168,2.4393010935172064,2.122501093517206,2.122501093517206
S12,ascorbic_acid_mg_g,scheffe_quadratic,0.7728,1.5383854730283013,0.7655854730283013,0.7655854730283013
S13,ascorbic_acid_mg_g,scheffe_quadratic,5.2214,2.8420734126506035,2.3793265873493965,-2.3793265873493965
S14,ascorbic_acid_mg_g,scheffe_quadratic,6.6354,2.7670647080287174,3.8683352919712823,-3.8683352919712823
S15,ascorbic_acid_mg_g,scheffe_quadratic,4.0268,4.797059157539505,0.7702591575395052,0.7702591575395052
S16,ascorbic_acid_mg_g,scheffe_quadratic,0.6726,3.0580246888764955,2.3854246888764954,2.3854246888764954
S17,ascorbic_acid_mg_g,scheffe_quadratic,0.3615,4.86138675665623,4.499886756656229,4.499886756656229
S18,ascorbic_acid_mg_g,scheffe_quadratic,4.9734,2.597085849406386,2.376314150593614,-2.376314150593614
S19,ascorbic_acid_mg_g,scheffe_quadratic,5.5494,1.338149077679811,4.21125092232019,-4.21125092232019
S2,ascorbic_acid_mg_g,scheffe_quadratic,0.9612,3.0108722758487962,2.0496722758487964,2.0496722758487964
S20,ascorbic_acid_mg_g,scheffe_quadratic,4.6014,1.5868609232204738,3.014539076779526,-3.014539076779526
S21,ascorbic_acid_mg_g,scheffe_quadratic,4.9034,1.1291958323804936,3.774204167619507,-3.774204167619507
S22,ascorbic_acid_mg_g,scheffe_quadratic,5.1148,-1.4408838080176691,6.555683808017669,-6.555683808017669
S23,ascorbic_acid_mg_g,scheffe_quadratic,6.1508,4.182391391502229,1.9684086084977714,-1.9684086084977714
S24,ascorbic_acid_mg_g,scheffe_quadratic,4.4774,3.2980727312970606,1.1793272687029397,-1.1793272687029397
S25,ascorbic_acid_mg_g,scheffe_quadratic,4.4161,-0.3488883477793514,4.764988347779352,-4.764988347779352
S26,ascorbic_acid_mg_g,scheffe_quadratic,0.4058,-0.386381353649891,0.792181353649891,-0.792181353649891
S27,ascorbic_acid_mg_g,scheffe_quadratic,0.4145,1.7804416649174775,1.3659416649174774,1.3659416649174774
S28,ascorbic_acid_mg_g,scheffe_quadratic,0.6578,3.1558747368462328,2.498074736846233,2.498074736846233
S29,ascorbic_acid_mg_g,scheffe_quadratic,0.8948,2.3692526018646207,1.4744526018646207,1.4744526018646207
S3,ascorbic_acid_mg_g,scheffe_quadratic,2.0148,4.586540211972285,2.571740211972285,2.571740211972285
S30,ascorbic_acid_mg_g,scheffe_quadratic,4.283,3.0005812836002246,1.2824187163997758,-1.2824187163997758
S4,ascorbic_acid_mg_g,scheffe_quadratic,0.3344,1.3020849539131425,0.9676849539131425,0.9676849539131425
S5,ascorbic_acid_mg_g,scheffe_quadratic,0.7087,2.766420096570846,2.057720096570846,2.057720096570846
S6,ascorbic_acid_mg_g,scheffe_quadratic,0.741,4.447480752255157,3.7064807522551573,3.7064807522551573
S7,ascorbic_acid_mg_g,scheffe_quadratic,0.4266,3.7868293723361983,3.3602293723361982,3.3602293723361982
S8,ascorbic_acid_mg_g,scheffe_quadratic,4.7188,2.087911413768958,2.630888586231042,-2.630888586231042
S9,ascorbic_acid_mg_g,scheffe_quadratic,0.523,3.6827532393245583,3.159753239324558,3.159753239324558
S1,ascorbic_acid_mg_g,ridge_a,0.5993,3.598067424962762,2.9987674249627623,2.9987674249627623
S10,ascorbic_acid_mg_g,ridge_a,0.5144,2.0528085208695144,1.5384085208695144,1.5384085208695144
S11,ascorbic_acid_mg_g,ridge_a,0.3168,3.484526737630272,3.167726737630272,3.167726737630272
S12,ascorbic_acid_mg_g,ridge_a,0.7728,2.136866514790796,1.364066514790796,1.364066514790796
S13,ascorbic_acid_mg_g,ridge_a,5.2214,2.6556720521373207,2.5657279478626793,-2.5657279478626793
S14,ascorbic_acid_mg_g,ridge_a,6.6354,2.095848980271495,4.5395510197285045,-4.5395510197285045
S15,ascorbic_acid_mg_g,ridge_a,4.0268,3.146286650559211,0.8805133494407889,-0.8805133494407889
S16,ascorbic_acid_mg_g,ridge_a,0.6726,2.6409450759338178,1.9683450759338177,1.9683450759338177
S17,ascorbic_acid_mg_g,ridge_a,0.3615,3.7298604628396914,3.3683604628396915,3.3683604628396915
S18,ascorbic_acid_mg_g,ridge_a,4.9734,2.578073748922725,2.395326251077275,-2.395326251077275
S19,ascorbic_acid_mg_g,ridge_a,5.5494,1.8559182628463522,3.693481737153648,-3.693481737153648
S2,ascorbic_acid_mg_g,ridge_a,0.9612,2.1355709419016624,1.1743709419016624,1.1743709419016624
S20,ascorbic_acid_mg_g,ridge_a,4.6014,2.488141251886287,2.113258748113713,-2.113258748113713
S21,ascorbic_acid_mg_g,ridge_a,4.9034,2.3336766053415516,2.569723394658449,-2.569723394658449
S22,ascorbic_acid_mg_g,ridge_a,5.1148,2.734442795809988,2.3803572041900116,-2.3803572041900116
S23,ascorbic_acid_mg_g,ridge_a,6.1508,2.7359703224896044,3.414829677510396,-3.414829677510396
S24,ascorbic_acid_mg_g,ridge_a,4.4774,3.0963409896589815,1.3810590103410187,-1.3810590103410187
S25,ascorbic_acid_mg_g,ridge_a,4.4161,0.7812627704049973,3.6348372295950027,-3.6348372295950027
S26,ascorbic_acid_mg_g,ridge_a,0.4058,1.7676580432918128,1.3618580432918128,1.3618580432918128
S27,ascorbic_acid_mg_g,ridge_a,0.4145,2.218282274413057,1.8037822744130572,1.8037822744130572
S28,ascorbic_acid_mg_g,ridge_a,0.6578,1.5343387400841089,0.8765387400841088,0.8765387400841088
S29,ascorbic_acid_mg_g,ridge_a,0.8948,2.7808417608989067,1.8860417608989066,1.8860417608989066
S3,ascorbic_acid_mg_g,ridge_a,2.0148,3.0088676755915498,0.9940676755915496,0.9940676755915496
S30,ascorbic_acid_mg_g,ridge_a,4.283,1.7211565105411082,2.561843489458892,-2.561843489458892
S4,ascorbic_acid_mg_g,ridge_a,0.3344,2.4466499933142667,2.1122499933142667,2.1122499933142667
S5,ascorbic_acid_mg_g,ridge_a,0.7087,2.94790788914506,2.23920788914506,2.23920788914506
S6,ascorbic_acid_mg_g,ridge_a,0.741,2.545831505701298,1.8048315057012978,1.8048315057012978
S7,ascorbic_acid_mg_g,ridge_a,0.4266,3.2860161621253936,2.8594161621253935,2.8594161621253935
S8,ascorbic_acid_mg_g,ridge_a,4.7188,2.5560975426164583,2.1627024573835416,-2.1627024573835416
S9,ascorbic_acid_mg_g,ridge_a,0.523,3.6210388293593665,3.0980388293593664,3.0980388293593664
S1,ascorbic_acid_mg_g,ridge_b_no_intercept,0.5993,2.6055500366449444,2.0062500366449445,2.0062500366449445
S10,ascorbic_acid_mg_g,ridge_b_no_intercept,0.5144,2.1138375239817893,1.5994375239817893,1.5994375239817893
S11,ascorbic_acid_mg_g,ridge_b_no_intercept,0.3168,2.6305471700812273,2.313747170081227,2.313747170081227
S12,ascorbic_acid_mg_g,ridge_b_no_intercept,0.7728,2.116026185560111,1.3432261855601109,1.3432261855601109
S13,ascorbic_acid_mg_g,ridge_b_no_intercept,5.2214,2.220616127637474,3.000783872362526,-3.000783872362526
S14,ascorbic_acid_mg_g,ridge_b_no_intercept,6.6354,1.9978293764723243,4.637570623527676,-4.637570623527676
S15,ascorbic_acid_mg_g,ridge_b_no_intercept,4.0268,2.3714870489753386,1.6553129510246611,-1.6553129510246611
S16,ascorbic_acid_mg_g,ridge_b_no_intercept,0.6726,2.303247214398267,1.6306472143982669,1.6306472143982669
S17,ascorbic_acid_mg_g,ridge_b_no_intercept,0.3615,2.6603207468879666,2.2988207468879667,2.2988207468879667
S18,ascorbic_acid_mg_g,ridge_b_no_intercept,4.9734,2.1884729840703447,2.784927015929655,-2.784927015929655
S19,ascorbic_acid_mg_g,ridge_b_no_intercept,5.5494,1.9216450317814262,3.627754968218574,-3.627754968218574
S2,ascorbic_acid_mg_g,ridge_b_no_intercept,0.9612,2.1057027128113193,1.1445027128113192,1.1445027128113192
S20,ascorbic_acid_mg_g,ridge_b_no_intercept,4.6014,2.1656935616232538,2.435706438376746,-2.435706438376746
S21,ascorbic_acid_mg_g,ridge_b_no_intercept,4.9034,2.1181044280731722,2.785295571926828,-2.785295571926828
S22,ascorbic_acid_mg_g,ridge_b_no_intercept,5.1148,2.205543820853009,2.9092561791469906,-2.9092561791469906
S23,ascorbic_acid_mg_g,ridge_b_no_intercept,6.1508,2.1707384722577627,3.9800615277422375,-3.9800615277422375
S24,ascorbic_acid_mg_g,ridge_b_no_intercept,4.4774,2.3837933820220263,2.093606617977974,-2.093606617977974
S25,ascorbic_acid_mg_g,ridge_b_no_intercept,4.4161,1.5794745022570384,2.8366254977429617,-2.8366254977429617
S26,ascorbic_acid_mg_g,ridge_b_no_intercept,0.4058,1.993154102887807,1.587354102887807,1.587354102887807
S27,ascorbic_acid_mg_g,ridge_b_no_intercept,0.4145,2.143089797858054,1.7285897978580542,1.7285897978580542
S28,ascorbic_acid_mg_g,ridge_b_no_intercept,0.6578,1.9248010379630456,1.2670010379630456,1.2670010379630456
S29,ascorbic_acid_mg_g,ridge_b_no_intercept,0.8948,2.334390780265,1.439590780265,1.439590780265
S3,ascorbic_acid_mg_g,ridge_b_no_intercept,2.0148,2.3572849052705993,0.34248490527059916,0.34248490527059916
S30,ascorbic_acid_mg_g,ridge_b_no_intercept,4.283,1.9069903003931699,2.3760096996068305,-2.3760096996068305
S4,ascorbic_acid_mg_g,ridge_b_no_intercept,0.3344,2.2196121766818697,1.8852121766818697,1.8852121766818697
S5,ascorbic_acid_mg_g,ridge_b_no_intercept,0.7087,2.3797054481717073,1.6710054481717074,1.6710054481717074
S6,ascorbic_acid_mg_g,ridge_b_no_intercept,0.741,2.2852860391639265,1.5442860391639264,1.5442860391639264
S7,ascorbic_acid_mg_g,ridge_b_no_intercept,0.4266,2.5513509456727577,2.1247509456727576,2.1247509456727576
S8,ascorbic_acid_mg_g,ridge_b_no_intercept,4.7188,2.1686689503636556,2.5501310496363443,-2.5501310496363443
S9,ascorbic_acid_mg_g,ridge_b_no_intercept,0.523,2.6840785713762414,2.1610785713762413,2.1610785713762413
S1,ascorbic_acid_mg_g,pls,0.5993,3.6244769095515563,3.0251769095515564,3.0251769095515564
S10,ascorbic_acid_mg_g,pls,0.5144,2.0439422602285235,1.5295422602285236,1.5295422602285236
S11,ascorbic_acid_mg_g,pls,0.3168,3.539200830141307,3.2224008301413067,3.2224008301413067
S12,ascorbic_acid_mg_g,pls,0.7728,2.123641832917916,1.350841832917916,1.350841832917916
S13,ascorbic_acid_mg_g,pls,5.2214,2.663203090460433,2.558196909539567,-2.558196909539567
S14,ascorbic_acid_mg_g,pls,6.6354,2.0863161836950317,4.549083816304968,-4.549083816304968
S15,ascorbic_acid_mg_g,pls,4.0268,3.16696463179746,0.8598353682025399,-0.8598353682025399
S16,ascorbic_acid_mg_g,pls,0.6726,2.641451598479085,1.9688515984790849,1.9688515984790849
S17,ascorbic_acid_mg_g,pls,0.3615,3.7609112013486135,3.3994112013486135,3.3994112013486135
S18,ascorbic_acid_mg_g,pls,4.9734,2.579444366344918,2.393955633655082,-2.393955633655082
S19,ascorbic_acid_mg_g,pls,5.5494,1.8297715208875642,3.719628479112436,-3.719628479112436
S2,ascorbic_acid_mg_g,pls,0.9612,2.117223612262631,1.1560236122626308,1.1560236122626308
S20,ascorbic_acid_mg_g,pls,4.6014,2.4888444990758787,2.1125555009241213,-2.1125555009241213
S21,ascorbic_acid_mg_g,pls,4.9034,2.3323147101231623,2.571085289876838,-2.571085289876838
S22,ascorbic_acid_mg_g,pls,5.1148,2.730000542563216,2.3847994574367837,-2.3847994574367837
S23,ascorbic_acid_mg_g,pls,6.1508,2.7347065901114527,3.4160934098885476,-3.4160934098885476
S24,ascorbic_acid_mg_g,pls,4.4774,3.113301172042256,1.3640988279577444,-1.3640988279577444
S25,ascorbic_acid_mg_g,pls,4.4161,0.7216972832789168,3.6944027167210836,-3.6944027167210836
S26,ascorbic_acid_mg_g,pls,0.4058,1.742066886909022,1.336266886909022,1.336266886909022
S27,ascorbic_acid_mg_g,pls,0.4145,2.2039130918778462,1.7894130918778464,1.7894130918778464
S28,ascorbic_acid_mg_g,pls,0.6578,1.5038404671954313,0.8460404671954312,0.8460404671954312
S29,ascorbic_acid_mg_g,pls,0.8948,2.7831226519709134,1.8883226519709133,1.8883226519709133
S3,ascorbic_acid_mg_g,pls,2.0148,3.0141982917265944,0.9993982917265942,0.9993982917265942
S30,ascorbic_acid_mg_g,pls,4.283,1.6993285230255009,2.5836714769744997,-2.5836714769744997
S4,ascorbic_acid_mg_g,pls,0.3344,2.439313243308283,2.104913243308283,2.104913243308283
S5,ascorbic_acid_mg_g,pls,0.7087,2.9526069826984807,2.2439069826984808,2.2439069826984808
S6,ascorbic_acid_mg_g,pls,0.741,2.5508524375558546,1.8098524375558545,1.8098524375558545
S7,ascorbic_acid_mg_g,pls,0.4266,3.3124417332094804,2.8858417332094803,2.8858417332094803
S8,ascorbic_acid_mg_g,pls,4.7188,2.5496306769081793,2.1691693230918205,-2.1691693230918205
S9,ascorbic_acid_mg_g,pls,0.523,3.720193287655495,3.197193287655495,3.197193287655495
S1,ascorbic_acid_mg_g,gpr,0.5993,2.6135449424450528,2.014244942445053,2.014244942445053
S10,ascorbic_acid_mg_g,gpr,0.5144,2.6164724191597193,2.102072419159719,2.102072419159719
S11,ascorbic_acid_mg_g,gpr,0.3168,2.6232862051717207,2.3064862051717205,2.3064862051717205
S12,ascorbic_acid_mg_g,gpr,0.7728,2.6075620160578694,1.8347620160578693,1.8347620160578693
S13,ascorbic_acid_mg_g,gpr,5.2214,2.454162215066317,2.767237784933683,-2.767237784933683
S14,ascorbic_acid_mg_g,gpr,6.6354,2.405403305048709,4.229996694951291,-4.229996694951291
S15,ascorbic_acid_mg_g,gpr,4.0268,2.495355213853393,1.5314447861466065,-1.5314447861466065
S16,ascorbic_acid_mg_g,gpr,0.6726,2.6110172083560457,1.9384172083560456,1.9384172083560456
S17,ascorbic_acid_mg_g,gpr,0.3615,2.6217451597697043,2.2602451597697044,2.2602451597697044
S18,ascorbic_acid_mg_g,gpr,4.9734,2.462713765581408,2.510686234418592,-2.510686234418592
S19,ascorbic_acid_mg_g,gpr,5.5494,2.4428516806126828,3.1065483193873176,-3.1065483193873176
S2,ascorbic_acid_mg_g,gpr,0.9612,2.6010655613027467,1.6398655613027466,1.6398655613027466
S20,ascorbic_acid_mg_g,gpr,4.6014,2.475541465902627,2.125858534097373,-2.125858534097373
S21,ascorbic_acid_mg_g,gpr,4.9034,2.465127570428824,2.4382724295711764,-2.4382724295711764
S22,ascorbic_acid_mg_g,gpr,5.1148,2.4578375756386923,2.6569624243613075,-2.6569624243613075
S23,ascorbic_acid_mg_g,gpr,6.1508,2.422113809527471,3.7286861904725295,-3.7286861904725295
S24,ascorbic_acid_mg_g,gpr,4.4774,2.4798173253268847,1.9975826746731156,-1.9975826746731156
S25,ascorbic_acid_mg_g,gpr,4.4161,2.481931006971518,1.9341689930284822,-1.9341689930284822
S26,ascorbic_acid_mg_g,gpr,0.4058,2.6202171179765474,2.2144171179765473,2.2144171179765473
S27,ascorbic_acid_mg_g,gpr,0.4145,2.619917224918811,2.2054172249188113,2.2054172249188113
S28,ascorbic_acid_mg_g,gpr,0.6578,2.6115275672641425,1.9537275672641425,1.9537275672641425
S29,ascorbic_acid_mg_g,gpr,0.8948,2.603355198538876,1.708555198538876,1.708555198538876
S3,ascorbic_acid_mg_g,gpr,2.0148,2.564734531162025,0.549934531162025,0.549934531162025
S30,ascorbic_acid_mg_g,gpr,4.283,2.4865205994350323,1.796479400564968,-1.796479400564968
S4,ascorbic_acid_mg_g,gpr,0.3344,2.6226792641322976,2.2882792641322975,2.2882792641322975
S5,ascorbic_acid_mg_g,gpr,0.7087,2.6097724127190216,1.9010724127190217,1.9010724127190217
S6,ascorbic_acid_mg_g,gpr,0.741,2.608658889889369,1.867658889889369,1.867658889889369
S7,ascorbic_acid_mg_g,gpr,0.4266,2.619500113687769,2.192900113687769,2.192900113687769
S8,ascorbic_acid_mg_g,gpr,4.7188,2.4714931506528814,2.2473068493471184,-2.2473068493471184
S9,ascorbic_acid_mg_g,gpr,0.523,2.616175887125297,2.093175887125297,2.093175887125297
S1,ascorbic_acid_mg_g,random_forest,0.5993,3.7503545604071875,3.1510545604071876,3.1510545604071876
S10,ascorbic_acid_mg_g,random_forest,0.5144,2.2619229015003497,1.7475229015003497,1.7475229015003497
S11,ascorbic_acid_mg_g,random_forest,0.3168,2.9480285933621944,2.631228593362194,2.631228593362194
S12,ascorbic_acid_mg_g,random_forest,0.7728,1.5143819541458547,0.7415819541458547,0.7415819541458547
S13,ascorbic_acid_mg_g,random_forest,5.2214,2.345413627639028,2.875986372360972,-2.875986372360972
S14,ascorbic_acid_mg_g,random_forest,6.6354,2.0974535688792675,4.537946431120732,-4.537946431120732
S15,ascorbic_acid_mg_g,random_forest,4.0268,2.932082373508898,1.0947176264911018,-1.0947176264911018
S16,ascorbic_acid_mg_g,random_forest,0.6726,3.358236787421837,2.6856367874218368,2.6856367874218368
S17,ascorbic_acid_mg_g,random_forest,0.3615,3.873071770214045,3.511571770214045,3.511571770214045
S18,ascorbic_acid_mg_g,random_forest,4.9734,2.3776753790644554,2.5957246209355445,-2.5957246209355445
S19,ascorbic_acid_mg_g,random_forest,5.5494,2.1927043121572876,3.3566956878427128,-3.3566956878427128
S2,ascorbic_acid_mg_g,random_forest,0.9612,2.351672872468271,1.3904728724682711,1.3904728724682711
S20,ascorbic_acid_mg_g,random_forest,4.6014,2.799630869149368,1.8017691308506318,-1.8017691308506318
S21,ascorbic_acid_mg_g,random_forest,4.9034,1.6851392649739148,3.2182607350260857,-3.2182607350260857
S22,ascorbic_acid_mg_g,random_forest,5.1148,1.5643061348669849,3.550493865133015,-3.550493865133015
S23,ascorbic_acid_mg_g,random_forest,6.1508,2.655975439316241,3.4948245606837594,-3.4948245606837594
S24,ascorbic_acid_mg_g,random_forest,4.4774,3.0617290796518306,1.4156709203481697,-1.4156709203481697
S25,ascorbic_acid_mg_g,random_forest,4.4161,1.4126830577080332,3.0034169422919668,-3.0034169422919668
S26,ascorbic_acid_mg_g,random_forest,0.4058,1.4088141198495951,1.0030141198495952,1.0030141198495952
S27,ascorbic_acid_mg_g,random_forest,0.4145,1.853407742312317,1.4389077423123169,1.4389077423123169
S28,ascorbic_acid_mg_g,random_forest,0.6578,2.2365257902042384,1.5787257902042384,1.5787257902042384
S29,ascorbic_acid_mg_g,random_forest,0.8948,2.701049216721241,1.8062492167212412,1.8062492167212412
S3,ascorbic_acid_mg_g,random_forest,2.0148,3.4152650294085536,1.4004650294085534,1.4004650294085534
S30,ascorbic_acid_mg_g,random_forest,4.283,1.74747532910053,2.5355246708994703,-2.5355246708994703
S4,ascorbic_acid_mg_g,random_forest,0.3344,2.318210355485255,1.983810355485255,1.983810355485255
S5,ascorbic_acid_mg_g,random_forest,0.7087,3.222149981066154,2.513449981066154,2.513449981066154
S6,ascorbic_acid_mg_g,random_forest,0.741,3.6947904792836797,2.9537904792836795,2.9537904792836795
S7,ascorbic_acid_mg_g,random_forest,0.4266,3.0602873195406435,2.6336873195406434,2.6336873195406434
S8,ascorbic_acid_mg_g,random_forest,4.7188,2.52999190772006,2.18880809227994,-2.18880809227994
S9,ascorbic_acid_mg_g,random_forest,0.523,3.223693086009362,2.700693086009362,2.700693086009362
S1,ascorbic_acid_mg_g,xgboost,0.5993,4.229125022888184,3.6298250228881836,3.6298250228881836
S10,ascorbic_acid_mg_g,xgboost,0.5144,2.2398154735565186,1.7254154735565186,1.7254154735565186
S11,ascorbic_acid_mg_g,xgboost,0.3168,3.5875091552734375,3.2707091552734373,3.2707091552734373
S12,ascorbic_acid_mg_g,xgboost,0.7728,0.9641710519790649,0.1913710519790649,0.1913710519790649
S13,ascorbic_acid_mg_g,xgboost,5.2214,1.982121229171753,3.239278770828247,-3.239278770828247
S14,ascorbic_acid_mg_g,xgboost,6.6354,2.0517406463623047,4.583659353637695,-4.583659353637695
S15,ascorbic_acid_mg_g,xgboost,4.0268,3.292100667953491,0.7346993320465085,-0.7346993320465085
S16,ascorbic_acid_mg_g,xgboost,0.6726,3.411282539367676,2.7386825393676757,2.7386825393676757
S17,ascorbic_acid_mg_g,xgboost,0.3615,4.607827663421631,4.2463276634216305,4.2463276634216305
S18,ascorbic_acid_mg_g,xgboost,4.9734,2.4684460163116455,2.5049539836883543,-2.5049539836883543
S19,ascorbic_acid_mg_g,xgboost,5.5494,1.9671821594238281,3.582217840576172,-3.582217840576172
S2,ascorbic_acid_mg_g,xgboost,0.9612,2.848389148712158,1.8871891487121581,1.8871891487121581
S20,ascorbic_acid_mg_g,xgboost,4.6014,2.6006338596343994,2.0007661403656005,-2.0007661403656005
S21,ascorbic_acid_mg_g,xgboost,4.9034,1.1710450649261475,3.732354935073853,-3.732354935073853
S22,ascorbic_acid_mg_g,xgboost,5.1148,0.23345164954662323,4.881348350453377,-4.881348350453377
S23,ascorbic_acid_mg_g,xgboost,6.1508,2.6028659343719482,3.547934065628052,-3.547934065628052
S24,ascorbic_acid_mg_g,xgboost,4.4774,3.1254942417144775,1.3519057582855227,-1.3519057582855227
S25,ascorbic_acid_mg_g,xgboost,4.4161,1.4171717166900635,2.9989282833099367,-2.9989282833099367
S26,ascorbic_acid_mg_g,xgboost,0.4058,0.9943926334381104,0.5885926334381104,0.5885926334381104
S27,ascorbic_acid_mg_g,xgboost,0.4145,1.9886114597320557,1.5741114597320558,1.5741114597320558
S28,ascorbic_acid_mg_g,xgboost,0.6578,2.623340368270874,1.965540368270874,1.965540368270874
S29,ascorbic_acid_mg_g,xgboost,0.8948,2.7754814624786377,1.8806814624786377,1.8806814624786377
S3,ascorbic_acid_mg_g,xgboost,2.0148,3.9737210273742676,1.9589210273742674,1.9589210273742674
S30,ascorbic_acid_mg_g,xgboost,4.283,1.8675700426101685,2.415429957389832,-2.415429957389832
S4,ascorbic_acid_mg_g,xgboost,0.3344,1.9184341430664062,1.5840341430664062,1.5840341430664062
S5,ascorbic_acid_mg_g,xgboost,0.7087,2.968712329864502,2.260012329864502,2.260012329864502
S6,ascorbic_acid_mg_g,xgboost,0.741,4.0800862312316895,3.3390862312316894,3.3390862312316894
S7,ascorbic_acid_mg_g,xgboost,0.4266,3.375110626220703,2.948510626220703,2.948510626220703
S8,ascorbic_acid_mg_g,xgboost,4.7188,2.326401710510254,2.392398289489746,-2.392398289489746
S9,ascorbic_acid_mg_g,xgboost,0.523,3.6964049339294434,3.1734049339294432,3.1734049339294432
S1,ascorbic_acid_mg_g,catboost,0.5993,4.149006370058205,3.5497063700582054,3.5497063700582054
S10,ascorbic_acid_mg_g,catboost,0.5144,2.142697038775296,1.628297038775296,1.628297038775296
S11,ascorbic_acid_mg_g,catboost,0.3168,3.6031048187244705,3.2863048187244703,3.2863048187244703
S12,ascorbic_acid_mg_g,catboost,0.7728,1.1289208499113577,0.3561208499113576,0.3561208499113576
S13,ascorbic_acid_mg_g,catboost,5.2214,2.7335463452732753,2.4878536547267247,-2.4878536547267247
S14,ascorbic_acid_mg_g,catboost,6.6354,1.8048564124536641,4.830543587546336,-4.830543587546336
S15,ascorbic_acid_mg_g,catboost,4.0268,3.1907185704747856,0.8360814295252141,-0.8360814295252141
S16,ascorbic_acid_mg_g,catboost,0.6726,3.207809302083461,2.535209302083461,2.535209302083461
S17,ascorbic_acid_mg_g,catboost,0.3615,4.269716665935541,3.9082166659355413,3.9082166659355413
S18,ascorbic_acid_mg_g,catboost,4.9734,2.3791259710058017,2.594274028994198,-2.594274028994198
S19,ascorbic_acid_mg_g,catboost,5.5494,2.0043486821849172,3.545051317815083,-3.545051317815083
S2,ascorbic_acid_mg_g,catboost,0.9612,3.061535762119175,2.100335762119175,2.100335762119175
S20,ascorbic_acid_mg_g,catboost,4.6014,2.9420186203305563,1.6593813796694437,-1.6593813796694437
S21,ascorbic_acid_mg_g,catboost,4.9034,1.6676155048779455,3.235784495122055,-3.235784495122055
S22,ascorbic_acid_mg_g,catboost,5.1148,1.0496797721556548,4.065120227844345,-4.065120227844345
S23,ascorbic_acid_mg_g,catboost,6.1508,2.578748564993786,3.5720514350062142,-3.5720514350062142
S24,ascorbic_acid_mg_g,catboost,4.4774,2.827088733736078,1.6503112662639223,-1.6503112662639223
S25,ascorbic_acid_mg_g,catboost,4.4161,1.4096303286654845,3.0064696713345156,-3.0064696713345156
S26,ascorbic_acid_mg_g,catboost,0.4058,1.0921444485699954,0.6863444485699954,0.6863444485699954
S27,ascorbic_acid_mg_g,catboost,0.4145,2.3329706746274104,1.9184706746274105,1.9184706746274105
S28,ascorbic_acid_mg_g,catboost,0.6578,2.1775346742893977,1.5197346742893978,1.5197346742893978
S29,ascorbic_acid_mg_g,catboost,0.8948,2.7257915314600267,1.8309915314600267,1.8309915314600267
S3,ascorbic_acid_mg_g,catboost,2.0148,4.44937816287859,2.43457816287859,2.43457816287859
S30,ascorbic_acid_mg_g,catboost,4.283,1.7503801791502973,2.5326198208497033,-2.5326198208497033
S4,ascorbic_acid_mg_g,catboost,0.3344,2.1806481671646054,1.8462481671646054,1.8462481671646054
S5,ascorbic_acid_mg_g,catboost,0.7087,3.0240480188102423,2.3153480188102424,2.3153480188102424
S6,ascorbic_acid_mg_g,catboost,0.741,3.9765353790520104,3.2355353790520103,3.2355353790520103
S7,ascorbic_acid_mg_g,catboost,0.4266,3.043225243012235,2.6166252430122348,2.6166252430122348
S8,ascorbic_acid_mg_g,catboost,4.7188,2.2966515729265926,2.4221484270734073,-2.4221484270734073
S9,ascorbic_acid_mg_g,catboost,0.523,3.521197746260287,2.9981977462602867,2.9981977462602867
S1,ascorbic_acid_mg_g,mean,0.5993,2.6135448275862063,2.0142448275862064,2.0142448275862064
S10,ascorbic_acid_mg_g,mean,0.5144,2.6164724137931032,2.1020724137931035,2.1020724137931035
S11,ascorbic_acid_mg_g,mean,0.3168,2.6232862068965517,2.3064862068965515,2.3064862068965515
S12,ascorbic_acid_mg_g,mean,0.7728,2.607562068965517,1.8347620689655169,1.8347620689655169
S13,ascorbic_acid_mg_g,mean,5.2214,2.454162068965517,2.767237931034483,-2.767237931034483
S14,ascorbic_acid_mg_g,mean,6.6354,2.4054034482758624,4.229996551724137,-4.229996551724137
S15,ascorbic_acid_mg_g,mean,4.0268,2.4953551724137926,1.5314448275862071,-1.5314448275862071
S16,ascorbic_acid_mg_g,mean,0.6726,2.61101724137931,1.9384172413793097,1.9384172413793097
S17,ascorbic_acid_mg_g,mean,0.3615,2.6217448275862067,2.260244827586207,2.260244827586207
S18,ascorbic_acid_mg_g,mean,4.9734,2.4627137931034477,2.510686206896552,-2.510686206896552
S19,ascorbic_acid_mg_g,mean,5.5494,2.4428517241379306,3.1065482758620697,-3.1065482758620697
S2,ascorbic_acid_mg_g,mean,0.9612,2.6010655172413792,1.6398655172413792,1.6398655172413792
S20,ascorbic_acid_mg_g,mean,4.6014,2.4755413793103442,2.1258586206896557,-2.1258586206896557
S21,ascorbic_acid_mg_g,mean,4.9034,2.4651275862068958,2.4382724137931047,-2.4382724137931047
S22,ascorbic_acid_mg_g,mean,5.1148,2.457837931034482,2.656962068965518,-2.656962068965518
S23,ascorbic_acid_mg_g,mean,6.1508,2.422113793103448,3.728686206896552,-3.728686206896552
S24,ascorbic_acid_mg_g,mean,4.4774,2.4798172413793096,1.9975827586206907,-1.9975827586206907
S25,ascorbic_acid_mg_g,mean,4.4161,2.4819310344827583,1.9341689655172418,-1.9341689655172418
S26,ascorbic_acid_mg_g,mean,0.4058,2.6202172413793097,2.2144172413793095,2.2144172413793095
S27,ascorbic_acid_mg_g,mean,0.4145,2.6199172413793095,2.2054172413793096,2.2054172413793096
S28,ascorbic_acid_mg_g,mean,0.6578,2.6115275862068956,1.9537275862068957,1.9537275862068957
S29,ascorbic_acid_mg_g,mean,0.8948,2.6033551724137927,1.7085551724137926,1.7085551724137926
S3,ascorbic_acid_mg_g,mean,2.0148,2.56473448275862,0.5499344827586197,0.5499344827586197
S30,ascorbic_acid_mg_g,mean,4.283,2.4865206896551717,1.7964793103448287,-1.7964793103448287
S4,ascorbic_acid_mg_g,mean,0.3344,2.6226793103448274,2.2882793103448273,2.2882793103448273
S5,ascorbic_acid_mg_g,mean,0.7087,2.6097724137931038,1.9010724137931039,1.9010724137931039
S6,ascorbic_acid_mg_g,mean,0.741,2.6086586206896554,1.8676586206896553,1.8676586206896553
S7,ascorbic_acid_mg_g,mean,0.4266,2.6195000000000004,2.1929000000000003,2.1929000000000003
S8,ascorbic_acid_mg_g,mean,4.7188,2.471493103448276,2.247306896551724,-2.247306896551724
S9,ascorbic_acid_mg_g,mean,0.523,2.6161758620689657,2.0931758620689656,2.0931758620689656
S1,ascorbic_acid_mg_g,nearest_recipe,0.5993,5.2214,4.6221,4.6221
S10,ascorbic_acid_mg_g,nearest_recipe,0.5144,0.7728,0.2584000000000001,0.2584000000000001
S11,ascorbic_acid_mg_g,nearest_recipe,0.3168,4.9734,4.6566,4.6566
S12,ascorbic_acid_mg_g,nearest_recipe,0.7728,0.5144,0.2584000000000001,-0.2584000000000001
S13,ascorbic_acid_mg_g,nearest_recipe,5.2214,0.5993,4.6221,-4.6221
S14,ascorbic_acid_mg_g,nearest_recipe,6.6354,0.5993,6.036099999999999,-6.036099999999999
S15,ascorbic_acid_mg_g,nearest_recipe,4.0268,4.6014,0.5746000000000002,0.5746000000000002
S16,ascorbic_acid_mg_g,nearest_recipe,0.6726,0.7728,0.10020000000000007,0.10020000000000007
S17,ascorbic_acid_mg_g,nearest_recipe,0.3615,5.1148,4.753299999999999,4.753299999999999
S18,ascorbic_acid_mg_g,nearest_recipe,4.9734,0.3168,4.6566,-4.6566
S19,ascorbic_acid_mg_g,nearest_recipe,5.5494,0.5144,5.035,-5.035
S2,ascorbic_acid_mg_g,nearest_recipe,0.9612,6.6354,5.6742,5.6742
S20,ascorbic_acid_mg_g,nearest_recipe,4.6014,0.7728,3.8286,-3.8286
S21,ascorbic_acid_mg_g,nearest_recipe,4.9034,0.5144,4.389,-4.389
S22,ascorbic_acid_mg_g,nearest_recipe,5.1148,0.5993,4.515499999999999,-4.515499999999999
S23,ascorbic_acid_mg_g,nearest_recipe,6.1508,4.0268,2.1240000000000006,-2.1240000000000006
S24,ascorbic_acid_mg_g,nearest_recipe,4.4774,4.0268,0.45060000000000056,-0.45060000000000056
S25,ascorbic_acid_mg_g,nearest_recipe,4.4161,0.9612,3.4549000000000003,-3.4549000000000003
S26,ascorbic_acid_mg_g,nearest_recipe,0.4058,0.7728,0.36700000000000005,0.36700000000000005
S27,ascorbic_acid_mg_g,nearest_recipe,0.4145,0.7728,0.35830000000000006,0.35830000000000006
S28,ascorbic_acid_mg_g,nearest_recipe,0.6578,0.5144,0.14340000000000008,-0.14340000000000008
S29,ascorbic_acid_mg_g,nearest_recipe,0.8948,6.6354,5.7406,5.7406
S3,ascorbic_acid_mg_g,nearest_recipe,2.0148,4.0268,2.0119999999999996,2.0119999999999996
S30,ascorbic_acid_mg_g,nearest_recipe,4.283,0.5144,3.7686,-3.7686
S4,ascorbic_acid_mg_g,nearest_recipe,0.3344,0.7728,0.43840000000000007,0.43840000000000007
S5,ascorbic_acid_mg_g,nearest_recipe,0.7087,0.5993,0.10939999999999994,-0.10939999999999994
S6,ascorbic_acid_mg_g,nearest_recipe,0.741,0.5144,0.22660000000000002,-0.22660000000000002
S7,ascorbic_acid_mg_g,nearest_recipe,0.4266,0.3168,0.10979999999999995,-0.10979999999999995
S8,ascorbic_acid_mg_g,nearest_recipe,4.7188,0.6726,4.0462,-4.0462
S9,ascorbic_acid_mg_g,nearest_recipe,0.523,0.3168,0.2062,-0.2062
S1,oxalic_acid_mg_g,scheffe_quadratic,2.7505,2.5438491853480376,0.20665081465196256,-0.20665081465196256
S10,oxalic_acid_mg_g,scheffe_quadratic,2.6966,3.253818866571261,0.5572188665712607,0.5572188665712607
S11,oxalic_acid_mg_g,scheffe_quadratic,2.8325,3.11929738605932,0.28679738605932004,0.28679738605932004
S12,oxalic_acid_mg_g,scheffe_quadratic,4.0738,2.959570005556844,1.1142299944431562,-1.1142299944431562
S13,oxalic_acid_mg_g,scheffe_quadratic,2.398,2.783400351038872,0.38540035103887194,0.38540035103887194
S14,oxalic_acid_mg_g,scheffe_quadratic,2.6987,2.8196479539654,0.1209479539653997,0.1209479539653997
S15,oxalic_acid_mg_g,scheffe_quadratic,2.8176,3.2164624988569326,0.3988624988569325,0.3988624988569325
S16,oxalic_acid_mg_g,scheffe_quadratic,4.337,2.992874292723912,1.344125707276088,-1.344125707276088
S17,oxalic_acid_mg_g,scheffe_quadratic,2.9612,3.3943030584998604,0.4331030584998605,0.4331030584998605
S18,oxalic_acid_mg_g,scheffe_quadratic,2.9925,2.4952483793704445,0.49725162062955564,-0.49725162062955564
S19,oxalic_acid_mg_g,scheffe_quadratic,2.5327,3.3404877867859724,0.8077877867859722,0.8077877867859722
S2,oxalic_acid_mg_g,scheffe_quadratic,2.3276,2.565980673280046,0.2383806732800462,0.2383806732800462
S20,oxalic_acid_mg_g,scheffe_quadratic,3.4193,3.2685491895168775,0.15075081048312233,-0.15075081048312233
S21,oxalic_acid_mg_g,scheffe_quadratic,3.6303,3.2269067647523104,0.40339323524768966,-0.40339323524768966
S22,oxalic_acid_mg_g,scheffe_quadratic,3.2198,2.9688012703953137,0.2509987296046865,-0.2509987296046865
S23,oxalic_acid_mg_g,scheffe_quadratic,3.8258,2.461570295301285,1.3642297046987153,-1.3642297046987153
S24,oxalic_acid_mg_g,scheffe_quadratic,2.7375,3.305242273147096,0.567742273147096,0.567742273147096
S25,oxalic_acid_mg_g,scheffe_quadratic,2.4719,1.8569820326843112,0.614917967315689,-0.614917967315689
S26,oxalic_acid_mg_g,scheffe_quadratic,2.6095,2.470580385616052,0.13891961438394818,-0.13891961438394818
S27,oxalic_acid_mg_g,scheffe_quadratic,2.2518,3.0533316811485913,0.8015316811485915,0.8015316811485915
S28,oxalic_acid_mg_g,scheffe_quadratic,2.3299,2.7714675380566107,0.44156753805661086,0.44156753805661086
S29,oxalic_acid_mg_g,scheffe_quadratic,3.0578,3.0908193396374037,0.03301933963740389,0.03301933963740389
S3,oxalic_acid_mg_g,scheffe_quadratic,2.8983,3.1773123184448724,0.2790123184448725,0.2790123184448725
S30,oxalic_acid_mg_g,scheffe_quadratic,2.8903,2.750714955818851,0.1395850441811488,-0.1395850441811488
S4,oxalic_acid_mg_g,scheffe_quadratic,2.6522,3.196280043314475,0.5440800433144748,0.5440800433144748
S5,oxalic_acid_mg_g,scheffe_quadratic,2.6778,2.6267531401563677,0.05104685984363222,-0.05104685984363222
S6,oxalic_acid_mg_g,scheffe_quadratic,2.9513,2.94376225122508,0.007537748774919972,-0.007537748774919972
S7,oxalic_acid_mg_g,scheffe_quadratic,2.5359,3.1917791037354535,0.6558791037354537,0.6558791037354537
S8,oxalic_acid_mg_g,scheffe_quadratic,2.941,3.283098968357044,0.34209896835704434,0.34209896835704434
S9,oxalic_acid_mg_g,scheffe_quadratic,2.9774,2.0345464824270825,0.9428535175729174,-0.9428535175729174
S1,oxalic_acid_mg_g,ridge_a,2.7505,2.7940767222959684,0.04357672229596821,0.04357672229596821
S10,oxalic_acid_mg_g,ridge_a,2.6966,2.776622884707082,0.08002288470708185,0.08002288470708185
S11,oxalic_acid_mg_g,ridge_a,2.8325,3.11727574016844,0.2847757401684401,0.2847757401684401
S12,oxalic_acid_mg_g,ridge_a,4.0738,2.783302451357852,1.2904975486421484,-1.2904975486421484
S13,oxalic_acid_mg_g,ridge_a,2.398,2.904327729005581,0.506327729005581,0.506327729005581
S14,oxalic_acid_mg_g,ridge_a,2.6987,2.7533683426718025,0.05466834267180243,0.05466834267180243
S15,oxalic_acid_mg_g,ridge_a,2.8176,3.441620905178087,0.624020905178087,0.624020905178087
S16,oxalic_acid_mg_g,ridge_a,4.337,2.87685544600231,1.4601445539976896,-1.4601445539976896
S17,oxalic_acid_mg_g,ridge_a,2.9612,3.1036934048146074,0.1424934048146076,0.1424934048146076
S18,oxalic_acid_mg_g,ridge_a,2.9925,2.88215552637877,0.11034447362123023,-0.11034447362123023
S19,oxalic_acid_mg_g,ridge_a,2.5327,2.912960629553701,0.380260629553701,0.380260629553701
S2,oxalic_acid_mg_g,ridge_a,2.3276,2.70458151372173,0.3769815137217303,0.3769815137217303
S20,oxalic_acid_mg_g,ridge_a,3.4193,3.0727723583380553,0.3465276416619445,-0.3465276416619445
S21,oxalic_acid_mg_g,ridge_a,3.6303,2.931081709336628,0.6992182906633722,-0.6992182906633722
S22,oxalic_acid_mg_g,ridge_a,3.2198,2.8349206305718573,0.38487936942814294,-0.38487936942814294
S23,oxalic_acid_mg_g,ridge_a,3.8258,3.1328371955875505,0.6929628044124496,-0.6929628044124496
S24,oxalic_acid_mg_g,ridge_a,2.7375,3.180634839589519,0.4431348395895194,0.4431348395895194
S25,oxalic_acid_mg_g,ridge_a,2.4719,2.6492725841245512,0.17737258412455104,0.17737258412455104
S26,oxalic_acid_mg_g,ridge_a,2.6095,2.834220278418107,0.22472027841810682,0.22472027841810682
S27,oxalic_acid_mg_g,ridge_a,2.2518,2.880728107718441,0.628928107718441,0.628928107718441
S28,oxalic_acid_mg_g,ridge_a,2.3299,2.7493264826667976,0.4194264826667977,0.4194264826667977
S29,oxalic_acid_mg_g,ridge_a,3.0578,2.8536898918580826,0.2041101081419172,-0.2041101081419172
S3,oxalic_acid_mg_g,ridge_a,2.8983,3.2987323418070593,0.40043234180705944,0.40043234180705944
S30,oxalic_acid_mg_g,ridge_a,2.8903,2.6957333717368765,0.19456662826312332,-0.19456662826312332
S4,oxalic_acid_mg_g,ridge_a,2.6522,3.061911995013662,0.40971199501366184,0.40971199501366184
S5,oxalic_acid_mg_g,ridge_a,2.6778,2.695891318251696,0.018091318251696187,0.018091318251696187
S6,oxalic_acid_mg_g,ridge_a,2.9513,2.7937421580234485,0.15755784197655132,-0.15755784197655132
S7,oxalic_acid_mg_g,ridge_a,2.5359,3.0587030588740416,0.5228030588740418,0.5228030588740418
S8,oxalic_acid_mg_g,ridge_a,2.941,3.056432660153433,0.11543266015343301,0.11543266015343301
S9,oxalic_acid_mg_g,ridge_a,2.9774,2.9459588937681738,0.031441106231826055,-0.031441106231826055
S1,oxalic_acid_mg_g,ridge_b_no_intercept,2.7505,2.4970501050386407,0.2534498949613595,-0.2534498949613595
S10,oxalic_acid_mg_g,ridge_b_no_intercept,2.6966,2.52291615787696,0.17368384212304022,-0.17368384212304022
S11,oxalic_acid_mg_g,ridge_b_no_intercept,2.8325,2.624519594726397,0.20798040527360317,-0.20798040527360317
S12,oxalic_acid_mg_g,ridge_b_no_intercept,4.0738,2.492429747845729,1.5813702521542714,-1.5813702521542714
S13,oxalic_acid_mg_g,ridge_b_no_intercept,2.398,2.5594620385460667,0.16146203854606656,0.16146203854606656
S14,oxalic_acid_mg_g,ridge_b_no_intercept,2.6987,2.5026788215964255,0.19602117840357458,-0.19602117840357458
S15,oxalic_acid_mg_g,ridge_b_no_intercept,2.8176,2.6991652206830135,0.11843477931698665,-0.11843477931698665
S16,oxalic_acid_mg_g,ridge_b_no_intercept,4.337,2.5221374172739806,1.8148625827260192,-1.8148625827260192
S17,oxalic_acid_mg_g,ridge_b_no_intercept,2.9612,2.5912881957361567,0.3699118042638432,-0.3699118042638432
S18,oxalic_acid_mg_g,ridge_b_no_intercept,2.9925,2.542033160321168,0.4504668396788323,-0.4504668396788323
S19,oxalic_acid_mg_g,ridge_b_no_intercept,2.5327,2.5738206576352907,0.04112065763529049,0.04112065763529049
S2,oxalic_acid_mg_g,ridge_b_no_intercept,2.3276,2.4864145256361394,0.15881452563613951,0.15881452563613951
S20,oxalic_acid_mg_g,ridge_b_no_intercept,3.4193,2.5982476562508183,0.8210523437491815,-0.8210523437491815
S21,oxalic_acid_mg_g,ridge_b_no_intercept,3.6303,2.555072267653258,1.0752277323467423,-1.0752277323467423
S22,oxalic_acid_mg_g,ridge_b_no_intercept,3.2198,2.4881630115543767,0.7316369884456235,-0.7316369884456235
S23,oxalic_acid_mg_g,ridge_b_no_intercept,3.8258,2.5670432723342893,1.2587567276657108,-1.2587567276657108
S24,oxalic_acid_mg_g,ridge_b_no_intercept,2.7375,2.6416176419196926,0.0958823580803072,-0.0958823580803072
S25,oxalic_acid_mg_g,ridge_b_no_intercept,2.4719,2.4678878986433346,0.004012101356665632,-0.004012101356665632
S26,oxalic_acid_mg_g,ridge_b_no_intercept,2.6095,2.5243310950339604,0.0851689049660398,-0.0851689049660398
S27,oxalic_acid_mg_g,ridge_b_no_intercept,2.2518,2.5536314895062797,0.3018314895062799,0.3018314895062799
S28,oxalic_acid_mg_g,ridge_b_no_intercept,2.3299,2.5131042562059687,0.1832042562059688,0.1832042562059688
S29,oxalic_acid_mg_g,ridge_b_no_intercept,3.0578,2.519904218577678,0.5378957814223218,-0.5378957814223218
S3,oxalic_acid_mg_g,ridge_b_no_intercept,2.8983,2.6513568853836227,0.2469431146163772,-0.2469431146163772
S30,oxalic_acid_mg_g,ridge_b_no_intercept,2.8903,2.4855892034190514,0.40471079658094844,-0.40471079658094844
S4,oxalic_acid_mg_g,ridge_b_no_intercept,2.6522,2.5988996013403156,0.0533003986596845,-0.0533003986596845
S5,oxalic_acid_mg_g,ridge_b_no_intercept,2.6778,2.4640784810458474,0.2137215189541526,-0.2137215189541526
S6,oxalic_acid_mg_g,ridge_b_no_intercept,2.9513,2.521939279561289,0.4293607204387109,-0.4293607204387109
S7,oxalic_acid_mg_g,ridge_b_no_intercept,2.5359,2.616042644982287,0.08014264498228707,0.08014264498228707
S8,oxalic_acid_mg_g,ridge_b_no_intercept,2.941,2.592660286483102,0.34833971351689774,-0.34833971351689774
S9,oxalic_acid_mg_g,ridge_b_no_intercept,2.9774,2.551721079073311,0.4256789209266887,-0.4256789209266887
S1,oxalic_acid_mg_g,pls,2.7505,2.7909547127187477,0.040454712718747565,0.040454712718747565
S10,oxalic_acid_mg_g,pls,2.6966,2.773178460037788,0.0765784600377879,0.0765784600377879
S11,oxalic_acid_mg_g,pls,2.8325,3.1260620934147028,0.29356209341470274,0.29356209341470274
S12,oxalic_acid_mg_g,pls,4.0738,2.7806329833571826,1.2931670166428177,-1.2931670166428177
S13,oxalic_acid_mg_g,pls,2.398,2.9049323973409344,0.5069323973409343,0.5069323973409343
S14,oxalic_acid_mg_g,pls,2.6987,2.7487553558867153,0.05005535588671517,0.05005535588671517
S15,oxalic_acid_mg_g,pls,2.8176,3.4569732000584286,0.6393732000584285,0.6393732000584285
S16,oxalic_acid_mg_g,pls,4.337,2.877066785970815,1.4599332140291845,-1.4599332140291845
S17,oxalic_acid_mg_g,pls,2.9612,3.1085845395573317,0.14738453955733188,0.14738453955733188
S18,oxalic_acid_mg_g,pls,2.9925,2.882045910646621,0.11045408935337919,-0.11045408935337919
S19,oxalic_acid_mg_g,pls,2.5327,2.915962531653674,0.38326253165367374,0.38326253165367374
S2,oxalic_acid_mg_g,pls,2.3276,2.697785341228303,0.37018534122830316,0.37018534122830316
S20,oxalic_acid_mg_g,pls,3.4193,3.0773765222539775,0.3419234777460223,-0.3419234777460223
S21,oxalic_acid_mg_g,pls,3.6303,2.9316971554115305,0.6986028445884696,-0.6986028445884696
S22,oxalic_acid_mg_g,pls,3.2198,2.8317844100495795,0.38801558995042074,-0.38801558995042074
S23,oxalic_acid_mg_g,pls,3.8258,3.1382906796888674,0.6875093203111327,-0.6875093203111327
S24,oxalic_acid_mg_g,pls,2.7375,3.18783648291611,0.4503364829161103,0.4503364829161103
S25,oxalic_acid_mg_g,pls,2.4719,2.640911506674091,0.16901150667409093,0.16901150667409093
S26,oxalic_acid_mg_g,pls,2.6095,2.831782054362793,0.2222820543627928,0.2222820543627928
S27,oxalic_acid_mg_g,pls,2.2518,2.8795175607478103,0.6277175607478105,0.6277175607478105
S28,oxalic_acid_mg_g,pls,2.3299,2.7443013389084228,0.4144013389084229,0.4144013389084229
S29,oxalic_acid_mg_g,pls,3.0578,2.851235963276385,0.206564036723615,-0.206564036723615
S3,oxalic_acid_mg_g,pls,2.8983,3.3086669164108096,0.4103669164108097,0.4103669164108097
S30,oxalic_acid_mg_g,pls,2.8903,2.689462007508794,0.20083799249120604,-0.20083799249120604
S4,oxalic_acid_mg_g,pls,2.6522,3.065150140986481,0.4129501409864811,0.4129501409864811
S5,oxalic_acid_mg_g,pls,2.6778,2.689258158992262,0.011458158992262213,0.011458158992262213
S6,oxalic_acid_mg_g,pls,2.9513,2.790829447007101,0.1604705529928987,-0.1604705529928987
S7,oxalic_acid_mg_g,pls,2.5359,3.0635125830438628,0.5276125830438629,0.5276125830438629
S8,oxalic_acid_mg_g,pls,2.941,3.0597817316670586,0.11878173166705874,0.11878173166705874
S9,oxalic_acid_mg_g,pls,2.9774,2.948653651029764,0.028746348970235758,-0.028746348970235758
S1,oxalic_acid_mg_g,gpr,2.7505,2.8909827188487167,0.14048271884871655,0.14048271884871655
S10,oxalic_acid_mg_g,gpr,2.6966,2.9894690946017555,0.29286909460175536,0.29286909460175536
S11,oxalic_acid_mg_g,gpr,2.8325,2.9207235055804177,0.0882235055804177,0.0882235055804177
S12,oxalic_acid_mg_g,gpr,4.0738,2.916169201841656,1.1576307981583445,-1.1576307981583445
S13,oxalic_acid_mg_g,gpr,2.398,2.9009879630792965,0.5029879630792964,0.5029879630792964
S14,oxalic_acid_mg_g,gpr,2.6987,2.8960479498484983,0.19734794984849824,0.19734794984849824
S15,oxalic_acid_mg_g,gpr,2.8176,3.0147116047517013,0.1971116047517012,0.1971116047517012
S16,oxalic_acid_mg_g,gpr,4.337,2.93688876179247,1.4001112382075296,-1.4001112382075296
S17,oxalic_acid_mg_g,gpr,2.9612,3.0012853656725724,0.04008536567257259,0.04008536567257259
S18,oxalic_acid_mg_g,gpr,2.9925,2.793432133902972,0.1990678660970282,-0.1990678660970282
S19,oxalic_acid_mg_g,gpr,2.5327,2.955684367531503,0.42298436753150304,0.42298436753150304
S2,oxalic_acid_mg_g,gpr,2.3276,2.8944022735880863,0.5668022735880864,0.5668022735880864
S20,oxalic_acid_mg_g,gpr,3.4193,2.9742387376798076,0.44506126232019216,-0.44506126232019216
S21,oxalic_acid_mg_g,gpr,3.6303,2.8919379479243665,0.7383620520756335,-0.7383620520756335
S22,oxalic_acid_mg_g,gpr,3.2198,2.888957202106665,0.33084279789333504,-0.33084279789333504
S23,oxalic_acid_mg_g,gpr,3.8258,2.857520439672675,0.9682795603273249,-0.9682795603273249
S24,oxalic_acid_mg_g,gpr,2.7375,3.093636394579608,0.35613639457960833,0.35613639457960833
S25,oxalic_acid_mg_g,gpr,2.4719,2.8548347058444885,0.3829347058444883,0.3829347058444883
S26,oxalic_acid_mg_g,gpr,2.6095,2.874934898296761,0.2654348982967609,0.2654348982967609
S27,oxalic_acid_mg_g,gpr,2.2518,3.034747670425203,0.7829476704252034,0.7829476704252034
S28,oxalic_acid_mg_g,gpr,2.3299,2.911539864901428,0.5816398649014283,0.5816398649014283
S29,oxalic_acid_mg_g,gpr,3.0578,2.92047941480303,0.13732058519696988,-0.13732058519696988
S3,oxalic_acid_mg_g,gpr,2.8983,2.9776674029609556,0.07936740296095568,0.07936740296095568
S30,oxalic_acid_mg_g,gpr,2.8903,2.87690480064958,0.013395199350419773,-0.013395199350419773
S4,oxalic_acid_mg_g,gpr,2.6522,2.9935712859810866,0.34137128598108646,0.34137128598108646
S5,oxalic_acid_mg_g,gpr,2.6778,2.898439781915319,0.22063978191531897,0.22063978191531897
S6,oxalic_acid_mg_g,gpr,2.9513,2.9594230063162748,0.008123006316274939,0.008123006316274939
S7,oxalic_acid_mg_g,gpr,2.5359,3.0222476036866275,0.48634760368662766,0.48634760368662766
S8,oxalic_acid_mg_g,gpr,2.941,3.0568832796671184,0.11588327966711853,0.11588327966711853
S9,oxalic_acid_mg_g,gpr,2.9774,2.8819019889228588,0.09549801107714107,-0.09549801107714107
S1,oxalic_acid_mg_g,random_forest,2.7505,2.742931180945908,0.007568819054092124,-0.007568819054092124
S10,oxalic_acid_mg_g,random_forest,2.6966,2.7027699785492283,0.006169978549228183,0.006169978549228183
S11,oxalic_acid_mg_g,random_forest,2.8325,3.2231727853146834,0.3906727853146834,0.3906727853146834
S12,oxalic_acid_mg_g,random_forest,4.0738,2.831098995115995,1.2427010048840055,-1.2427010048840055
S13,oxalic_acid_mg_g,random_forest,2.398,2.80695168491046,0.40895168491045997,0.40895168491045997
S14,oxalic_acid_mg_g,random_forest,2.6987,2.788576853489104,0.08987685348910368,0.08987685348910368
S15,oxalic_acid_mg_g,random_forest,2.8176,3.2381898342712847,0.4205898342712846,0.4205898342712846
S16,oxalic_acid_mg_g,random_forest,4.337,3.074965477568728,1.262034522431272,-1.262034522431272
S17,oxalic_acid_mg_g,random_forest,2.9612,3.0070802004569495,0.04588020045694963,0.04588020045694963
S18,oxalic_acid_mg_g,random_forest,2.9925,2.7382437187321926,0.2542562812678075,-0.2542562812678075
S19,oxalic_acid_mg_g,random_forest,2.5327,2.8901131192844187,0.35741311928441855,0.35741311928441855
S2,oxalic_acid_mg_g,random_forest,2.3276,2.6479383064814823,0.3203383064814824,0.3203383064814824
S20,oxalic_acid_mg_g,random_forest,3.4193,3.2493698535742053,0.16993014642579451,-0.16993014642579451
S21,oxalic_acid_mg_g,random_forest,3.6303,3.1916232278138543,0.43867677218614576,-0.43867677218614576
S22,oxalic_acid_mg_g,random_forest,3.2198,2.96396884955785,0.25583115044215043,-0.25583115044215043
S23,oxalic_acid_mg_g,random_forest,3.8258,2.8730762029368795,0.9527237970631206,-0.9527237970631206
S24,oxalic_acid_mg_g,random_forest,2.7375,3.260926711272986,0.523426711272986,0.523426711272986
S25,oxalic_acid_mg_g,random_forest,2.4719,2.659652322653273,0.18775232265327269,0.18775232265327269
S26,oxalic_acid_mg_g,random_forest,2.6095,2.980074668438969,0.370574668438969,0.370574668438969
S27,oxalic_acid_mg_g,random_forest,2.2518,3.1212851408776405,0.8694851408776407,0.8694851408776407
S28,oxalic_acid_mg_g,random_forest,2.3299,2.8121820136853897,0.4822820136853898,0.4822820136853898
S29,oxalic_acid_mg_g,random_forest,3.0578,3.084489265355939,0.026689265355939185,0.026689265355939185
S3,oxalic_acid_mg_g,random_forest,2.8983,3.1732273170782896,0.27492731707828977,0.27492731707828977
S30,oxalic_acid_mg_g,random_forest,2.8903,2.5947724044261298,0.2955275955738701,-0.2955275955738701
S4,oxalic_acid_mg_g,random_forest,2.6522,2.967806207479556,0.31560620747955603,0.31560620747955603
S5,oxalic_acid_mg_g,random_forest,2.6778,2.793658934513635,0.11585893451363516,0.11585893451363516
S6,oxalic_acid_mg_g,random_forest,2.9513,2.755682942293816,0.19561705770618376,-0.19561705770618376
S7,oxalic_acid_mg_g,random_forest,2.5359,3.295606311490362,0.7597063114903624,0.7597063114903624
S8,oxalic_acid_mg_g,random_forest,2.941,3.1414652039201543,0.20046520392015443,0.20046520392015443
S9,oxalic_acid_mg_g,random_forest,2.9774,2.731050927577977,0.24634907242202297,-0.24634907242202297
S1,oxalic_acid_mg_g,xgboost,2.7505,2.7491469383239746,0.0013530616760255576,-0.0013530616760255576
S10,oxalic_acid_mg_g,xgboost,2.6966,2.7764170169830322,0.07981701698303212,0.07981701698303212
S11,oxalic_acid_mg_g,xgboost,2.8325,3.1502633094787598,0.31776330947875975,0.31776330947875975
S12,oxalic_acid_mg_g,xgboost,4.0738,2.791898727416992,1.2819012725830081,-1.2819012725830081
S13,oxalic_acid_mg_g,xgboost,2.398,2.828192710876465,0.4301927108764647,0.4301927108764647
S14,oxalic_acid_mg_g,xgboost,2.6987,2.8819968700408936,0.18329687004089346,0.18329687004089346
S15,oxalic_acid_mg_g,xgboost,2.8176,3.3700294494628906,0.5524294494628905,0.5524294494628905
S16,oxalic_acid_mg_g,xgboost,4.337,3.110326051712036,1.2266739482879636,-1.2266739482879636
S17,oxalic_acid_mg_g,xgboost,2.9612,2.9562292098999023,0.0049707901000974886,-0.0049707901000974886
S18,oxalic_acid_mg_g,xgboost,2.9925,2.620002031326294,0.3724979686737062,-0.3724979686737062
S19,oxalic_acid_mg_g,xgboost,2.5327,3.074090003967285,0.541390003967285,0.541390003967285
S2,oxalic_acid_mg_g,xgboost,2.3276,2.608501434326172,0.280901434326172,0.280901434326172
S20,oxalic_acid_mg_g,xgboost,3.4193,3.313425064086914,0.10587493591308572,-0.10587493591308572
S21,oxalic_acid_mg_g,xgboost,3.6303,3.0155107975006104,0.6147892024993897,-0.6147892024993897
S22,oxalic_acid_mg_g,xgboost,3.2198,2.9240922927856445,0.2957077072143557,-0.2957077072143557
S23,oxalic_acid_mg_g,xgboost,3.8258,2.778306722640991,1.0474932773590089,-1.0474932773590089
S24,oxalic_acid_mg_g,xgboost,2.7375,3.2668118476867676,0.5293118476867678,0.5293118476867678
S25,oxalic_acid_mg_g,xgboost,2.4719,2.424686908721924,0.04721309127807638,-0.04721309127807638
S26,oxalic_acid_mg_g,xgboost,2.6095,2.846282720565796,0.23678272056579575,0.23678272056579575
S27,oxalic_acid_mg_g,xgboost,2.2518,3.172729969024658,0.9209299690246584,0.9209299690246584
S28,oxalic_acid_mg_g,xgboost,2.3299,2.914309024810791,0.5844090248107912,0.5844090248107912
S29,oxalic_acid_mg_g,xgboost,3.0578,3.0710198879241943,0.013219887924194484,0.013219887924194484
S3,oxalic_acid_mg_g,xgboost,2.8983,3.149932384490967,0.2516323844909669,0.2516323844909669
S30,oxalic_acid_mg_g,xgboost,2.8903,2.730562210083008,0.15973778991699206,-0.15973778991699206
S4,oxalic_acid_mg_g,xgboost,2.6522,2.9152090549468994,0.2630090549468993,0.2630090549468993
S5,oxalic_acid_mg_g,xgboost,2.6778,2.7821238040924072,0.10432380409240727,0.10432380409240727
S6,oxalic_acid_mg_g,xgboost,2.9513,2.7593977451324463,0.19190225486755352,-0.19190225486755352
S7,oxalic_acid_mg_g,xgboost,2.5359,3.32134747505188,0.7854474750518801,0.7854474750518801
S8,oxalic_acid_mg_g,xgboost,2.941,3.0952389240264893,0.15423892402648942,0.15423892402648942
S9,oxalic_acid_mg_g,xgboost,2.9774,2.6600840091705322,0.3173159908294676,-0.3173159908294676
S1,oxalic_acid_mg_g,catboost,2.7505,2.719034501313603,0.031465498686397364,-0.031465498686397364
S10,oxalic_acid_mg_g,catboost,2.6966,2.8670671104766448,0.17046711047664465,0.17046711047664465
S11,oxalic_acid_mg_g,catboost,2.8325,3.0762329739182377,0.24373297391823767,0.24373297391823767
S12,oxalic_acid_mg_g,catboost,4.0738,2.883901745863866,1.1898982541361343,-1.1898982541361343
S13,oxalic_acid_mg_g,catboost,2.398,2.834982107990701,0.4369821079907008,0.4369821079907008
S14,oxalic_acid_mg_g,catboost,2.6987,2.8136962077062218,0.11499620770622165,0.11499620770622165
S15,oxalic_acid_mg_g,catboost,2.8176,3.100582679547092,0.282982679547092,0.282982679547092
S16,oxalic_acid_mg_g,catboost,4.337,3.0493290248975247,1.287670975102475,-1.287670975102475
S17,oxalic_acid_mg_g,catboost,2.9612,3.176843752330841,0.2156437523308412,0.2156437523308412
S18,oxalic_acid_mg_g,catboost,2.9925,2.694056676638412,0.29844332336158796,-0.29844332336158796
S19,oxalic_acid_mg_g,catboost,2.5327,2.9623303564682004,0.42963035646820025,0.42963035646820025
S2,oxalic_acid_mg_g,catboost,2.3276,2.635258041362872,0.3076580413628722,0.3076580413628722
S20,oxalic_acid_mg_g,catboost,3.4193,3.392149980361361,0.027150019638638945,-0.027150019638638945
S21,oxalic_acid_mg_g,catboost,3.6303,3.1634994820822193,0.46680051791778077,-0.46680051791778077
S22,oxalic_acid_mg_g,catboost,3.2198,3.004165826603085,0.21563417339691515,-0.21563417339691515
S23,oxalic_acid_mg_g,catboost,3.8258,2.9187442547406715,0.9070557452593286,-0.9070557452593286
S24,oxalic_acid_mg_g,catboost,2.7375,3.149976251514083,0.4124762515140832,0.4124762515140832
S25,oxalic_acid_mg_g,catboost,2.4719,2.4961290798607454,0.024229079860745184,0.024229079860745184
S26,oxalic_acid_mg_g,catboost,2.6095,2.8042868302024746,0.19478683020247445,0.19478683020247445
S27,oxalic_acid_mg_g,catboost,2.2518,3.169825299623846,0.9180252996238463,0.9180252996238463
S28,oxalic_acid_mg_g,catboost,2.3299,2.9173828610534183,0.5874828610534184,0.5874828610534184
S29,oxalic_acid_mg_g,catboost,3.0578,2.8811083232568415,0.17669167674315833,-0.17669167674315833
S3,oxalic_acid_mg_g,catboost,2.8983,3.168643280757207,0.27034328075720726,0.27034328075720726
S30,oxalic_acid_mg_g,catboost,2.8903,2.6817428045834326,0.20855719541656725,-0.20855719541656725
S4,oxalic_acid_mg_g,catboost,2.6522,2.93730981708135,0.28510981708134997,0.28510981708134997
S5,oxalic_acid_mg_g,catboost,2.6778,2.6754947014126227,0.002305298587377269,-0.002305298587377269
S6,oxalic_acid_mg_g,catboost,2.9513,2.7531210140077245,0.19817898599227535,-0.19817898599227535
S7,oxalic_acid_mg_g,catboost,2.5359,3.211128339503818,0.6752283395038181,0.6752283395038181
S8,oxalic_acid_mg_g,catboost,2.941,3.004071183578166,0.06307118357816632,0.06307118357816632
S9,oxalic_acid_mg_g,catboost,2.9774,2.71267326092078,0.2647267390792196,-0.2647267390792196
S1,oxalic_acid_mg_g,mean,2.7505,2.922275862068966,0.17177586206896578,0.17177586206896578
S10,oxalic_acid_mg_g,mean,2.6966,2.924134482758621,0.22753448275862098,0.22753448275862098
S11,oxalic_acid_mg_g,mean,2.8325,2.9194482758620697,0.08694827586206966,0.08694827586206966
S12,oxalic_acid_mg_g,mean,4.0738,2.8766448275862078,1.1971551724137925,-1.1971551724137925
S13,oxalic_acid_mg_g,mean,2.398,2.9344310344827593,0.5364310344827592,0.5364310344827592
S14,oxalic_acid_mg_g,mean,2.6987,2.9240620689655175,0.22536206896551736,0.22536206896551736
S15,oxalic_acid_mg_g,mean,2.8176,2.9199620689655177,0.10236206896551758,0.10236206896551758
S16,oxalic_acid_mg_g,mean,4.337,2.8675689655172416,1.4694310344827581,-1.4694310344827581
S17,oxalic_acid_mg_g,mean,2.9612,2.9150103448275866,0.046189655172413246,-0.046189655172413246
S18,oxalic_acid_mg_g,mean,2.9925,2.913931034482759,0.07856896551724102,-0.07856896551724102
S19,oxalic_acid_mg_g,mean,2.5327,2.9297862068965523,0.39708620689655216,0.39708620689655216
S2,oxalic_acid_mg_g,mean,2.3276,2.9368586206896556,0.6092586206896557,0.6092586206896557
S20,oxalic_acid_mg_g,mean,3.4193,2.8992137931034483,0.5200862068965515,-0.5200862068965515
S21,oxalic_acid_mg_g,mean,3.6303,2.891937931034483,0.7383620689655173,-0.7383620689655173
S22,oxalic_acid_mg_g,mean,3.2198,2.906093103448276,0.31370689655172423,-0.31370689655172423
S23,oxalic_acid_mg_g,mean,3.8258,2.8851965517241385,0.9406034482758616,-0.9406034482758616
S24,oxalic_acid_mg_g,mean,2.7375,2.922724137931035,0.18522413793103532,0.18522413793103532
S25,oxalic_acid_mg_g,mean,2.4719,2.9318827586206906,0.4599827586206904,0.4599827586206904
S26,oxalic_acid_mg_g,mean,2.6095,2.9271379310344834,0.31763793103448323,0.31763793103448323
S27,oxalic_acid_mg_g,mean,2.2518,2.939472413793104,0.6876724137931043,0.6876724137931043
S28,oxalic_acid_mg_g,mean,2.3299,2.936779310344828,0.6068793103448282,0.6068793103448282
S29,oxalic_acid_mg_g,mean,3.0578,2.911679310344828,0.1461206896551719,-0.1461206896551719
S3,oxalic_acid_mg_g,mean,2.8983,2.9171793103448285,0.018879310344828593,0.018879310344828593
S30,oxalic_acid_mg_g,mean,2.8903,2.917455172413794,0.02715517241379395,0.02715517241379395
S4,oxalic_acid_mg_g,mean,2.6522,2.92566551724138,0.2734655172413798,0.2734655172413798
S5,oxalic_acid_mg_g,mean,2.6778,2.92478275862069,0.24698275862068986,0.24698275862068986
S6,oxalic_acid_mg_g,mean,2.9513,2.915351724137931,0.03594827586206861,-0.03594827586206861
S7,oxalic_acid_mg_g,mean,2.5359,2.929675862068966,0.3937758620689662,0.3937758620689662
S8,oxalic_acid_mg_g,mean,2.941,2.9157068965517245,0.02529310344827529,-0.02529310344827529
S9,oxalic_acid_mg_g,mean,2.9774,2.9144517241379315,0.0629482758620683,-0.0629482758620683
S1,oxalic_acid_mg_g,nearest_recipe,2.7505,2.398,0.35250000000000004,-0.35250000000000004
S10,oxalic_acid_mg_g,nearest_recipe,2.6966,4.0738,1.3772000000000002,1.3772000000000002
S11,oxalic_acid_mg_g,nearest_recipe,2.8325,2.9925,0.16000000000000014,0.16000000000000014
S12,oxalic_acid_mg_g,nearest_recipe,4.0738,2.6966,1.3772000000000002,-1.3772000000000002
S13,oxalic_acid_mg_g,nearest_recipe,2.398,2.7505,0.35250000000000004,0.35250000000000004
S14,oxalic_acid_mg_g,nearest_recipe,2.6987,2.7505,0.05180000000000007,0.05180000000000007
S15,oxalic_acid_mg_g,nearest_recipe,2.8176,3.4193,0.6016999999999997,0.6016999999999997
S16,oxalic_acid_mg_g,nearest_recipe,4.337,4.0738,0.26319999999999943,-0.26319999999999943
S17,oxalic_acid_mg_g,nearest_recipe,2.9612,3.2198,0.2586000000000004,0.2586000000000004
S18,oxalic_acid_mg_g,nearest_recipe,2.9925,2.8325,0.16000000000000014,-0.16000000000000014
S19,oxalic_acid_mg_g,nearest_recipe,2.5327,2.6966,0.16389999999999993,0.16389999999999993
S2,oxalic_acid_mg_g,nearest_recipe,2.3276,2.6987,0.3711000000000002,0.3711000000000002
S20,oxalic_acid_mg_g,nearest_recipe,3.4193,4.0738,0.6545000000000005,0.6545000000000005
S21,oxalic_acid_mg_g,nearest_recipe,3.6303,2.6966,0.9337,-0.9337
S22,oxalic_acid_mg_g,nearest_recipe,3.2198,2.7505,0.46930000000000005,-0.46930000000000005
S23,oxalic_acid_mg_g,nearest_recipe,3.8258,2.8176,1.0082,-1.0082
S24,oxalic_acid_mg_g,nearest_recipe,2.7375,2.8176,0.08010000000000028,0.08010000000000028
S25,oxalic_acid_mg_g,nearest_recipe,2.4719,2.3276,0.14430000000000032,-0.14430000000000032
S26,oxalic_acid_mg_g,nearest_recipe,2.6095,4.0738,1.4643000000000002,1.4643000000000002
S27,oxalic_acid_mg_g,nearest_recipe,2.2518,4.0738,1.8220000000000005,1.8220000000000005
S28,oxalic_acid_mg_g,nearest_recipe,2.3299,2.6966,0.36670000000000025,0.36670000000000025
S29,oxalic_acid_mg_g,nearest_recipe,3.0578,2.6987,0.35909999999999975,-0.35909999999999975
S3,oxalic_acid_mg_g,nearest_recipe,2.8983,2.8176,0.08069999999999977,-0.08069999999999977
S30,oxalic_acid_mg_g,nearest_recipe,2.8903,2.6966,0.19369999999999976,-0.19369999999999976
S4,oxalic_acid_mg_g,nearest_recipe,2.6522,4.0738,1.4216000000000002,1.4216000000000002
S5,oxalic_acid_mg_g,nearest_recipe,2.6778,2.7505,0.07270000000000021,0.07270000000000021
S6,oxalic_acid_mg_g,nearest_recipe,2.9513,2.6966,0.2546999999999997,-0.2546999999999997
S7,oxalic_acid_mg_g,nearest_recipe,2.5359,2.8325,0.2966000000000002,0.2966000000000002
S8,oxalic_acid_mg_g,nearest_recipe,2.941,4.337,1.396,1.396
S9,oxalic_acid_mg_g,nearest_recipe,2.9774,2.8325,0.1448999999999998,-0.1448999999999998
S1,galic_acid_mg_g,scheffe_quadratic,2.5309,2.4845039497036807,0.04639605029631921,-0.04639605029631921
S10,galic_acid_mg_g,scheffe_quadratic,2.1465,2.3423352530158588,0.1958352530158587,0.1958352530158587
S11,galic_acid_mg_g,scheffe_quadratic,2.2977,2.371981734263196,0.07428173426319606,0.07428173426319606
S12,galic_acid_mg_g,scheffe_quadratic,2.2867,2.2671631012576587,0.019536898742341435,-0.019536898742341435
S13,galic_acid_mg_g,scheffe_quadratic,2.4164,2.3880894949729345,0.028310505027065336,-0.028310505027065336
S14,galic_acid_mg_g,scheffe_quadratic,2.3394,2.4009576858799857,0.06155768587998578,0.06155768587998578
S15,galic_acid_mg_g,scheffe_quadratic,2.4402,2.5287370375249676,0.08853703752496767,0.08853703752496767
S16,galic_acid_mg_g,scheffe_quadratic,2.4152,2.304978467687804,0.11022153231219622,-0.11022153231219622
S17,galic_acid_mg_g,scheffe_quadratic,2.4149,2.443295432265797,0.028395432265797105,0.028395432265797105
S18,galic_acid_mg_g,scheffe_quadratic,2.2845,2.358723962985309,0.0742239629853092,0.0742239629853092
S19,galic_acid_mg_g,scheffe_quadratic,2.1568,2.3665406780468414,0.20974067804684138,0.20974067804684138
S2,galic_acid_mg_g,scheffe_quadratic,2.216,2.4527128999830086,0.23671289998300837,0.23671289998300837
S20,galic_acid_mg_g,scheffe_quadratic,2.4701,2.320835577141665,0.14926442285833508,-0.14926442285833508
S21,galic_acid_mg_g,scheffe_quadratic,2.3937,2.2884720939061873,0.1052279060938126,-0.1052279060938126
S22,galic_acid_mg_g,scheffe_quadratic,2.3943,2.591390840451386,0.19709084045138603,0.19709084045138603
S23,galic_acid_mg_g,scheffe_quadratic,2.622,2.3316637127972895,0.29033628720271043,-0.29033628720271043
S24,galic_acid_mg_g,scheffe_quadratic,2.2314,2.4374227589096376,0.20602275890963773,0.20602275890963773
S25,galic_acid_mg_g,scheffe_quadratic,2.2213,2.311759231002709,0.09045923100270903,0.09045923100270903
S26,galic_acid_mg_g,scheffe_quadratic,2.2171,2.2239548417644257,0.006854841764425856,0.006854841764425856
S27,galic_acid_mg_g,scheffe_quadratic,2.3213,2.277384851447906,0.043915148552093886,-0.043915148552093886
S28,galic_acid_mg_g,scheffe_quadratic,2.3609,2.139688295404858,0.22121170459514206,-0.22121170459514206
S29,galic_acid_mg_g,scheffe_quadratic,2.4109,2.370270861937012,0.040629138062987735,-0.040629138062987735
S3,galic_acid_mg_g,scheffe_quadratic,2.3487,2.483594835198205,0.1348948351982049,0.1348948351982049
S30,galic_acid_mg_g,scheffe_quadratic,2.4152,2.277222894553528,0.1379771054464718,-0.1379771054464718
S4,galic_acid_mg_g,scheffe_quadratic,2.2118,2.3386730421759143,0.1268730421759141,0.1268730421759141
S5,galic_acid_mg_g,scheffe_quadratic,2.6394,2.3850597054754417,0.25434029452455853,-0.25434029452455853
S6,galic_acid_mg_g,scheffe_quadratic,2.3243,2.3229824966845602,0.001317503315439783,-0.001317503315439783
S7,galic_acid_mg_g,scheffe_quadratic,2.3784,2.3392526331455428,0.0391473668544573,-0.0391473668544573
S8,galic_acid_mg_g,scheffe_quadratic,2.3557,2.3495294664315987,0.006170533568401471,-0.006170533568401471
S9,galic_acid_mg_g,scheffe_quadratic,2.4386,2.090665684870889,0.3479343151291112,-0.3479343151291112
S1,galic_acid_mg_g,ridge_a,2.5309,2.4463783300723647,0.08452166992763521,-0.08452166992763521
S10,galic_acid_mg_g,ridge_a,2.1465,2.266665478436389,0.1201654784363888,0.1201654784363888
S11,galic_acid_mg_g,ridge_a,2.2977,2.3524186029526493,0.05471860295264941,0.05471860295264941
S12,galic_acid_mg_g,ridge_a,2.2867,2.2802898432846326,0.006410156715367599,-0.006410156715367599
S13,galic_acid_mg_g,ridge_a,2.4164,2.413071284450955,0.0033287155490446807,-0.0033287155490446807
S14,galic_acid_mg_g,ridge_a,2.3394,2.385639988299951,0.04623998829995113,0.04623998829995113
S15,galic_acid_mg_g,ridge_a,2.4402,2.3911170892763227,0.04908291072367721,-0.04908291072367721
S16,galic_acid_mg_g,ridge_a,2.4152,2.359356539707429,0.055843460292571034,-0.055843460292571034
S17,galic_acid_mg_g,ridge_a,2.4149,2.4784104842232924,0.06351048422329253,0.06351048422329253
S18,galic_acid_mg_g,ridge_a,2.2845,2.378067810751,0.09356781075099985,0.09356781075099985
S19,galic_acid_mg_g,ridge_a,2.1568,2.3047956567033383,0.14799565670333825,0.14799565670333825
S2,galic_acid_mg_g,ridge_a,2.216,2.370051765854273,0.15405176585427283,0.15405176585427283
S20,galic_acid_mg_g,ridge_a,2.4701,2.328365877624165,0.14173412237583483,-0.14173412237583483
S21,galic_acid_mg_g,ridge_a,2.3937,2.306198283699587,0.08750171630041281,-0.08750171630041281
S22,galic_acid_mg_g,ridge_a,2.3943,2.512901479905272,0.11860147990527192,0.11860147990527192
S23,galic_acid_mg_g,ridge_a,2.622,2.4097999050818575,0.2122000949181424,-0.2122000949181424
S24,galic_acid_mg_g,ridge_a,2.2314,2.4401271688875994,0.20872716888759957,0.20872716888759957
S25,galic_acid_mg_g,ridge_a,2.2213,2.2797684436438486,0.05846844364384873,0.05846844364384873
S26,galic_acid_mg_g,ridge_a,2.2171,2.2556348001302853,0.03853480013028543,0.03853480013028543
S27,galic_acid_mg_g,ridge_a,2.3213,2.3301397740970033,0.008839774097003428,0.008839774097003428
S28,galic_acid_mg_g,ridge_a,2.3609,2.189831331229738,0.17106866877026183,-0.17106866877026183
S29,galic_acid_mg_g,ridge_a,2.4109,2.409861445325919,0.0010385546740807605,-0.0010385546740807605
S3,galic_acid_mg_g,ridge_a,2.3487,2.3737563948769544,0.025056394876954435,0.025056394876954435
S30,galic_acid_mg_g,ridge_a,2.4152,2.2913160700079835,0.12388392999201647,-0.12388392999201647
S4,galic_acid_mg_g,ridge_a,2.2118,2.3231621603044,0.11136216030439972,0.11136216030439972
S5,galic_acid_mg_g,ridge_a,2.6394,2.383422087816285,0.25597791218371535,-0.25597791218371535
S6,galic_acid_mg_g,ridge_a,2.3243,2.3337009979741903,0.00940099797419025,0.00940099797419025
S7,galic_acid_mg_g,ridge_a,2.3784,2.394201337193457,0.015801337193456888,0.015801337193456888
S8,galic_acid_mg_g,ridge_a,2.3557,2.3923286852863765,0.03662868528637642,0.03662868528637642
S9,galic_acid_mg_g,ridge_a,2.4386,2.2763306131179832,0.16226938688201686,-0.16226938688201686
S1,galic_acid_mg_g,ridge_b_no_intercept,2.5309,2.075384059066449,0.45551594093355074,-0.45551594093355074
S10,galic_acid_mg_g,ridge_b_no_intercept,2.1465,2.0463273431112388,0.10017265688876131,-0.10017265688876131
S11,galic_acid_mg_g,ridge_b_no_intercept,2.2977,2.06067968274115,0.23702031725884964,-0.23702031725884964
S12,galic_acid_mg_g,ridge_b_no_intercept,2.2867,2.0434215562620266,0.24327844373797358,-0.24327844373797358
S13,galic_acid_mg_g,ridge_b_no_intercept,2.4164,2.080992532051364,0.33540746794863585,-0.33540746794863585
S14,galic_acid_mg_g,ridge_b_no_intercept,2.3394,2.0780033004342013,0.2613966995657986,-0.2613966995657986
S15,galic_acid_mg_g,ridge_b_no_intercept,2.4402,2.049073303265753,0.39112669673424705,-0.39112669673424705
S16,galic_acid_mg_g,ridge_b_no_intercept,2.4152,2.070124802048454,0.34507519795154584,-0.34507519795154584
S17,galic_acid_mg_g,ridge_b_no_intercept,2.4149,2.084643382458148,0.33025661754185176,-0.33025661754185176
S18,galic_acid_mg_g,ridge_b_no_intercept,2.2845,2.073528812043482,0.21097118795651815,-0.21097118795651815
S19,galic_acid_mg_g,ridge_b_no_intercept,2.1568,2.05732145296524,0.09947854703476011,-0.09947854703476011
S2,galic_acid_mg_g,ridge_b_no_intercept,2.216,2.068257416117075,0.14774258388292516,-0.14774258388292516
S20,galic_acid_mg_g,ridge_b_no_intercept,2.4701,2.0489258097503438,0.4211741902496562,-0.4211741902496562
S21,galic_acid_mg_g,ridge_b_no_intercept,2.3937,2.051685818056166,0.34201418194383404,-0.34201418194383404
S22,galic_acid_mg_g,ridge_b_no_intercept,2.3943,2.0910653225610623,0.3032346774389376,-0.3032346774389376
S23,galic_acid_mg_g,ridge_b_no_intercept,2.622,2.0453705196414522,0.5766294803585477,-0.5766294803585477
S24,galic_acid_mg_g,ridge_b_no_intercept,2.2314,2.08778196046787,0.14361803953213004,-0.14361803953213004
S25,galic_acid_mg_g,ridge_b_no_intercept,2.2213,2.037173261364964,0.1841267386350358,-0.1841267386350358
S26,galic_acid_mg_g,ridge_b_no_intercept,2.2171,2.026184835270589,0.19091516472941095,-0.19091516472941095
S27,galic_acid_mg_g,ridge_b_no_intercept,2.3213,2.0550317725899445,0.2662682274100554,-0.2662682274100554
S28,galic_acid_mg_g,ridge_b_no_intercept,2.3609,2.0102726213727964,0.3506273786272036,-0.3506273786272036
S29,galic_acid_mg_g,ridge_b_no_intercept,2.4109,2.07657052617798,0.3343294738220197,-0.3343294738220197
S3,galic_acid_mg_g,ridge_b_no_intercept,2.3487,2.045202459245929,0.303497540754071,-0.303497540754071
S30,galic_acid_mg_g,ridge_b_no_intercept,2.4152,2.048062342950071,0.3671376570499292,-0.3671376570499292
S4,galic_acid_mg_g,ridge_b_no_intercept,2.2118,2.0461985015010624,0.1656014984989378,-0.1656014984989378
S5,galic_acid_mg_g,ridge_b_no_intercept,2.6394,2.051361773127003,0.5880382268729973,-0.5880382268729973
S6,galic_acid_mg_g,ridge_b_no_intercept,2.3243,2.0662387527813633,0.25806124721863677,-0.25806124721863677
S7,galic_acid_mg_g,ridge_b_no_intercept,2.3784,2.0785083234545954,0.2998916765454047,-0.2998916765454047
S8,galic_acid_mg_g,ridge_b_no_intercept,2.3557,2.0684347237364653,0.2872652762635348,-0.2872652762635348
S9,galic_acid_mg_g,ridge_b_no_intercept,2.4386,2.0235155066878887,0.4150844933121114,-0.4150844933121114
S1,galic_acid_mg_g,pls,2.5309,2.4486426343202283,0.0822573656797716,-0.0822573656797716
S10,galic_acid_mg_g,pls,2.1465,2.2632410191398304,0.11674101913983037,0.11674101913983037
S11,galic_acid_mg_g,pls,2.2977,2.350642145596541,0.05294214559654131,0.05294214559654131
S12,galic_acid_mg_g,pls,2.2867,2.2782198596828964,0.008480140317103757,-0.008480140317103757
S13,galic_acid_mg_g,pls,2.4164,2.413777532798482,0.0026224672015180417,-0.0026224672015180417
S14,galic_acid_mg_g,pls,2.3394,2.3865067155684323,0.04710671556843238,0.04710671556843238
S15,galic_acid_mg_g,pls,2.4402,2.391414784761933,0.048785215238067,-0.048785215238067
S16,galic_acid_mg_g,pls,2.4152,2.3595311416286844,0.05566885837131563,-0.05566885837131563
S17,galic_acid_mg_g,pls,2.4149,2.4830122020932275,0.06811220209322766,0.06811220209322766
S18,galic_acid_mg_g,pls,2.2845,2.3772969920863978,0.0927969920863978,0.0927969920863978
S19,galic_acid_mg_g,pls,2.1568,2.3021374839369044,0.14533748393690438,0.14533748393690438
S2,galic_acid_mg_g,pls,2.216,2.3716745187809223,0.1556745187809221,0.1556745187809221
S20,galic_acid_mg_g,pls,2.4701,2.327739169597665,0.14236083040233494,-0.14236083040233494
S21,galic_acid_mg_g,pls,2.3937,2.3039418418079674,0.08975815819203259,-0.08975815819203259
S22,galic_acid_mg_g,pls,2.3943,2.5183806886977744,0.12408068869777455,0.12408068869777455
S23,galic_acid_mg_g,pls,2.622,2.412206397835476,0.20979360216452392,-0.20979360216452392
S24,galic_acid_mg_g,pls,2.2314,2.442177566948358,0.21077756694835825,0.21077756694835825
S25,galic_acid_mg_g,pls,2.2213,2.279086963677672,0.057786963677672,0.057786963677672
S26,galic_acid_mg_g,pls,2.2171,2.253814747432925,0.03671474743292524,0.03671474743292524
S27,galic_acid_mg_g,pls,2.3213,2.330393705983805,0.009093705983805211,0.009093705983805211
S28,galic_acid_mg_g,pls,2.3609,2.1851514396258422,0.17574856037415776,-0.17574856037415776
S29,galic_acid_mg_g,pls,2.4109,2.4122698974303196,0.0013698974303197886,0.0013698974303197886
S3,galic_acid_mg_g,pls,2.3487,2.3751034238265247,0.02640342382652472,0.02640342382652472
S30,galic_acid_mg_g,pls,2.4152,2.2898171306227177,0.12538286937728227,-0.12538286937728227
S4,galic_acid_mg_g,pls,2.2118,2.3232980328749404,0.1114980328749402,0.1114980328749402
S5,galic_acid_mg_g,pls,2.6394,2.385152348764106,0.254247651235894,-0.254247651235894
S6,galic_acid_mg_g,pls,2.3243,2.332348444980249,0.008048444980249148,0.008048444980249148
S7,galic_acid_mg_g,pls,2.3784,2.3943725106541422,0.01597251065414218,0.01597251065414218
S8,galic_acid_mg_g,pls,2.3557,2.394161901438598,0.038461901438597845,0.038461901438597845
S9,galic_acid_mg_g,pls,2.4386,2.268236748920991,0.17036325107900918,-0.17036325107900918
S1,galic_acid_mg_g,gpr,2.5309,2.381592237011508,0.1493077629884918,-0.1493077629884918
S10,galic_acid_mg_g,gpr,2.1465,2.337279177500605,0.1907791775006049,0.1907791775006049
S11,galic_acid_mg_g,gpr,2.2977,2.3479087442618805,0.0502087442618806,0.0502087442618806
S12,galic_acid_mg_g,gpr,2.2867,2.316710590879165,0.030010590879165022,0.030010590879165022
S13,galic_acid_mg_g,gpr,2.4164,2.374476692146972,0.04192330785302767,-0.04192330785302767
S14,galic_acid_mg_g,gpr,2.3394,2.391840885772205,0.05244088577220518,0.05244088577220518
S15,galic_acid_mg_g,gpr,2.4402,2.384614740923624,0.055585259076376126,-0.055585259076376126
S16,galic_acid_mg_g,gpr,2.4152,2.34994856552348,0.06525143447652004,-0.06525143447652004
S17,galic_acid_mg_g,gpr,2.4149,2.4001001085218325,0.014799891478167293,-0.014799891478167293
S18,galic_acid_mg_g,gpr,2.2845,2.3535179828092225,0.06901798280922256,0.06901798280922256
S19,galic_acid_mg_g,gpr,2.1568,2.34000415866503,0.18320415866502993,0.18320415866502993
S2,galic_acid_mg_g,gpr,2.216,2.3821721349617064,0.16617213496170624,0.16617213496170624
S20,galic_acid_mg_g,gpr,2.4701,2.3398766769343577,0.13022332306564222,-0.13022332306564222
S21,galic_acid_mg_g,gpr,2.3937,2.3164829606116077,0.0772170393883922,-0.0772170393883922
S22,galic_acid_mg_g,gpr,2.3943,2.4364261340256324,0.04212613402563248,0.04212613402563248
S23,galic_acid_mg_g,gpr,2.622,2.3593100924830823,0.26268990751691756,-0.26268990751691756
S24,galic_acid_mg_g,gpr,2.2314,2.433077268707573,0.2016772687075732,0.2016772687075732
S25,galic_acid_mg_g,gpr,2.2213,2.329202379439514,0.1079023794395142,0.1079023794395142
S26,galic_acid_mg_g,gpr,2.2171,2.328986960044224,0.11188696004422427,0.11188696004422427
S27,galic_acid_mg_g,gpr,2.3213,2.327873685808897,0.006573685808897167,0.006573685808897167
S28,galic_acid_mg_g,gpr,2.3609,2.263351448046567,0.09754855195343293,-0.09754855195343293
S29,galic_acid_mg_g,gpr,2.4109,2.3835844848947207,0.027315515105279076,-0.027315515105279076
S3,galic_acid_mg_g,gpr,2.3487,2.383596185406832,0.034896185406831925,0.034896185406831925
S30,galic_acid_mg_g,gpr,2.4152,2.2962228145468084,0.11897718545319158,-0.11897718545319158
S4,galic_acid_mg_g,gpr,2.2118,2.3500850188114137,0.13828501881141353,0.13828501881141353
S5,galic_acid_mg_g,gpr,2.6394,2.3663079087716326,0.27309209122836764,-0.27309209122836764
S6,galic_acid_mg_g,gpr,2.3243,2.3347465663044353,0.0104465663044353,0.0104465663044353
S7,galic_acid_mg_g,gpr,2.3784,2.3573109018175513,0.02108909818244875,-0.02108909818244875
S8,galic_acid_mg_g,gpr,2.3557,2.3762407790446316,0.020540779044631474,0.020540779044631474
S9,galic_acid_mg_g,gpr,2.4386,2.2976747267450173,0.14092527325498283,-0.14092527325498283
S1,galic_acid_mg_g,random_forest,2.5309,2.394468924646649,0.13643107535335108,-0.13643107535335108
S10,galic_acid_mg_g,random_forest,2.1465,2.2986334203481693,0.15213342034816923,0.15213342034816923
S11,galic_acid_mg_g,random_forest,2.2977,2.3639383042994027,0.0662383042994028,0.0662383042994028
S12,galic_acid_mg_g,random_forest,2.2867,2.288537519955046,0.0018375199550457744,0.0018375199550457744
S13,galic_acid_mg_g,random_forest,2.4164,2.3773033840372593,0.03909661596274061,-0.03909661596274061
S14,galic_acid_mg_g,random_forest,2.3394,2.4139524239991474,0.07455242399914752,0.07455242399914752
S15,galic_acid_mg_g,random_forest,2.4402,2.381876098227698,0.058323901772301845,-0.058323901772301845
S16,galic_acid_mg_g,random_forest,2.4152,2.3641099496105746,0.05109005038942538,-0.05109005038942538
S17,galic_acid_mg_g,random_forest,2.4149,2.437867003458577,0.022967003458577384,0.022967003458577384
S18,galic_acid_mg_g,random_forest,2.2845,2.364791816534391,0.0802918165343911,0.0802918165343911
S19,galic_acid_mg_g,random_forest,2.1568,2.3727939116809122,0.2159939116809122,0.2159939116809122
S2,galic_acid_mg_g,random_forest,2.216,2.338345022193548,0.12234502219354759,0.12234502219354759
S20,galic_acid_mg_g,random_forest,2.4701,2.3509207739575255,0.11917922604247444,-0.11917922604247444
S21,galic_acid_mg_g,random_forest,2.3937,2.3338975915390168,0.05980240846098317,-0.05980240846098317
S22,galic_acid_mg_g,random_forest,2.3943,2.450798020217745,0.05649802021774519,0.05649802021774519
S23,galic_acid_mg_g,random_forest,2.622,2.357363394744145,0.2646366052558551,-0.2646366052558551
S24,galic_acid_mg_g,random_forest,2.2314,2.4363567521996528,0.20495675219965293,0.20495675219965293
S25,galic_acid_mg_g,random_forest,2.2213,2.3031998931744204,0.08189989317442059,0.08189989317442059
S26,galic_acid_mg_g,random_forest,2.2171,2.2855613223369216,0.0684613223369217,0.0684613223369217
S27,galic_acid_mg_g,random_forest,2.3213,2.283368772938173,0.037931227061827055,-0.037931227061827055
S28,galic_acid_mg_g,random_forest,2.3609,2.2627916807960555,0.09810831920394447,-0.09810831920394447
S29,galic_acid_mg_g,random_forest,2.4109,2.409966577368928,0.0009334226310717675,-0.0009334226310717675
S3,galic_acid_mg_g,random_forest,2.3487,2.4057003552688063,0.05700035526880631,0.05700035526880631
S30,galic_acid_mg_g,random_forest,2.4152,2.257588217364118,0.15761178263588205,-0.15761178263588205
S4,galic_acid_mg_g,random_forest,2.2118,2.3031168479316984,0.09131684793169814,0.09131684793169814
S5,galic_acid_mg_g,random_forest,2.6394,2.3759743390849892,0.26342566091501096,-0.26342566091501096
S6,galic_acid_mg_g,random_forest,2.3243,2.3576520182558185,0.03335201825581846,0.03335201825581846
S7,galic_acid_mg_g,random_forest,2.3784,2.360382590979391,0.018017409020608888,-0.018017409020608888
S8,galic_acid_mg_g,random_forest,2.3557,2.4043751930735944,0.04867519307359425,0.04867519307359425
S9,galic_acid_mg_g,random_forest,2.4386,2.305971465607542,0.13262853439245825,-0.13262853439245825
S1,galic_acid_mg_g,xgboost,2.5309,2.4205336570739746,0.11036634292602532,-0.11036634292602532
S10,galic_acid_mg_g,xgboost,2.1465,2.321803569793701,0.1753035697937011,0.1753035697937011
S11,galic_acid_mg_g,xgboost,2.2977,2.3380963802337646,0.040396380233764795,0.040396380233764795
S12,galic_acid_mg_g,xgboost,2.2867,2.2898616790771484,0.0031616790771482606,0.0031616790771482606
S13,galic_acid_mg_g,xgboost,2.4164,2.349546432495117,0.0668535675048827,-0.0668535675048827
S14,galic_acid_mg_g,xgboost,2.3394,2.415842056274414,0.07644205627441414,0.07644205627441414
S15,galic_acid_mg_g,xgboost,2.4402,2.4137673377990723,0.02643266220092766,-0.02643266220092766
S16,galic_acid_mg_g,xgboost,2.4152,2.3710899353027344,0.04411006469726564,-0.04411006469726564
S17,galic_acid_mg_g,xgboost,2.4149,2.399541139602661,0.015358860397338692,-0.015358860397338692
S18,galic_acid_mg_g,xgboost,2.2845,2.349544048309326,0.0650440483093262,0.0650440483093262
S19,galic_acid_mg_g,xgboost,2.1568,2.3441967964172363,0.18739679641723628,0.18739679641723628
S2,galic_acid_mg_g,xgboost,2.216,2.3364970684051514,0.12049706840515118,0.12049706840515118
S20,galic_acid_mg_g,xgboost,2.4701,2.3375699520111084,0.13253004798889156,-0.13253004798889156
S21,galic_acid_mg_g,xgboost,2.3937,2.3110945224761963,0.08260547752380365,-0.08260547752380365
S22,galic_acid_mg_g,xgboost,2.3943,2.5030903816223145,0.10879038162231458,0.10879038162231458
S23,galic_acid_mg_g,xgboost,2.622,2.3674111366271973,0.2545888633728026,-0.2545888633728026
S24,galic_acid_mg_g,xgboost,2.2314,2.440565824508667,0.20916582450866716,0.20916582450866716
S25,galic_acid_mg_g,xgboost,2.2213,2.314462661743164,0.09316266174316423,0.09316266174316423
S26,galic_acid_mg_g,xgboost,2.2171,2.297657012939453,0.08055701293945328,0.08055701293945328
S27,galic_acid_mg_g,xgboost,2.3213,2.280460834503174,0.04083916549682609,-0.04083916549682609
S28,galic_acid_mg_g,xgboost,2.3609,2.2552521228790283,0.10564787712097168,-0.10564787712097168
S29,galic_acid_mg_g,xgboost,2.4109,2.3793253898620605,0.031574610137939274,-0.031574610137939274
S3,galic_acid_mg_g,xgboost,2.3487,2.4350521564483643,0.08635215644836425,0.08635215644836425
S30,galic_acid_mg_g,xgboost,2.4152,2.2638819217681885,0.15131807823181154,-0.15131807823181154
S4,galic_acid_mg_g,xgboost,2.2118,2.29569149017334,0.08389149017333963,0.08389149017333963
S5,galic_acid_mg_g,xgboost,2.6394,2.374246120452881,0.26515387954711933,-0.26515387954711933
S6,galic_acid_mg_g,xgboost,2.3243,2.3563039302825928,0.03200393028259274,0.03200393028259274
S7,galic_acid_mg_g,xgboost,2.3784,2.3561794757843018,0.022220524215698312,-0.022220524215698312
S8,galic_acid_mg_g,xgboost,2.3557,2.391481399536133,0.035781399536132685,0.035781399536132685
S9,galic_acid_mg_g,xgboost,2.4386,2.2915947437286377,0.1470052562713624,-0.1470052562713624
S1,galic_acid_mg_g,catboost,2.5309,2.423341891841385,0.107558108158615,-0.107558108158615
S10,galic_acid_mg_g,catboost,2.1465,2.3173443049577243,0.17084430495772418,0.17084430495772418
S11,galic_acid_mg_g,catboost,2.2977,2.3501395028949177,0.05243950289491783,0.05243950289491783
S12,galic_acid_mg_g,catboost,2.2867,2.304416659894992,0.017716659894991604,0.017716659894991604
S13,galic_acid_mg_g,catboost,2.4164,2.3410684141229754,0.07533158587702449,-0.07533158587702449
S14,galic_acid_mg_g,catboost,2.3394,2.3941822994673885,0.05478229946738855,0.05478229946738855
S15,galic_acid_mg_g,catboost,2.4402,2.4305667410997858,0.009633258900214159,-0.009633258900214159
S16,galic_acid_mg_g,catboost,2.4152,2.3581809010039203,0.05701909899607971,-0.05701909899607971
S17,galic_acid_mg_g,catboost,2.4149,2.407228189170604,0.007671810829395831,-0.007671810829395831
S18,galic_acid_mg_g,catboost,2.2845,2.335168973123079,0.05066897312307894,0.05066897312307894
S19,galic_acid_mg_g,catboost,2.1568,2.3470604752432367,0.19026047524323664,0.19026047524323664
S2,galic_acid_mg_g,catboost,2.216,2.34642116942521,0.13042116942520998,0.13042116942520998
S20,galic_acid_mg_g,catboost,2.4701,2.3244531854689514,0.14564681453104855,-0.14564681453104855
S21,galic_acid_mg_g,catboost,2.3937,2.316929378007259,0.0767706219927411,-0.0767706219927411
S22,galic_acid_mg_g,catboost,2.3943,2.5051396372468706,0.11083963724687074,0.11083963724687074
S23,galic_acid_mg_g,catboost,2.622,2.3654361624455453,0.25656383755445455,-0.25656383755445455
S24,galic_acid_mg_g,catboost,2.2314,2.4422725584371845,0.21087255843718467,0.21087255843718467
S25,galic_acid_mg_g,catboost,2.2213,2.3041521377162724,0.08285213771627253,0.08285213771627253
S26,galic_acid_mg_g,catboost,2.2171,2.2938164749974486,0.07671647499744871,0.07671647499744871
S27,galic_acid_mg_g,catboost,2.3213,2.277573296565294,0.04372670343470597,-0.04372670343470597
S28,galic_acid_mg_g,catboost,2.3609,2.2413295149376973,0.11957048506230272,-0.11957048506230272
S29,galic_acid_mg_g,catboost,2.4109,2.3788420275178157,0.032057972482184116,-0.032057972482184116
S3,galic_acid_mg_g,catboost,2.3487,2.4608641254695613,0.11216412546956134,0.11216412546956134
S30,galic_acid_mg_g,catboost,2.4152,2.256460232781748,0.15873976721825223,-0.15873976721825223
S4,galic_acid_mg_g,catboost,2.2118,2.3151538750141447,0.1033538750141445,0.1033538750141445
S5,galic_acid_mg_g,catboost,2.6394,2.386131069814457,0.2532689301855431,-0.2532689301855431
S6,galic_acid_mg_g,catboost,2.3243,2.3363249691507946,0.01202496915079454,0.01202496915079454
S7,galic_acid_mg_g,catboost,2.3784,2.368068591284914,0.010331408715086088,-0.010331408715086088
S8,galic_acid_mg_g,catboost,2.3557,2.3877133574658673,0.0320133574658672,0.0320133574658672
S9,galic_acid_mg_g,catboost,2.4386,2.2655401203544887,0.1730598796455114,-0.1730598796455114
S1,galic_acid_mg_g,mean,2.5309,2.350668965517241,0.1802310344827589,-0.1802310344827589
S10,galic_acid_mg_g,mean,2.1465,2.3639241379310345,0.21742413793103443,0.21742413793103443
S11,galic_acid_mg_g,mean,2.2977,2.3587103448275863,0.06101034482758649,0.06101034482758649
S12,galic_acid_mg_g,mean,2.2867,2.359089655172414,0.07238965517241391,0.07238965517241391
S13,galic_acid_mg_g,mean,2.4164,2.3546172413793105,0.06178275862068938,-0.06178275862068938
S14,galic_acid_mg_g,mean,2.3394,2.3572724137931034,0.017872413793103448,0.017872413793103448
S15,galic_acid_mg_g,mean,2.4402,2.353796551724138,0.086403448275862,-0.086403448275862
S16,galic_acid_mg_g,mean,2.4152,2.3546586206896554,0.060541379310344645,-0.060541379310344645
S17,galic_acid_mg_g,mean,2.4149,2.354668965517241,0.060231034482758794,-0.060231034482758794
S18,galic_acid_mg_g,mean,2.2845,2.359165517241379,0.07466551724137904,0.07466551724137904
S19,galic_acid_mg_g,mean,2.1568,2.363568965517241,0.2067689655172411,0.2067689655172411
S2,galic_acid_mg_g,mean,2.216,2.361527586206896,0.14552758620689588,0.14552758620689588
S20,galic_acid_mg_g,mean,2.4701,2.3527655172413793,0.11733448275862068,-0.11733448275862068
S21,galic_acid_mg_g,mean,2.3937,2.3553999999999995,0.038300000000000445,-0.038300000000000445
S22,galic_acid_mg_g,mean,2.3943,2.3553793103448273,0.03892068965517259,-0.03892068965517259
S23,galic_acid_mg_g,mean,2.622,2.3475275862068967,0.27447241379310316,-0.27447241379310316
S24,galic_acid_mg_g,mean,2.2314,2.360996551724138,0.1295965517241382,0.1295965517241382
S25,galic_acid_mg_g,mean,2.2213,2.361344827586207,0.14004482758620718,0.14004482758620718
S26,galic_acid_mg_g,mean,2.2171,2.361489655172414,0.14438965517241398,0.14438965517241398
S27,galic_acid_mg_g,mean,2.3213,2.357896551724138,0.03659655172413823,0.03659655172413823
S28,galic_acid_mg_g,mean,2.3609,2.3565310344827584,0.004368965517241641,-0.004368965517241641
S29,galic_acid_mg_g,mean,2.4109,2.3548068965517244,0.05609310344827545,-0.05609310344827545
S3,galic_acid_mg_g,mean,2.3487,2.3569517241379314,0.008251724137931404,0.008251724137931404
S30,galic_acid_mg_g,mean,2.4152,2.3546586206896554,0.060541379310344645,-0.060541379310344645
S4,galic_acid_mg_g,mean,2.2118,2.3616724137931033,0.14987241379310312,0.14987241379310312
S5,galic_acid_mg_g,mean,2.6394,2.346927586206897,0.2924724137931034,-0.2924724137931034
S6,galic_acid_mg_g,mean,2.3243,2.357793103448276,0.03349310344827616,0.03349310344827616
S7,galic_acid_mg_g,mean,2.3784,2.3559275862068967,0.022472413793103385,-0.022472413793103385
S8,galic_acid_mg_g,mean,2.3557,2.356710344827586,0.001010344827585996,0.001010344827585996
S9,galic_acid_mg_g,mean,2.4386,2.353851724137931,0.08474827586206901,-0.08474827586206901
S1,galic_acid_mg_g,nearest_recipe,2.5309,2.4164,0.11450000000000005,-0.11450000000000005
S10,galic_acid_mg_g,nearest_recipe,2.1465,2.2867,0.1402000000000001,0.1402000000000001
S11,galic_acid_mg_g,nearest_recipe,2.2977,2.2845,0.013199999999999878,-0.013199999999999878
S12,galic_acid_mg_g,nearest_recipe,2.2867,2.1465,0.1402000000000001,-0.1402000000000001
S13,galic_acid_mg_g,nearest_recipe,2.4164,2.5309,0.11450000000000005,0.11450000000000005
S14,galic_acid_mg_g,nearest_recipe,2.3394,2.5309,0.1915,0.1915
S15,galic_acid_mg_g,nearest_recipe,2.4402,2.4701,0.029900000000000038,0.029900000000000038
S16,galic_acid_mg_g,nearest_recipe,2.4152,2.2867,0.12849999999999984,-0.12849999999999984
S17,galic_acid_mg_g,nearest_recipe,2.4149,2.3943,0.02059999999999995,-0.02059999999999995
S18,galic_acid_mg_g,nearest_recipe,2.2845,2.2977,0.013199999999999878,0.013199999999999878
S19,galic_acid_mg_g,nearest_recipe,2.1568,2.1465,0.010299999999999976,-0.010299999999999976
S2,galic_acid_mg_g,nearest_recipe,2.216,2.3394,0.12339999999999973,0.12339999999999973
S20,galic_acid_mg_g,nearest_recipe,2.4701,2.2867,0.18339999999999979,-0.18339999999999979
S21,galic_acid_mg_g,nearest_recipe,2.3937,2.1465,0.24719999999999986,-0.24719999999999986
S22,galic_acid_mg_g,nearest_recipe,2.3943,2.5309,0.13660000000000005,0.13660000000000005
S23,galic_acid_mg_g,nearest_recipe,2.622,2.4402,0.18179999999999996,-0.18179999999999996
S24,galic_acid_mg_g,nearest_recipe,2.2314,2.4402,0.2088000000000001,0.2088000000000001
S25,galic_acid_mg_g,nearest_recipe,2.2213,2.216,0.005299999999999638,-0.005299999999999638
S26,galic_acid_mg_g,nearest_recipe,2.2171,2.2867,0.06960000000000033,0.06960000000000033
S27,galic_acid_mg_g,nearest_recipe,2.3213,2.2867,0.03459999999999974,-0.03459999999999974
S28,galic_acid_mg_g,nearest_recipe,2.3609,2.1465,0.21439999999999992,-0.21439999999999992
S29,galic_acid_mg_g,nearest_recipe,2.4109,2.3394,0.0714999999999999,-0.0714999999999999
S3,galic_acid_mg_g,nearest_recipe,2.3487,2.4402,0.09149999999999991,0.09149999999999991
S30,galic_acid_mg_g,nearest_recipe,2.4152,2.1465,0.26869999999999994,-0.26869999999999994
S4,galic_acid_mg_g,nearest_recipe,2.2118,2.2867,0.07489999999999997,0.07489999999999997
S5,galic_acid_mg_g,nearest_recipe,2.6394,2.5309,0.10850000000000026,-0.10850000000000026
S6,galic_acid_mg_g,nearest_recipe,2.3243,2.1465,0.17779999999999996,-0.17779999999999996
S7,galic_acid_mg_g,nearest_recipe,2.3784,2.2977,0.08070000000000022,-0.08070000000000022
S8,galic_acid_mg_g,nearest_recipe,2.3557,2.4152,0.059499999999999886,0.059499999999999886
S9,galic_acid_mg_g,nearest_recipe,2.4386,2.2977,0.14090000000000025,-0.14090000000000025
S1,succinic_acid_mg_g,scheffe_quadratic,3.0914,5.0750531050928585,1.9836531050928583,1.9836531050928583
S10,succinic_acid_mg_g,scheffe_quadratic,0.2182,4.014047678054559,3.795847678054559,3.795847678054559
S11,succinic_acid_mg_g,scheffe_quadratic,1.5419,2.294499939775285,0.7525999397752852,0.7525999397752852
S12,succinic_acid_mg_g,scheffe_quadratic,5.9048,4.495882702977785,1.4089172970222146,-1.4089172970222146
S13,succinic_acid_mg_g,scheffe_quadratic,5.3474,2.831076790346858,2.5163232096531423,-2.5163232096531423
S14,succinic_acid_mg_g,scheffe_quadratic,4.2089,4.133388390668217,0.07551160933178291,-0.07551160933178291
S15,succinic_acid_mg_g,scheffe_quadratic,0.0481,4.3761759392503095,4.32807593925031,4.32807593925031
S16,succinic_acid_mg_g,scheffe_quadratic,2.8357,5.242125372678115,2.4064253726781146,2.4064253726781146
S17,succinic_acid_mg_g,scheffe_quadratic,4.1038,5.761957674522754,1.6581576745227542,1.6581576745227542
S18,succinic_acid_mg_g,scheffe_quadratic,4.6051,2.4939171100752944,2.111182889924706,-2.111182889924706
S19,succinic_acid_mg_g,scheffe_quadratic,3.813,2.3771736348911965,1.4358263651088037,-1.4358263651088037
S2,succinic_acid_mg_g,scheffe_quadratic,2.646,4.748054334933397,2.1020543349333973,2.1020543349333973
S20,succinic_acid_mg_g,scheffe_quadratic,2.5316,5.246540910476162,2.7149409104761615,2.7149409104761615
S21,succinic_acid_mg_g,scheffe_quadratic,10.1945,1.8343561459616091,8.360143854038391,-8.360143854038391
S22,succinic_acid_mg_g,scheffe_quadratic,5.8213,4.694754288108076,1.1265457118919242,-1.1265457118919242
S23,succinic_acid_mg_g,scheffe_quadratic,4.3924,4.067993250518632,0.3244067494813683,-0.3244067494813683
S24,succinic_acid_mg_g,scheffe_quadratic,3.7141,3.5621471291715427,0.15195287082845743,-0.15195287082845743
S25,succinic_acid_mg_g,scheffe_quadratic,5.3924,0.664455160897437,4.727944839102563,-4.727944839102563
S26,succinic_acid_mg_g,scheffe_quadratic,4.745,5.833587568602957,1.0885875686029571,1.0885875686029571
S27,succinic_acid_mg_g,scheffe_quadratic,5.8976,6.000500047563971,0.10290004756397142,0.10290004756397142
S28,succinic_acid_mg_g,scheffe_quadratic,2.7346,1.5686150276233448,1.165984972376655,-1.165984972376655
S29,succinic_acid_mg_g,scheffe_quadratic,4.6512,6.257318692381132,1.6061186923811315,1.6061186923811315
S3,succinic_acid_mg_g,scheffe_quadratic,8.9305,3.4795325213555954,5.4509674786444045,-5.4509674786444045
S30,succinic_acid_mg_g,scheffe_quadratic,2.1739,3.7368293397578,1.5629293397577997,1.5629293397577997
S4,succinic_acid_mg_g,scheffe_quadratic,3.3275,8.930810895016656,5.603310895016655,5.603310895016655
S5,succinic_acid_mg_g,scheffe_quadratic,5.7151,3.5684253011945195,2.14667469880548,-2.14667469880548
S6,succinic_acid_mg_g,scheffe_quadratic,1.7708,4.003252552215451,2.232452552215451,2.232452552215451
S7,succinic_acid_mg_g,scheffe_quadratic,2.7502,3.3953875624818175,0.6451875624818175,0.6451875624818175
S8,succinic_acid_mg_g,scheffe_quadratic,9.8996,5.6021952488978375,4.297404751102162,-4.297404751102162
S9,succinic_acid_mg_g,scheffe_quadratic,0.8312,5.367413141941135,4.536213141941135,4.536213141941135
S1,succinic_acid_mg_g,ridge_a,3.0914,4.421243106109265,1.3298431061092648,1.3298431061092648
S10,succinic_acid_mg_g,ridge_a,0.2182,3.600127752307913,3.381927752307913,3.381927752307913
S11,succinic_acid_mg_g,ridge_a,1.5419,3.0205926170901467,1.4786926170901467,1.4786926170901467
S12,succinic_acid_mg_g,ridge_a,5.9048,3.923012753935746,1.9817872460642536,-1.9817872460642536
S13,succinic_acid_mg_g,ridge_a,5.3474,3.1445017538030635,2.202898246196937,-2.202898246196937
S14,succinic_acid_mg_g,ridge_a,4.2089,4.044135731590644,0.16476426840935599,-0.16476426840935599
S15,succinic_acid_mg_g,ridge_a,0.0481,5.678946888780757,5.6308468887807575,5.6308468887807575
S16,succinic_acid_mg_g,ridge_a,2.8357,4.23699792405553,1.4012979240555303,1.4012979240555303
S17,succinic_acid_mg_g,ridge_a,4.1038,5.342140981470087,1.2383409814700874,1.2383409814700874
S18,succinic_acid_mg_g,ridge_a,4.6051,2.350123677123312,2.254976322876688,-2.254976322876688
S19,succinic_acid_mg_g,ridge_a,3.813,2.3631631936316153,1.4498368063683849,-1.4498368063683849
S2,succinic_acid_mg_g,ridge_a,2.646,5.006937125404345,2.3609371254043454,2.3609371254043454
S20,succinic_acid_mg_g,ridge_a,2.5316,4.493707675157863,1.9621076751578626,1.9621076751578626
S21,succinic_acid_mg_g,ridge_a,10.1945,2.9163370694251043,7.278162930574895,-7.278162930574895
S22,succinic_acid_mg_g,ridge_a,5.8213,4.870718305167552,0.9505816948324481,-0.9505816948324481
S23,succinic_acid_mg_g,ridge_a,4.3924,5.5265279549591195,1.1341279549591192,1.1341279549591192
S24,succinic_acid_mg_g,ridge_a,3.7141,4.499125012172969,0.7850250121729685,0.7850250121729685
S25,succinic_acid_mg_g,ridge_a,5.3924,4.4263121688204725,0.9660878311795278,-0.9660878311795278
S26,succinic_acid_mg_g,ridge_a,4.745,4.72779404001009,0.01720595998991037,-0.01720595998991037
S27,succinic_acid_mg_g,ridge_a,5.8976,4.742914935822476,1.1546850641775235,-1.1546850641775235
S28,succinic_acid_mg_g,ridge_a,2.7346,4.096673268055953,1.3620732680559535,1.3620732680559535
S29,succinic_acid_mg_g,ridge_a,4.6512,4.961636795858542,0.3104367958585419,0.3104367958585419
S3,succinic_acid_mg_g,ridge_a,8.9305,4.372977942970636,4.557522057029364,-4.557522057029364
S30,succinic_acid_mg_g,ridge_a,2.1739,4.108651606668999,1.9347516066689985,1.9347516066689985
S4,succinic_acid_mg_g,ridge_a,3.3275,5.202929008008751,1.875429008008751,1.875429008008751
S5,succinic_acid_mg_g,ridge_a,5.7151,4.605435107136623,1.1096648928633766,-1.1096648928633766
S6,succinic_acid_mg_g,ridge_a,1.7708,3.4245084440739673,1.6537084440739673,1.6537084440739673
S7,succinic_acid_mg_g,ridge_a,2.7502,3.6140902751030173,0.8638902751030173,0.8638902751030173
S8,succinic_acid_mg_g,ridge_a,9.8996,4.652938045903172,5.246661954096828,-5.246661954096828
S9,succinic_acid_mg_g,ridge_a,0.8312,2.2744510070238384,1.4432510070238385,1.4432510070238385
S1,succinic_acid_mg_g,ridge_b_no_intercept,3.0914,3.6974961558764257,0.6060961558764255,0.6060961558764255
S10,succinic_acid_mg_g,ridge_b_no_intercept,0.2182,3.4476417587297976,3.2294417587297977,3.2294417587297977
S11,succinic_acid_mg_g,ridge_b_no_intercept,1.5419,3.142441615450439,1.6005416154504388,1.6005416154504388
S12,succinic_acid_mg_g,ridge_b_no_intercept,5.9048,3.5221451982765832,2.3826548017234166,-2.3826548017234166
S13,succinic_acid_mg_g,ridge_b_no_intercept,5.3474,3.1568066305579783,2.190593369442022,-2.190593369442022
S14,succinic_acid_mg_g,ridge_b_no_intercept,4.2089,3.5831059644371233,0.6257940355628766,-0.6257940355628766
S15,succinic_acid_mg_g,ridge_b_no_intercept,0.0481,4.1780871773920065,4.129987177392007,4.129987177392007
S16,succinic_acid_mg_g,ridge_b_no_intercept,2.8357,3.6916415370789837,0.8559415370789836,0.8559415370789836
S17,succinic_acid_mg_g,ridge_b_no_intercept,4.1038,4.090333924738875,0.013466075261124644,-0.013466075261124644
S18,succinic_acid_mg_g,ridge_b_no_intercept,4.6051,2.816764339513833,1.788335660486167,-1.788335660486167
S19,succinic_acid_mg_g,ridge_b_no_intercept,3.813,2.8540013233237342,0.9589986766762659,-0.9589986766762659
S2,succinic_acid_mg_g,ridge_b_no_intercept,2.646,4.018789999974365,1.3727899999743647,1.3727899999743647
S20,succinic_acid_mg_g,ridge_b_no_intercept,2.5316,3.781445898834459,1.249845898834459,1.249845898834459
S21,succinic_acid_mg_g,ridge_b_no_intercept,10.1945,2.9909125829017515,7.203587417098248,-7.203587417098248
S22,succinic_acid_mg_g,ridge_b_no_intercept,5.8213,3.862509862338506,1.9587901376614938,-1.9587901376614938
S23,succinic_acid_mg_g,ridge_b_no_intercept,4.3924,4.1194772536223905,0.2729227463776098,-0.2729227463776098
S24,succinic_acid_mg_g,ridge_b_no_intercept,3.7141,3.7511349280212594,0.037034928021259184,0.037034928021259184
S25,succinic_acid_mg_g,ridge_b_no_intercept,5.3924,3.75409888059051,1.6383011194094905,-1.6383011194094905
S26,succinic_acid_mg_g,ridge_b_no_intercept,4.745,3.8732178046887715,0.8717821953112286,-0.8717821953112286
S27,succinic_acid_mg_g,ridge_b_no_intercept,5.8976,3.881203267690532,2.0163967323094676,-2.0163967323094676
S28,succinic_acid_mg_g,ridge_b_no_intercept,2.7346,3.6302307959306375,0.8956307959306375,0.8956307959306375
S29,succinic_acid_mg_g,ridge_b_no_intercept,4.6512,3.975032022107457,0.6761679778925433,-0.6761679778925433
S3,succinic_acid_mg_g,ridge_b_no_intercept,8.9305,3.6428945081278608,5.28760549187214,-5.28760549187214
S30,succinic_acid_mg_g,ridge_b_no_intercept,2.1739,3.6538617507809774,1.4799617507809772,1.4799617507809772
S4,succinic_acid_mg_g,ridge_b_no_intercept,3.3275,4.0826112401520795,0.7551112401520794,0.7551112401520794
S5,succinic_acid_mg_g,ridge_b_no_intercept,5.7151,3.7843861540821306,1.930713845917869,-1.930713845917869
S6,succinic_acid_mg_g,ridge_b_no_intercept,1.7708,3.3427592206927565,1.5719592206927566,1.5719592206927566
S7,succinic_acid_mg_g,ridge_b_no_intercept,2.7502,3.384443428912697,0.634243428912697,0.634243428912697
S8,succinic_acid_mg_g,ridge_b_no_intercept,9.8996,3.7569314453460523,6.142668554653947,-6.142668554653947
S9,succinic_acid_mg_g,ridge_b_no_intercept,0.8312,2.8849491653189543,2.0537491653189544,2.0537491653189544
S1,succinic_acid_mg_g,pls,3.0914,4.428813001205823,1.3374130012058227,1.3374130012058227
S10,succinic_acid_mg_g,pls,0.2182,3.545628944199412,3.3274289441994123,3.3274289441994123
S11,succinic_acid_mg_g,pls,1.5419,2.9025073081744592,1.3606073081744592,1.3606073081744592
S12,succinic_acid_mg_g,pls,5.9048,3.9217562604413,1.9830437395587,-1.9830437395587
S13,succinic_acid_mg_g,pls,5.3474,3.075236475701706,2.2721635242982945,-2.2721635242982945
S14,succinic_acid_mg_g,pls,4.2089,4.047030380468421,0.1618696195315792,-0.1618696195315792
S15,succinic_acid_mg_g,pls,0.0481,5.71098597525251,5.66288597525251,5.66288597525251
S16,succinic_acid_mg_g,pls,2.8357,4.241410807087198,1.405710807087198,1.405710807087198
S17,succinic_acid_mg_g,pls,4.1038,5.424987861465228,1.3211878614652282,1.3211878614652282
S18,succinic_acid_mg_g,pls,4.6051,2.197631057626449,2.4074689423735514,-2.4074689423735514
S19,succinic_acid_mg_g,pls,3.813,2.214770871102206,1.5982291288977941,-1.5982291288977941
S2,succinic_acid_mg_g,pls,2.646,5.08595351956431,2.43995351956431,2.43995351956431
S20,succinic_acid_mg_g,pls,2.5316,4.502276654290428,1.9706766542904282,1.9706766542904282
S21,succinic_acid_mg_g,pls,10.1945,2.8390366536097154,7.355463346390284,-7.355463346390284
S22,succinic_acid_mg_g,pls,5.8213,4.939983701476852,0.8813162985231475,-0.8813162985231475
S23,succinic_acid_mg_g,pls,4.3924,5.606576428410923,1.2141764284109229,1.2141764284109229
S24,succinic_acid_mg_g,pls,3.7141,4.508840991765593,0.7947409917655932,0.7947409917655932
S25,succinic_acid_mg_g,pls,5.3924,4.481458693953183,0.9109413060468174,-0.9109413060468174
S26,succinic_acid_mg_g,pls,4.745,4.792752998111502,0.04775299811150191,0.04775299811150191
S27,succinic_acid_mg_g,pls,5.8976,4.806109988726929,1.0914900112730708,-1.0914900112730708
S28,succinic_acid_mg_g,pls,2.7346,4.095705169807326,1.3611051698073262,1.3611051698073262
S29,succinic_acid_mg_g,pls,4.6512,5.032126604142865,0.38092660414286517,0.38092660414286517
S3,succinic_acid_mg_g,pls,8.9305,4.420203276344236,4.510296723655764,-4.510296723655764
S30,succinic_acid_mg_g,pls,2.1739,4.110552455770706,1.9366524557707057,1.9366524557707057
S4,succinic_acid_mg_g,pls,3.3275,5.281273743237549,1.9537737432375493,1.9537737432375493
S5,succinic_acid_mg_g,pls,5.7151,4.668208992581991,1.046891007418009,-1.046891007418009
S6,succinic_acid_mg_g,pls,1.7708,3.3668040627930784,1.5960040627930785,1.5960040627930785
S7,succinic_acid_mg_g,pls,2.7502,3.5592083603442446,0.8090083603442446,0.8090083603442446
S8,succinic_acid_mg_g,pls,9.8996,4.70917156924271,5.190428430757289,-5.190428430757289
S9,succinic_acid_mg_g,pls,0.8312,2.0745664843573803,1.2433664843573804,1.2433664843573804
S1,succinic_acid_mg_g,gpr,3.0914,4.163668984729964,1.0722689847299636,1.0722689847299636
S10,succinic_acid_mg_g,gpr,0.2182,4.262744822524743,4.044544822524743,4.044544822524743
S11,succinic_acid_mg_g,gpr,1.5419,4.217099997809991,2.675199997809991,2.675199997809991
S12,succinic_acid_mg_g,gpr,5.9048,4.066655173803487,1.8381448261965128,-1.8381448261965128
S13,succinic_acid_mg_g,gpr,5.3474,4.085875852293427,1.2615241477065737,-1.2615241477065737
S14,succinic_acid_mg_g,gpr,4.2089,4.1251344709833475,0.08376552901665235,-0.08376552901665235
S15,succinic_acid_mg_g,gpr,0.0481,4.26861052322435,4.22051052322435,4.22051052322435
S16,succinic_acid_mg_g,gpr,2.8357,4.172486268807065,1.3367862688070646,1.3367862688070646
S17,succinic_acid_mg_g,gpr,4.1038,4.128758628357481,0.024958628357481416,0.024958628357481416
S18,succinic_acid_mg_g,gpr,4.6051,4.111472376523474,0.49362762347652644,-0.49362762347652644
S19,succinic_acid_mg_g,gpr,3.813,4.138786167233829,0.3257861672338289,0.3257861672338289
S2,succinic_acid_mg_g,gpr,2.646,4.179027583528623,1.5330275835286233,1.5330275835286233
S20,succinic_acid_mg_g,gpr,2.5316,4.182972547395821,1.6513725473958205,1.6513725473958205
S21,succinic_acid_mg_g,gpr,10.1945,3.4306616395034157,6.7638383604965835,-6.7638383604965835
S22,succinic_acid_mg_g,gpr,5.8213,4.069534479443612,1.751765520556388,-1.751765520556388
S23,succinic_acid_mg_g,gpr,4.3924,4.118806876611765,0.2735931233882356,-0.2735931233882356
S24,succinic_acid_mg_g,gpr,3.7141,4.142196565595343,0.42809656559534304,0.42809656559534304
S25,succinic_acid_mg_g,gpr,5.3924,4.084324088569818,1.3080759114301825,-1.3080759114301825
S26,succinic_acid_mg_g,gpr,4.745,4.106648266561561,0.638351733438439,-0.638351733438439
S27,succinic_acid_mg_g,gpr,5.8976,4.066903449221161,1.830696550778839,-1.830696550778839
S28,succinic_acid_mg_g,gpr,2.7346,4.17597241384426,1.44137241384426,1.44137241384426
S29,succinic_acid_mg_g,gpr,4.6512,4.109882862929248,0.5413171370707524,-0.5413171370707524
S3,succinic_acid_mg_g,gpr,8.9305,3.9623206026218405,4.96817939737816,-4.96817939737816
S30,succinic_acid_mg_g,gpr,2.1739,4.195306747007281,2.021406747007281,2.021406747007281
S4,succinic_acid_mg_g,gpr,3.3275,4.155527613221276,0.8280276132212756,0.8280276132212756
S5,succinic_acid_mg_g,gpr,5.7151,4.073196547125089,1.641903452874911,-1.641903452874911
S6,succinic_acid_mg_g,gpr,1.7708,4.209206883824654,2.4384068838246544,2.4384068838246544
S7,succinic_acid_mg_g,gpr,2.7502,4.175434468079712,1.425234468079712,1.425234468079712
S8,succinic_acid_mg_g,gpr,9.8996,3.928903445422987,5.970696554577012,-5.970696554577012
S9,succinic_acid_mg_g,gpr,0.8312,4.2416068823537625,3.4104068823537625,3.4104068823537625
S1,succinic_acid_mg_g,random_forest,3.0914,3.510644778639877,0.41924477863987697,0.41924477863987697
S10,succinic_acid_mg_g,random_forest,0.2182,3.5295934748140767,3.3113934748140768,3.3113934748140768
S11,succinic_acid_mg_g,random_forest,1.5419,3.7118776065517833,2.1699776065517833,2.1699776065517833
S12,succinic_acid_mg_g,random_forest,5.9048,3.444910917158305,2.459889082841695,-2.459889082841695
S13,succinic_acid_mg_g,random_forest,5.3474,2.9559034618908866,2.391496538109114,-2.391496538109114
S14,succinic_acid_mg_g,random_forest,4.2089,3.5676057600186817,0.6412942399813182,-0.6412942399813182
S15,succinic_acid_mg_g,random_forest,0.0481,4.102165217760945,4.054065217760945,4.054065217760945
S16,succinic_acid_mg_g,random_forest,2.8357,4.945026769562844,2.109326769562844,2.109326769562844
S17,succinic_acid_mg_g,random_forest,4.1038,5.456133162949087,1.352333162949087,1.352333162949087
S18,succinic_acid_mg_g,random_forest,4.6051,2.6455232563547546,1.9595767436452456,-1.9595767436452456
S19,succinic_acid_mg_g,random_forest,3.813,2.93800003930144,0.8749999606985601,-0.8749999606985601
S2,succinic_acid_mg_g,random_forest,2.646,4.899509826857398,2.253509826857398,2.253509826857398
S20,succinic_acid_mg_g,random_forest,2.5316,4.7987063922771656,2.2671063922771655,2.2671063922771655
S21,succinic_acid_mg_g,random_forest,10.1945,2.576423658773632,7.6180763412263675,-7.6180763412263675
S22,succinic_acid_mg_g,random_forest,5.8213,4.735041546807823,1.086258453192177,-1.086258453192177
S23,succinic_acid_mg_g,random_forest,4.3924,5.369127004449255,0.9767270044492546,0.9767270044492546
S24,succinic_acid_mg_g,random_forest,3.7141,3.3283113230759986,0.38578867692400154,-0.38578867692400154
S25,succinic_acid_mg_g,random_forest,5.3924,4.345144825705778,1.0472551742942224,-1.0472551742942224
S26,succinic_acid_mg_g,random_forest,4.745,5.524107166293889,0.7791071662938887,0.7791071662938887
S27,succinic_acid_mg_g,random_forest,5.8976,5.318453101575279,0.579146898424721,-0.579146898424721
S28,succinic_acid_mg_g,random_forest,2.7346,3.0441325505254,0.3095325505254003,0.3095325505254003
S29,succinic_acid_mg_g,random_forest,4.6512,6.0701169991582535,1.4189169991582533,1.4189169991582533
S3,succinic_acid_mg_g,random_forest,8.9305,5.251221040562216,3.6792789594377844,-3.6792789594377844
S30,succinic_acid_mg_g,random_forest,2.1739,3.494930892700817,1.3210308927008168,1.3210308927008168
S4,succinic_acid_mg_g,random_forest,3.3275,6.160592076690902,2.833092076690902,2.833092076690902
S5,succinic_acid_mg_g,random_forest,5.7151,4.885688253054351,0.8294117469456488,-0.8294117469456488
S6,succinic_acid_mg_g,random_forest,1.7708,3.8972688248325738,2.126468824832574,2.126468824832574
S7,succinic_acid_mg_g,random_forest,2.7502,3.79130152665945,1.04110152665945,1.04110152665945
S8,succinic_acid_mg_g,random_forest,9.8996,5.299684307157659,4.59991569284234,-4.59991569284234
S9,succinic_acid_mg_g,random_forest,0.8312,3.1611588888814905,2.3299588888814906,2.3299588888814906
S1,succinic_acid_mg_g,xgboost,3.0914,3.776737689971924,0.6853376899719237,0.6853376899719237
S10,succinic_acid_mg_g,xgboost,0.2182,3.798693895339966,3.580493895339966,3.580493895339966
S11,succinic_acid_mg_g,xgboost,1.5419,4.007826328277588,2.465926328277588,2.465926328277588
S12,succinic_acid_mg_g,xgboost,5.9048,2.4395036697387695,3.4652963302612303,-3.4652963302612303
S13,succinic_acid_mg_g,xgboost,5.3474,2.765796422958374,2.5816035770416264,-2.5816035770416264
S14,succinic_acid_mg_g,xgboost,4.2089,3.818012237548828,0.39088776245117174,-0.39088776245117174
S15,succinic_acid_mg_g,xgboost,0.0481,3.7906410694122314,3.7425410694122316,3.7425410694122316
S16,succinic_acid_mg_g,xgboost,2.8357,5.3980817794799805,2.5623817794799804,2.5623817794799804
S17,succinic_acid_mg_g,xgboost,4.1038,5.3233489990234375,1.2195489990234378,1.2195489990234378
S18,succinic_acid_mg_g,xgboost,4.6051,2.2377185821533203,2.36738141784668,-2.36738141784668
S19,succinic_acid_mg_g,xgboost,3.813,3.150951385498047,0.6620486145019533,-0.6620486145019533
S2,succinic_acid_mg_g,xgboost,2.646,4.228150844573975,1.5821508445739747,1.5821508445739747
S20,succinic_acid_mg_g,xgboost,2.5316,4.984018802642822,2.452418802642822,2.452418802642822
S21,succinic_acid_mg_g,xgboost,10.1945,2.882606267929077,7.3118937320709225,-7.3118937320709225
S22,succinic_acid_mg_g,xgboost,5.8213,4.365904808044434,1.4553951919555663,-1.4553951919555663
S23,succinic_acid_mg_g,xgboost,4.3924,5.7141642570495605,1.3217642570495602,1.3217642570495602
S24,succinic_acid_mg_g,xgboost,3.7141,2.4838321208953857,1.2302678791046144,-1.2302678791046144
S25,succinic_acid_mg_g,xgboost,5.3924,3.477184772491455,1.9152152275085452,-1.9152152275085452
S26,succinic_acid_mg_g,xgboost,4.745,5.718014240264893,0.9730142402648925,0.9730142402648925
S27,succinic_acid_mg_g,xgboost,5.8976,4.9852070808410645,0.9123929191589353,-0.9123929191589353
S28,succinic_acid_mg_g,xgboost,2.7346,2.27506685256958,0.45953314743041984,-0.45953314743041984
S29,succinic_acid_mg_g,xgboost,4.6512,6.741550922393799,2.0903509223937986,2.0903509223937986
S3,succinic_acid_mg_g,xgboost,8.9305,4.788229465484619,4.142270534515381,-4.142270534515381
S30,succinic_acid_mg_g,xgboost,2.1739,2.6920316219329834,0.5181316219329832,0.5181316219329832
S4,succinic_acid_mg_g,xgboost,3.3275,6.235711097717285,2.908211097717285,2.908211097717285
S5,succinic_acid_mg_g,xgboost,5.7151,4.944439888000488,0.7706601119995113,-0.7706601119995113
S6,succinic_acid_mg_g,xgboost,1.7708,4.252113342285156,2.4813133422851563,2.4813133422851563
S7,succinic_acid_mg_g,xgboost,2.7502,4.129486083984375,1.379286083984375,1.379286083984375
S8,succinic_acid_mg_g,xgboost,9.8996,5.515669822692871,4.383930177307128,-4.383930177307128
S9,succinic_acid_mg_g,xgboost,0.8312,3.137423515319824,2.3062235153198243,2.3062235153198243
S1,succinic_acid_mg_g,catboost,3.0914,4.519246555525169,1.4278465555251687,1.4278465555251687
S10,succinic_acid_mg_g,catboost,0.2182,3.926836702867211,3.708636702867211,3.708636702867211
S11,succinic_acid_mg_g,catboost,1.5419,3.507450939793194,1.9655509397931938,1.9655509397931938
S12,succinic_acid_mg_g,catboost,5.9048,3.029525484461436,2.875274515538564,-2.875274515538564
S13,succinic_acid_mg_g,catboost,5.3474,3.379869075916193,1.9675309240838073,-1.9675309240838073
S14,succinic_acid_mg_g,catboost,4.2089,3.423404924076611,0.785495075923389,-0.785495075923389
S15,succinic_acid_mg_g,catboost,0.0481,3.8990136998801916,3.850913699880192,3.850913699880192
S16,succinic_acid_mg_g,catboost,2.8357,5.201162329753574,2.3654623297535737,2.3654623297535737
S17,succinic_acid_mg_g,catboost,4.1038,5.560012633368074,1.4562126333680743,1.4562126333680743
S18,succinic_acid_mg_g,catboost,4.6051,2.523511238568128,2.081588761431872,-2.081588761431872
S19,succinic_acid_mg_g,catboost,3.813,3.604410732986719,0.20858926701328118,-0.20858926701328118
S2,succinic_acid_mg_g,catboost,2.646,4.756736113653822,2.1107361136538225,2.1107361136538225
S20,succinic_acid_mg_g,catboost,2.5316,5.8507064265799,3.3191064265799,3.3191064265799
S21,succinic_acid_mg_g,catboost,10.1945,2.8249248184548295,7.36957518154517,-7.36957518154517
S22,succinic_acid_mg_g,catboost,5.8213,4.166936388131829,1.6543636118681713,-1.6543636118681713
S23,succinic_acid_mg_g,catboost,4.3924,5.620667197579443,1.2282671975794424,1.2282671975794424
S24,succinic_acid_mg_g,catboost,3.7141,2.6804113327498453,1.0336886672501548,-1.0336886672501548
S25,succinic_acid_mg_g,catboost,5.3924,3.600180054761262,1.7922199452387382,-1.7922199452387382
S26,succinic_acid_mg_g,catboost,4.745,5.480657024621806,0.7356570246218057,0.7356570246218057
S27,succinic_acid_mg_g,catboost,5.8976,4.946017919521654,0.9515820804783459,-0.9515820804783459
S28,succinic_acid_mg_g,catboost,2.7346,2.7412786980823736,0.006678698082373646,0.006678698082373646
S29,succinic_acid_mg_g,catboost,4.6512,6.030528966291669,1.379328966291669,1.379328966291669
S3,succinic_acid_mg_g,catboost,8.9305,4.300494601387776,4.630005398612225,-4.630005398612225
S30,succinic_acid_mg_g,catboost,2.1739,3.2260963728087835,1.0521963728087833,1.0521963728087833
S4,succinic_acid_mg_g,catboost,3.3275,6.62386163491445,3.2963616349144496,3.2963616349144496
S5,succinic_acid_mg_g,catboost,5.7151,4.092884364738259,1.6222156352617407,-1.6222156352617407
S6,succinic_acid_mg_g,catboost,1.7708,4.259445591045496,2.4886455910454957,2.4886455910454957
S7,succinic_acid_mg_g,catboost,2.7502,3.9818953040627245,1.2316953040627245,1.2316953040627245
S8,succinic_acid_mg_g,catboost,9.8996,4.963757285038641,4.935842714961359,-4.935842714961359
S9,succinic_acid_mg_g,catboost,0.8312,3.373398080781554,2.542198080781554,2.542198080781554
S1,succinic_acid_mg_g,mean,3.0914,4.1636689655172425,1.0722689655172424,1.0722689655172424
S10,succinic_acid_mg_g,mean,0.2182,4.262744827586207,4.044544827586207,4.044544827586207
S11,succinic_acid_mg_g,mean,1.5419,4.2171,2.6752000000000002,2.6752000000000002
S12,succinic_acid_mg_g,mean,5.9048,4.066655172413794,1.8381448275862056,-1.8381448275862056
S13,succinic_acid_mg_g,mean,5.3474,4.085875862068966,1.2615241379310342,-1.2615241379310342
S14,succinic_acid_mg_g,mean,4.2089,4.125134482758622,0.08376551724137826,-0.08376551724137826
S15,succinic_acid_mg_g,mean,0.0481,4.268610344827587,4.220510344827587,4.220510344827587
S16,succinic_acid_mg_g,mean,2.8357,4.1724862068965525,1.3367862068965524,1.3367862068965524
S17,succinic_acid_mg_g,mean,4.1038,4.128758620689656,0.02495862068965593,0.02495862068965593
S18,succinic_acid_mg_g,mean,4.6051,4.111472413793104,0.4936275862068964,-0.4936275862068964
S19,succinic_acid_mg_g,mean,3.813,4.138786206896553,0.3257862068965527,0.3257862068965527
S2,succinic_acid_mg_g,mean,2.646,4.179027586206898,1.5330275862068978,1.5330275862068978
S20,succinic_acid_mg_g,mean,2.5316,4.182972413793104,1.651372413793104,1.651372413793104
S21,succinic_acid_mg_g,mean,10.1945,3.9187344827586212,6.275765517241378,-6.275765517241378
S22,succinic_acid_mg_g,mean,5.8213,4.069534482758621,1.7517655172413793,-1.7517655172413793
S23,succinic_acid_mg_g,mean,4.3924,4.118806896551725,0.2735931034482757,-0.2735931034482757
S24,succinic_acid_mg_g,mean,3.7141,4.142196551724139,0.4280965517241384,0.4280965517241384
S25,succinic_acid_mg_g,mean,5.3924,4.084324137931035,1.3080758620689652,-1.3080758620689652
S26,succinic_acid_mg_g,mean,4.745,4.106648275862069,0.6383517241379311,-0.6383517241379311
S27,succinic_acid_mg_g,mean,5.8976,4.066903448275863,1.8306965517241371,-1.8306965517241371
S28,succinic_acid_mg_g,mean,2.7346,4.175972413793104,1.4413724137931037,1.4413724137931037
S29,succinic_acid_mg_g,mean,4.6512,4.10988275862069,0.5413172413793106,-0.5413172413793106
S3,succinic_acid_mg_g,mean,8.9305,3.962320689655172,4.968179310344828,-4.968179310344828
S30,succinic_acid_mg_g,mean,2.1739,4.195306896551725,2.0214068965517247,2.0214068965517247
S4,succinic_acid_mg_g,mean,3.3275,4.1555275862068966,0.8280275862068964,0.8280275862068964
S5,succinic_acid_mg_g,mean,5.7151,4.073196551724137,1.6419034482758628,-1.6419034482758628
S6,succinic_acid_mg_g,mean,1.7708,4.2092068965517235,2.4384068965517236,2.4384068965517236
S7,succinic_acid_mg_g,mean,2.7502,4.17543448275862,1.4252344827586199,1.4252344827586199
S8,succinic_acid_mg_g,mean,9.8996,3.9289034482758614,5.970696551724139,-5.970696551724139
S9,succinic_acid_mg_g,mean,0.8312,4.2416068965517235,3.4104068965517236,3.4104068965517236
S1,succinic_acid_mg_g,nearest_recipe,3.0914,5.3474,2.2560000000000002,2.2560000000000002
S10,succinic_acid_mg_g,nearest_recipe,0.2182,5.9048,5.686599999999999,5.686599999999999
S11,succinic_acid_mg_g,nearest_recipe,1.5419,4.6051,3.0632,3.0632
S12,succinic_acid_mg_g,nearest_recipe,5.9048,0.2182,5.686599999999999,-5.686599999999999
S13,succinic_acid_mg_g,nearest_recipe,5.3474,3.0914,2.2560000000000002,-2.2560000000000002
S14,succinic_acid_mg_g,nearest_recipe,4.2089,3.0914,1.1174999999999997,-1.1174999999999997
S15,succinic_acid_mg_g,nearest_recipe,0.0481,2.5316,2.4835000000000003,2.4835000000000003
S16,succinic_acid_mg_g,nearest_recipe,2.8357,5.9048,3.0690999999999997,3.0690999999999997
S17,succinic_acid_mg_g,nearest_recipe,4.1038,5.8213,1.7175000000000002,1.7175000000000002
S18,succinic_acid_mg_g,nearest_recipe,4.6051,1.5419,3.0632,-3.0632
S19,succinic_acid_mg_g,nearest_recipe,3.813,0.2182,3.5948,-3.5948
S2,succinic_acid_mg_g,nearest_recipe,2.646,4.2089,1.5629,1.5629
S20,succinic_acid_mg_g,nearest_recipe,2.5316,5.9048,3.3731999999999998,3.3731999999999998
S21,succinic_acid_mg_g,nearest_recipe,10.1945,0.2182,9.9763,-9.9763
S22,succinic_acid_mg_g,nearest_recipe,5.8213,3.0914,2.7298999999999998,-2.7298999999999998
S23,succinic_acid_mg_g,nearest_recipe,4.3924,0.0481,4.3443000000000005,-4.3443000000000005
S24,succinic_acid_mg_g,nearest_recipe,3.7141,0.0481,3.6660000000000004,-3.6660000000000004
S25,succinic_acid_mg_g,nearest_recipe,5.3924,2.646,2.7464000000000004,-2.7464000000000004
S26,succinic_acid_mg_g,nearest_recipe,4.745,5.9048,1.1597999999999997,1.1597999999999997
S27,succinic_acid_mg_g,nearest_recipe,5.8976,5.9048,0.007200000000000095,0.007200000000000095
S28,succinic_acid_mg_g,nearest_recipe,2.7346,0.2182,2.5164,-2.5164
S29,succinic_acid_mg_g,nearest_recipe,4.6512,4.2089,0.44230000000000036,-0.44230000000000036
S3,succinic_acid_mg_g,nearest_recipe,8.9305,0.0481,8.8824,-8.8824
S30,succinic_acid_mg_g,nearest_recipe,2.1739,0.2182,1.9557000000000002,-1.9557000000000002
S4,succinic_acid_mg_g,nearest_recipe,3.3275,5.9048,2.5772999999999997,2.5772999999999997
S5,succinic_acid_mg_g,nearest_recipe,5.7151,3.0914,2.6236999999999995,-2.6236999999999995
S6,succinic_acid_mg_g,nearest_recipe,1.7708,0.2182,1.5526,-1.5526
S7,succinic_acid_mg_g,nearest_recipe,2.7502,1.5419,1.2083,-1.2083
S8,succinic_acid_mg_g,nearest_recipe,9.8996,2.8357,7.063899999999999,-7.063899999999999
S9,succinic_acid_mg_g,nearest_recipe,0.8312,1.5419,0.7107,0.7107
S1,l_theanine_mg_g,scheffe_quadratic,1.9188,1.390702174610368,0.528097825389632,-0.528097825389632
S10,l_theanine_mg_g,scheffe_quadratic,2.1646,2.101544973672705,0.06305502632729487,-0.06305502632729487
S11,l_theanine_mg_g,scheffe_quadratic,2.3387,1.9222994599510228,0.416400540048977,-0.416400540048977
S12,l_theanine_mg_g,scheffe_quadratic,1.5697,2.04623757270513,0.47653757270513,0.47653757270513
S13,l_theanine_mg_g,scheffe_quadratic,1.4593,1.73549195303793,0.27619195303793,0.27619195303793
S14,l_theanine_mg_g,scheffe_quadratic,1.8217,1.8628377881889173,0.041137788188917224,0.041137788188917224
S15,l_theanine_mg_g,scheffe_quadratic,1.9292,2.813061793532217,0.883861793532217,0.883861793532217
S16,l_theanine_mg_g,scheffe_quadratic,1.3329,1.9556809544326696,0.6227809544326697,0.6227809544326697
S17,l_theanine_mg_g,scheffe_quadratic,1.5242,1.9878680299951035,0.4636680299951035,0.4636680299951035
S18,l_theanine_mg_g,scheffe_quadratic,2.0115,1.7989906787702186,0.21250932122978128,-0.21250932122978128
S19,l_theanine_mg_g,scheffe_quadratic,2.288,2.2741020776022065,0.013897922397793305,-0.013897922397793305
S2,l_theanine_mg_g,scheffe_quadratic,2.2565,1.8125589205654968,0.4439410794345031,-0.4439410794345031
S20,l_theanine_mg_g,scheffe_quadratic,1.8607,2.1818329691640836,0.3211329691640836,0.3211329691640836
S21,l_theanine_mg_g,scheffe_quadratic,2.6977,1.9126852732130109,0.7850147267869894,-0.7850147267869894
S22,l_theanine_mg_g,scheffe_quadratic,1.6461,1.7814439376556472,0.13534393765564734,0.13534393765564734
S23,l_theanine_mg_g,scheffe_quadratic,2.288,2.0885648263175844,0.19943517368241537,-0.19943517368241537
S24,l_theanine_mg_g,scheffe_quadratic,2.2671,1.7205410759315471,0.546558924068453,-0.546558924068453
S25,l_theanine_mg_g,scheffe_quadratic,1.5733,1.9786757745386796,0.4053757745386797,0.4053757745386797
S26,l_theanine_mg_g,scheffe_quadratic,1.9509,1.544567287287573,0.406332712712427,-0.406332712712427
S27,l_theanine_mg_g,scheffe_quadratic,1.8247,1.8828251005897199,0.05812510058971987,0.05812510058971987
S28,l_theanine_mg_g,scheffe_quadratic,1.9275,1.7962495613536145,0.13125043864638553,-0.13125043864638553
S29,l_theanine_mg_g,scheffe_quadratic,2.3127,1.7598885183943074,0.5528114816056926,-0.5528114816056926
S3,l_theanine_mg_g,scheffe_quadratic,2.8047,2.0171626129741993,0.7875373870258007,-0.7875373870258007
S30,l_theanine_mg_g,scheffe_quadratic,2.0823,1.8958162416810704,0.1864837583189296,-0.1864837583189296
S4,l_theanine_mg_g,scheffe_quadratic,1.7663,2.1713754201251585,0.4050754201251585,0.4050754201251585
S5,l_theanine_mg_g,scheffe_quadratic,1.7,2.2332617519483766,0.5332617519483767,0.5332617519483767
S6,l_theanine_mg_g,scheffe_quadratic,1.7787,1.9947446918421705,0.21604469184217057,0.21604469184217057
S7,l_theanine_mg_g,scheffe_quadratic,1.6297,1.770376549835562,0.140676549835562,0.140676549835562
S8,l_theanine_mg_g,scheffe_quadratic,2.0106,1.9985185975146027,0.012081402485397463,-0.012081402485397463
S9,l_theanine_mg_g,scheffe_quadratic,2.0857,2.7708762489165553,0.6851762489165552,0.6851762489165552
S1,l_theanine_mg_g,ridge_a,1.9188,1.6825357592202228,0.23626424077977726,-0.23626424077977726
S10,l_theanine_mg_g,ridge_a,2.1646,1.9850690410095946,0.1795309589904055,-0.1795309589904055
S11,l_theanine_mg_g,ridge_a,2.3387,2.090368512870025,0.24833148712997488,-0.24833148712997488
S12,l_theanine_mg_g,ridge_a,1.5697,2.0795502651340736,0.5098502651340735,0.5098502651340735
S13,l_theanine_mg_g,ridge_a,1.4593,1.9055760107134634,0.44627601071346334,0.44627601071346334
S14,l_theanine_mg_g,ridge_a,1.8217,1.8045616603928,0.017138339607200015,-0.017138339607200015
S15,l_theanine_mg_g,ridge_a,1.9292,2.2558631746835953,0.3266631746835953,0.3266631746835953
S16,l_theanine_mg_g,ridge_a,1.3329,1.9820633246139403,0.6491633246139403,0.6491633246139403
S17,l_theanine_mg_g,ridge_a,1.5242,1.9751409703129383,0.45094097031293834,0.45094097031293834
S18,l_theanine_mg_g,ridge_a,2.0115,1.966437236025108,0.04506276397489195,-0.04506276397489195
S19,l_theanine_mg_g,ridge_a,2.288,2.012470393452403,0.27552960654759673,-0.27552960654759673
S2,l_theanine_mg_g,ridge_a,2.2565,1.6874359979814133,0.5690640020185866,-0.5690640020185866
S20,l_theanine_mg_g,ridge_a,1.8607,2.1387852438980612,0.2780852438980612,0.2780852438980612
S21,l_theanine_mg_g,ridge_a,2.6977,2.034543611312517,0.6631563886874834,-0.6631563886874834
S22,l_theanine_mg_g,ridge_a,1.6461,1.7852500955500183,0.13915009555001845,0.13915009555001845
S23,l_theanine_mg_g,ridge_a,2.288,2.018619645969307,0.2693803540306927,-0.2693803540306927
S24,l_theanine_mg_g,ridge_a,2.2671,2.013798293543476,0.25330170645652395,-0.25330170645652395
S25,l_theanine_mg_g,ridge_a,1.5733,1.896593187196727,0.32329318719672706,0.32329318719672706
S26,l_theanine_mg_g,ridge_a,1.9509,2.0020597076926054,0.05115970769260536,0.05115970769260536
S27,l_theanine_mg_g,ridge_a,1.8247,1.9232594089208621,0.09855940892086212,0.09855940892086212
S28,l_theanine_mg_g,ridge_a,1.9275,1.9686223668993101,0.04112236689931015,0.04112236689931015
S29,l_theanine_mg_g,ridge_a,2.3127,1.796665730738949,0.5160342692610509,-0.5160342692610509
S3,l_theanine_mg_g,ridge_a,2.8047,1.9989685551555518,0.8057314448444481,-0.8057314448444481
S30,l_theanine_mg_g,ridge_a,2.0823,1.86630269336596,0.21599730663403993,-0.21599730663403993
S4,l_theanine_mg_g,ridge_a,1.7663,2.1141280775569102,0.34782807755691025,0.34782807755691025
S5,l_theanine_mg_g,ridge_a,1.7,1.678799164316188,0.021200835683812036,-0.021200835683812036
S6,l_theanine_mg_g,ridge_a,1.7787,1.939254430040387,0.16055443004038694,0.16055443004038694
S7,l_theanine_mg_g,ridge_a,1.6297,2.035571539096385,0.40587153909638496,0.40587153909638496
S8,l_theanine_mg_g,ridge_a,2.0106,1.990735287868986,0.01986471213101426,-0.01986471213101426
S9,l_theanine_mg_g,ridge_a,2.0857,2.0983467734859103,0.012646773485910145,0.012646773485910145
S1,l_theanine_mg_g,ridge_b_no_intercept,1.9188,1.6117151148539786,0.3070848851460215,-0.3070848851460215
S10,l_theanine_mg_g,ridge_b_no_intercept,2.1646,1.73568939220042,0.4289106077995801,-0.4289106077995801
S11,l_theanine_mg_g,ridge_b_no_intercept,2.3387,1.758843861335151,0.5798561386648489,-0.5798561386648489
S12,l_theanine_mg_g,ridge_b_no_intercept,1.5697,1.7730309151677406,0.2033309151677405,0.2033309151677405
S13,l_theanine_mg_g,ridge_b_no_intercept,1.4593,1.7112668057627214,0.25196680576272135,0.25196680576272135
S14,l_theanine_mg_g,ridge_b_no_intercept,1.8217,1.66568277554113,0.15601722445887,-0.15601722445887
S15,l_theanine_mg_g,ridge_b_no_intercept,1.9292,1.7941138410910553,0.1350861589089447,-0.1350861589089447
S16,l_theanine_mg_g,ridge_b_no_intercept,1.3329,1.7410971821449674,0.4081971821449675,0.4081971821449675
S17,l_theanine_mg_g,ridge_b_no_intercept,1.5242,1.707984661611103,0.18378466161110296,0.18378466161110296
S18,l_theanine_mg_g,ridge_b_no_intercept,2.0115,1.7275334592010179,0.283966540798982,-0.283966540798982
S19,l_theanine_mg_g,ridge_b_no_intercept,2.288,1.741394743988178,0.5466052560118217,-0.5466052560118217
S2,l_theanine_mg_g,ridge_b_no_intercept,2.2565,1.607882783727063,0.6486172162729369,-0.6486172162729369
S20,l_theanine_mg_g,ridge_b_no_intercept,1.8607,1.7808738631203451,0.0798261368796549,-0.0798261368796549
S21,l_theanine_mg_g,ridge_b_no_intercept,2.6977,1.7403137780023403,0.9573862219976599,-0.9573862219976599
S22,l_theanine_mg_g,ridge_b_no_intercept,1.6461,1.6385913218456816,0.007508678154318327,-0.007508678154318327
S23,l_theanine_mg_g,ridge_b_no_intercept,2.288,1.697492001660128,0.5905079983398718,-0.5905079983398718
S24,l_theanine_mg_g,ridge_b_no_intercept,2.2671,1.7229030365706506,0.5441969634293495,-0.5441969634293495
S25,l_theanine_mg_g,ridge_b_no_intercept,1.5733,1.6968092815397038,0.12350928153970386,0.12350928153970386
S26,l_theanine_mg_g,ridge_b_no_intercept,1.9509,1.7221965523621359,0.2287034476378642,-0.2287034476378642
S27,l_theanine_mg_g,ridge_b_no_intercept,1.8247,1.701781242961351,0.12291875703864896,-0.12291875703864896
S28,l_theanine_mg_g,ridge_b_no_intercept,1.9275,1.7243198219278402,0.20318017807215982,-0.20318017807215982
S29,l_theanine_mg_g,ridge_b_no_intercept,2.3127,1.640271649942239,0.672428350057761,-0.672428350057761
S3,l_theanine_mg_g,ridge_b_no_intercept,2.8047,1.6852978189513892,1.1194021810486108,-1.1194021810486108
S30,l_theanine_mg_g,ridge_b_no_intercept,2.0823,1.6887983975936942,0.39350160240630583,-0.39350160240630583
S4,l_theanine_mg_g,ridge_b_no_intercept,1.7663,1.7632910182357961,0.003008981764203833,-0.003008981764203833
S5,l_theanine_mg_g,ridge_b_no_intercept,1.7,1.6096925550742807,0.0903074449257193,-0.0903074449257193
S6,l_theanine_mg_g,ridge_b_no_intercept,1.7787,1.726477132378277,0.0522228676217229,-0.0522228676217229
S7,l_theanine_mg_g,ridge_b_no_intercept,1.6297,1.7564196730118444,0.1267196730118445,0.1267196730118445
S8,l_theanine_mg_g,ridge_b_no_intercept,2.0106,1.7146085509164088,0.2959914490835913,-0.2959914490835913
S9,l_theanine_mg_g,ridge_b_no_intercept,2.0857,1.763844351742807,0.32185564825719304,-0.32185564825719304
S1,l_theanine_mg_g,pls,1.9188,1.674984957903789,0.24381504209621108,-0.24381504209621108
S10,l_theanine_mg_g,pls,2.1646,1.9881432227017073,0.1764567772982928,-0.1764567772982928
S11,l_theanine_mg_g,pls,2.3387,2.098875013857128,0.23982498614287184,-0.23982498614287184
S12,l_theanine_mg_g,pls,1.5697,2.082337296394011,0.5126372963940109,0.5126372963940109
S13,l_theanine_mg_g,pls,1.4593,1.9067461854084762,0.44744618540847614,0.44744618540847614
S14,l_theanine_mg_g,pls,1.8217,1.7997300182889924,0.021969981711007724,-0.021969981711007724
S15,l_theanine_mg_g,pls,1.9292,2.2651955162671293,0.3359955162671293,0.3359955162671293
S16,l_theanine_mg_g,pls,1.3329,1.9819012151886712,0.6490012151886713,0.6490012151886713
S17,l_theanine_mg_g,pls,1.5242,1.973109410960629,0.4489094109606291,0.4489094109606291
S18,l_theanine_mg_g,pls,2.0115,1.971888927131675,0.03961107286832477,-0.03961107286832477
S19,l_theanine_mg_g,pls,2.288,2.0182891409814374,0.2697108590185624,-0.2697108590185624
S2,l_theanine_mg_g,pls,2.2565,1.6756584155169751,0.5808415844830248,-0.5808415844830248
S20,l_theanine_mg_g,pls,1.8607,2.1437004691853123,0.2830004691853123,0.2830004691853123
S21,l_theanine_mg_g,pls,2.6977,2.038887352106109,0.6588126478938912,-0.6588126478938912
S22,l_theanine_mg_g,pls,1.6461,1.7780201720020041,0.13192017200200423,0.13192017200200423
S23,l_theanine_mg_g,pls,2.288,2.0171313866393086,0.27086861336069123,-0.27086861336069123
S24,l_theanine_mg_g,pls,2.2671,2.015482030296798,0.25161796970320216,-0.25161796970320216
S25,l_theanine_mg_g,pls,1.5733,1.89162970296499,0.3183297029649901,0.3183297029649901
S26,l_theanine_mg_g,pls,1.9509,2.0001638511050897,0.04926385110508957,0.04926385110508957
S27,l_theanine_mg_g,pls,1.8247,1.9196664599711044,0.09496645997110442,0.09496645997110442
S28,l_theanine_mg_g,pls,1.9275,1.969155686963636,0.041655686963635974,0.041655686963635974
S29,l_theanine_mg_g,pls,2.3127,1.7889554860717134,0.5237445139282866,-0.5237445139282866
S3,l_theanine_mg_g,pls,2.8047,1.9973391497291795,0.8073608502708205,-0.8073608502708205
S30,l_theanine_mg_g,pls,2.0823,1.8635166311811757,0.21878336881882432,-0.21878336881882432
S4,l_theanine_mg_g,pls,1.7663,2.1158864841036205,0.3495864841036205,0.3495864841036205
S5,l_theanine_mg_g,pls,1.7,1.667636434513071,0.03236356548692898,-0.03236356548692898
S6,l_theanine_mg_g,pls,1.7787,1.9409642363146136,0.16226423631461362,0.16226423631461362
S7,l_theanine_mg_g,pls,1.6297,2.0400484361691293,0.4103484361691294,0.4103484361691294
S8,l_theanine_mg_g,pls,2.0106,1.9889060552902984,0.021693944709701762,-0.021693944709701762
S9,l_theanine_mg_g,pls,2.0857,2.112767226749886,0.02706722674988571,0.02706722674988571
S1,l_theanine_mg_g,gpr,1.9188,1.962168232393198,0.04336823239319787,0.04336823239319787
S10,l_theanine_mg_g,gpr,2.1646,1.953696554727499,0.21090344527250116,-0.21090344527250116
S11,l_theanine_mg_g,gpr,2.3387,1.947693110988701,0.39100688901129876,-0.39100688901129876
S12,l_theanine_mg_g,gpr,1.5697,1.9742115121447597,0.40451151214475956,0.40451151214475956
S13,l_theanine_mg_g,gpr,1.4593,1.9780172372525258,0.5187172372525257,0.5187172372525257
S14,l_theanine_mg_g,gpr,1.8217,1.9655206784489947,0.1438206784489946,0.1438206784489946
S15,l_theanine_mg_g,gpr,1.9292,1.9618138174152675,0.032613817415267476,0.032613817415267476
S16,l_theanine_mg_g,gpr,1.3329,1.9823758906144355,0.6494758906144356,0.6494758906144356
S17,l_theanine_mg_g,gpr,1.5242,1.9843333769213176,0.4601333769213176,0.4601333769213176
S18,l_theanine_mg_g,gpr,2.0115,1.9589758369138808,0.05252416308611907,-0.05252416308611907
S19,l_theanine_mg_g,gpr,2.288,1.9494414602885557,0.3385585397114441,-0.3385585397114441
S2,l_theanine_mg_g,gpr,2.2565,1.9505275841136362,0.3059724158863637,-0.3059724158863637
S20,l_theanine_mg_g,gpr,1.8607,1.9641761160969573,0.10347611609695728,0.10347611609695728
S21,l_theanine_mg_g,gpr,2.6977,1.9235258911558284,0.7741741088441718,-0.7741741088441718
S22,l_theanine_mg_g,gpr,1.6461,1.9715707486194294,0.3254707486194295,0.3254707486194295
S23,l_theanine_mg_g,gpr,2.288,1.9494413825245152,0.33855861747548466,-0.33855861747548466
S24,l_theanine_mg_g,gpr,2.2671,1.950162027943016,0.31693797205698404,-0.31693797205698404
S25,l_theanine_mg_g,gpr,1.5733,1.9740862070194891,0.4007862070194892,0.4007862070194892
S26,l_theanine_mg_g,gpr,1.9509,1.961065510320963,0.010165510320963023,0.010165510320963023
S27,l_theanine_mg_g,gpr,1.8247,1.9654172243924914,0.14071722439249146,0.14071722439249146
S28,l_theanine_mg_g,gpr,1.9275,1.9618724088835335,0.034372408883533545,0.034372408883533545
S29,l_theanine_mg_g,gpr,2.3127,1.8729180074326723,0.43978199256732764,-0.43978199256732764
S3,l_theanine_mg_g,gpr,2.8047,1.9316241433930077,0.8730758566069923,-0.8730758566069923
S30,l_theanine_mg_g,gpr,2.0823,1.9565344722535185,0.12576552774648153,-0.12576552774648153
S4,l_theanine_mg_g,gpr,1.7663,1.9674310205589531,0.20113102055895316,0.20113102055895316
S5,l_theanine_mg_g,gpr,1.7,1.969702196793642,0.26970219679364194,0.26970219679364194
S6,l_theanine_mg_g,gpr,1.7787,1.9670034337557527,0.18830343375575276,0.18830343375575276
S7,l_theanine_mg_g,gpr,1.6297,1.9721416431909584,0.3424416431909585,0.3424416431909585
S8,l_theanine_mg_g,gpr,2.0106,1.9590068802166334,0.05159311978336678,-0.05159311978336678
S9,l_theanine_mg_g,gpr,2.0857,1.9564172545870127,0.12928274541298745,-0.12928274541298745
S1,l_theanine_mg_g,random_forest,1.9188,1.7722730318931077,0.14652696810689236,-0.14652696810689236
S10,l_theanine_mg_g,random_forest,2.1646,2.0143025840187594,0.1502974159812407,-0.1502974159812407
S11,l_theanine_mg_g,random_forest,2.3387,2.0923953166398426,0.2463046833601572,-0.2463046833601572
S12,l_theanine_mg_g,random_forest,1.5697,2.0276947086459827,0.4579947086459826,0.4579947086459826
S13,l_theanine_mg_g,random_forest,1.4593,1.9438482517454763,0.4845482517454762,0.4845482517454762
S14,l_theanine_mg_g,random_forest,1.8217,1.8261897012811252,0.004489701281125136,0.004489701281125136
S15,l_theanine_mg_g,random_forest,1.9292,2.132101924601161,0.20290192460116097,0.20290192460116097
S16,l_theanine_mg_g,random_forest,1.3329,1.9819325042392801,0.6490325042392802,0.6490325042392802
S17,l_theanine_mg_g,random_forest,1.5242,2.006596278936803,0.48239627893680304,0.48239627893680304
S18,l_theanine_mg_g,random_forest,2.0115,1.8780635897093645,0.13343641029063535,-0.13343641029063535
S19,l_theanine_mg_g,random_forest,2.288,2.150751714874941,0.1372482851250587,-0.1372482851250587
S2,l_theanine_mg_g,random_forest,2.2565,1.801303146997446,0.45519685300255386,-0.45519685300255386
S20,l_theanine_mg_g,random_forest,1.8607,2.12012063579846,0.2594206357984601,0.2594206357984601
S21,l_theanine_mg_g,random_forest,2.6977,1.9455234855459362,0.752176514454064,-0.752176514454064
S22,l_theanine_mg_g,random_forest,1.6461,1.8693883827783326,0.22328838277833274,0.22328838277833274
S23,l_theanine_mg_g,random_forest,2.288,1.8739405531385285,0.41405944686147134,-0.41405944686147134
S24,l_theanine_mg_g,random_forest,2.2671,1.7810458335858583,0.4860541664141418,-0.4860541664141418
S25,l_theanine_mg_g,random_forest,1.5733,1.9583248683538697,0.38502486835386973,0.38502486835386973
S26,l_theanine_mg_g,random_forest,1.9509,1.9654377748510743,0.014537774851074214,0.014537774851074214
S27,l_theanine_mg_g,random_forest,1.8247,1.8711128729566728,0.046412872956672846,0.046412872956672846
S28,l_theanine_mg_g,random_forest,1.9275,1.9700708514670513,0.04257085146705131,0.04257085146705131
S29,l_theanine_mg_g,random_forest,2.3127,1.7325066012025017,0.5801933987974983,-0.5801933987974983
S3,l_theanine_mg_g,random_forest,2.8047,1.9874683360445102,0.8172316639554897,-0.8172316639554897
S30,l_theanine_mg_g,random_forest,2.0823,1.7769200891858141,0.3053799108141859,-0.3053799108141859
S4,l_theanine_mg_g,random_forest,1.7663,2.0740501983285227,0.3077501983285227,0.3077501983285227
S5,l_theanine_mg_g,random_forest,1.7,1.9062283430254938,0.20622834302549387,0.20622834302549387
S6,l_theanine_mg_g,random_forest,1.7787,1.9286767482082723,0.14997674820827234,0.14997674820827234
S7,l_theanine_mg_g,random_forest,1.6297,1.9530721902356913,0.3233721902356914,0.3233721902356914
S8,l_theanine_mg_g,random_forest,2.0106,1.9270477996272222,0.083552200372778,-0.083552200372778
S9,l_theanine_mg_g,random_forest,2.0857,2.1711232328643577,0.0854232328643576,0.0854232328643576
S1,l_theanine_mg_g,xgboost,1.9188,1.687563180923462,0.23123681907653815,-0.23123681907653815
S10,l_theanine_mg_g,xgboost,2.1646,1.9856131076812744,0.17898689231872567,-0.17898689231872567
S11,l_theanine_mg_g,xgboost,2.3387,2.1210107803344727,0.21768921966552712,-0.21768921966552712
S12,l_theanine_mg_g,xgboost,1.5697,1.9943002462387085,0.4246002462387084,0.4246002462387084
S13,l_theanine_mg_g,xgboost,1.4593,1.9333689212799072,0.4740689212799072,0.4740689212799072
S14,l_theanine_mg_g,xgboost,1.8217,1.8928554058074951,0.07115540580749502,0.07115540580749502
S15,l_theanine_mg_g,xgboost,1.9292,2.3922770023345947,0.4630770023345947,0.4630770023345947
S16,l_theanine_mg_g,xgboost,1.3329,1.9946050643920898,0.6617050643920899,0.6617050643920899
S17,l_theanine_mg_g,xgboost,1.5242,2.0160973072052,0.4918973072052002,0.4918973072052002
S18,l_theanine_mg_g,xgboost,2.0115,1.8309006690979004,0.18059933090209945,-0.18059933090209945
S19,l_theanine_mg_g,xgboost,2.288,2.1988203525543213,0.08917964744567852,-0.08917964744567852
S2,l_theanine_mg_g,xgboost,2.2565,1.79827880859375,0.45822119140624995,-0.45822119140624995
S20,l_theanine_mg_g,xgboost,1.8607,2.079864025115967,0.21916402511596678,0.21916402511596678
S21,l_theanine_mg_g,xgboost,2.6977,1.9402658939361572,0.757434106063843,-0.757434106063843
S22,l_theanine_mg_g,xgboost,1.6461,1.856546401977539,0.21044640197753917,0.21044640197753917
S23,l_theanine_mg_g,xgboost,2.288,1.968572735786438,0.3194272642135618,-0.3194272642135618
S24,l_theanine_mg_g,xgboost,2.2671,1.6791930198669434,0.5879069801330568,-0.5879069801330568
S25,l_theanine_mg_g,xgboost,1.5733,1.9705324172973633,0.39723241729736336,0.39723241729736336
S26,l_theanine_mg_g,xgboost,1.9509,1.909416913986206,0.041483086013794024,-0.041483086013794024
S27,l_theanine_mg_g,xgboost,1.8247,1.9117274284362793,0.08702742843627931,0.08702742843627931
S28,l_theanine_mg_g,xgboost,1.9275,1.8833166360855103,0.04418336391448974,-0.04418336391448974
S29,l_theanine_mg_g,xgboost,2.3127,1.7185310125350952,0.5941689874649048,-0.5941689874649048
S3,l_theanine_mg_g,xgboost,2.8047,1.995741844177246,0.8089581558227539,-0.8089581558227539
S30,l_theanine_mg_g,xgboost,2.0823,1.7657790184020996,0.31652098159790043,-0.31652098159790043
S4,l_theanine_mg_g,xgboost,1.7663,2.05708646774292,0.29078646774291994,0.29078646774291994
S5,l_theanine_mg_g,xgboost,1.7,1.9510087966918945,0.2510087966918946,0.2510087966918946
S6,l_theanine_mg_g,xgboost,1.7787,1.951790690422058,0.17309069042205816,0.17309069042205816
S7,l_theanine_mg_g,xgboost,1.6297,1.942322015762329,0.3126220157623292,0.3126220157623292
S8,l_theanine_mg_g,xgboost,2.0106,1.8727613687515259,0.13783863124847429,-0.13783863124847429
S9,l_theanine_mg_g,xgboost,2.0857,2.2410802841186523,0.15538028411865223,0.15538028411865223
S1,l_theanine_mg_g,catboost,1.9188,1.7025720504643016,0.21622794953569846,-0.21622794953569846
S10,l_theanine_mg_g,catboost,2.1646,2.042419198465318,0.12218080153468192,-0.12218080153468192
S11,l_theanine_mg_g,catboost,2.3387,2.0996848143349047,0.23901518566509505,-0.23901518566509505
S12,l_theanine_mg_g,catboost,1.5697,2.0496005140249984,0.47990051402499834,0.47990051402499834
S13,l_theanine_mg_g,catboost,1.4593,1.9133786475203332,0.4540786475203331,0.4540786475203331
S14,l_theanine_mg_g,catboost,1.8217,1.9114646085013156,0.08976460850131551,0.08976460850131551
S15,l_theanine_mg_g,catboost,1.9292,2.3853185011569287,0.45611850115692865,0.45611850115692865
S16,l_theanine_mg_g,catboost,1.3329,2.03124172008365,0.6983417200836501,0.6983417200836501
S17,l_theanine_mg_g,catboost,1.5242,2.034948993353139,0.5107489933531388,0.5107489933531388
S18,l_theanine_mg_g,catboost,2.0115,1.8619574694992964,0.14954253050070343,-0.14954253050070343
S19,l_theanine_mg_g,catboost,2.288,2.158195245709934,0.129804754290066,-0.129804754290066
S2,l_theanine_mg_g,catboost,2.2565,1.8239663986110186,0.43253360138898134,-0.43253360138898134
S20,l_theanine_mg_g,catboost,1.8607,2.1418670775065287,0.2811670775065287,0.2811670775065287
S21,l_theanine_mg_g,catboost,2.6977,1.9105925287757233,0.7871074712242769,-0.7871074712242769
S22,l_theanine_mg_g,catboost,1.6461,1.819182684689303,0.1730826846893032,0.1730826846893032
S23,l_theanine_mg_g,catboost,2.288,2.0170644069729553,0.2709355930270445,-0.2709355930270445
S24,l_theanine_mg_g,catboost,2.2671,1.7486829070193175,0.5184170929806826,-0.5184170929806826
S25,l_theanine_mg_g,catboost,1.5733,1.9767806719900507,0.4034806719900508,0.4034806719900508
S26,l_theanine_mg_g,catboost,1.9509,1.8768474057380895,0.07405259426191058,-0.07405259426191058
S27,l_theanine_mg_g,catboost,1.8247,1.8963454929370438,0.07164549293704381,0.07164549293704381
S28,l_theanine_mg_g,catboost,1.9275,1.891376270978933,0.036123729021066975,-0.036123729021066975
S29,l_theanine_mg_g,catboost,2.3127,1.7871388957418837,0.5255611042581163,-0.5255611042581163
S3,l_theanine_mg_g,catboost,2.8047,1.8857039628906773,0.9189960371093226,-0.9189960371093226
S30,l_theanine_mg_g,catboost,2.0823,1.8010234810826171,0.2812765189173829,-0.2812765189173829
S4,l_theanine_mg_g,catboost,1.7663,2.0091395566687553,0.24283955666875534,0.24283955666875534
S5,l_theanine_mg_g,catboost,1.7,1.978364784071268,0.27836478407126797,0.27836478407126797
S6,l_theanine_mg_g,catboost,1.7787,1.927088444453751,0.1483884444537511,0.1483884444537511
S7,l_theanine_mg_g,catboost,1.6297,2.011372974962221,0.38167297496222097,0.38167297496222097
S8,l_theanine_mg_g,catboost,2.0106,1.8713349757027096,0.1392650242972906,-0.1392650242972906
S9,l_theanine_mg_g,catboost,2.0857,2.2297397804757835,0.14403978047578336,0.14403978047578336
S1,l_theanine_mg_g,mean,1.9188,1.9621724137931036,0.043372413793103526,0.043372413793103526
S10,l_theanine_mg_g,mean,2.1646,1.953696551724138,0.21090344827586205,-0.21090344827586205
S11,l_theanine_mg_g,mean,2.3387,1.947693103448276,0.3910068965517237,-0.3910068965517237
S12,l_theanine_mg_g,mean,1.5697,1.974210344827586,0.40451034482758597,0.40451034482758597
S13,l_theanine_mg_g,mean,1.4593,1.9780172413793102,0.5187172413793102,0.5187172413793102
S14,l_theanine_mg_g,mean,1.8217,1.9655206896551725,0.14382068965517236,0.14382068965517236
S15,l_theanine_mg_g,mean,1.9292,1.9618137931034483,0.03261379310344825,0.03261379310344825
S16,l_theanine_mg_g,mean,1.3329,1.9823758620689655,0.6494758620689656,0.6494758620689656
S17,l_theanine_mg_g,mean,1.5242,1.9757793103448278,0.4515793103448278,0.4515793103448278
S18,l_theanine_mg_g,mean,2.0115,1.958975862068966,0.05252413793103394,-0.05252413793103394
S19,l_theanine_mg_g,mean,2.288,1.949441379310345,0.3385586206896549,-0.3385586206896549
S2,l_theanine_mg_g,mean,2.2565,1.950527586206897,0.305972413793103,-0.305972413793103
S20,l_theanine_mg_g,mean,1.8607,1.9641758620689656,0.10347586206896553,0.10347586206896553
S21,l_theanine_mg_g,mean,2.6977,1.9353137931034483,0.7623862068965519,-0.7623862068965519
S22,l_theanine_mg_g,mean,1.6461,1.9715758620689656,0.3254758620689657,0.3254758620689657
S23,l_theanine_mg_g,mean,2.288,1.949441379310345,0.3385586206896549,-0.3385586206896549
S24,l_theanine_mg_g,mean,2.2671,1.950162068965517,0.3169379310344831,-0.3169379310344831
S25,l_theanine_mg_g,mean,1.5733,1.974086206896552,0.400786206896552,0.400786206896552
S26,l_theanine_mg_g,mean,1.9509,1.9610655172413796,0.010165517241379485,0.010165517241379485
S27,l_theanine_mg_g,mean,1.8247,1.9654172413793105,0.14071724137931052,0.14071724137931052
S28,l_theanine_mg_g,mean,1.9275,1.9618724137931034,0.03437241379310341,0.03437241379310341
S29,l_theanine_mg_g,mean,2.3127,1.948589655172414,0.364110344827586,-0.364110344827586
S3,l_theanine_mg_g,mean,2.8047,1.931624137931035,0.8730758620689649,-0.8730758620689649
S30,l_theanine_mg_g,mean,2.0823,1.9565344827586209,0.1257655172413792,-0.1257655172413792
S4,l_theanine_mg_g,mean,1.7663,1.967431034482759,0.20113103448275904,0.20113103448275904
S5,l_theanine_mg_g,mean,1.7,1.9697172413793107,0.26971724137931075,0.26971724137931075
S6,l_theanine_mg_g,mean,1.7787,1.9670034482758625,0.18830344827586254,0.18830344827586254
S7,l_theanine_mg_g,mean,1.6297,1.9721413793103453,0.34244137931034535,0.34244137931034535
S8,l_theanine_mg_g,mean,2.0106,1.9590068965517247,0.0515931034482755,-0.0515931034482755
S9,l_theanine_mg_g,mean,2.0857,1.9564172413793106,0.1292827586206895,-0.1292827586206895
S1,l_theanine_mg_g,nearest_recipe,1.9188,1.4593,0.4595,-0.4595
S10,l_theanine_mg_g,nearest_recipe,2.1646,1.5697,0.5949,-0.5949
S11,l_theanine_mg_g,nearest_recipe,2.3387,2.0115,0.32719999999999994,-0.32719999999999994
S12,l_theanine_mg_g,nearest_recipe,1.5697,2.1646,0.5949,0.5949
S13,l_theanine_mg_g,nearest_recipe,1.4593,1.9188,0.4595,0.4595
S14,l_theanine_mg_g,nearest_recipe,1.8217,1.9188,0.09709999999999996,0.09709999999999996
S15,l_theanine_mg_g,nearest_recipe,1.9292,1.8607,0.0685,-0.0685
S16,l_theanine_mg_g,nearest_recipe,1.3329,1.5697,0.23680000000000012,0.23680000000000012
S17,l_theanine_mg_g,nearest_recipe,1.5242,1.6461,0.1218999999999999,0.1218999999999999
S18,l_theanine_mg_g,nearest_recipe,2.0115,2.3387,0.32719999999999994,0.32719999999999994
S19,l_theanine_mg_g,nearest_recipe,2.288,2.1646,0.12339999999999973,-0.12339999999999973
S2,l_theanine_mg_g,nearest_recipe,2.2565,1.8217,0.43479999999999985,-0.43479999999999985
S20,l_theanine_mg_g,nearest_recipe,1.8607,1.5697,0.2909999999999999,-0.2909999999999999
S21,l_theanine_mg_g,nearest_recipe,2.6977,2.1646,0.5331000000000001,-0.5331000000000001
S22,l_theanine_mg_g,nearest_recipe,1.6461,1.9188,0.27270000000000016,0.27270000000000016
S23,l_theanine_mg_g,nearest_recipe,2.288,1.9292,0.3587999999999998,-0.3587999999999998
S24,l_theanine_mg_g,nearest_recipe,2.2671,1.9292,0.3379000000000001,-0.3379000000000001
S25,l_theanine_mg_g,nearest_recipe,1.5733,2.2565,0.6832,0.6832
S26,l_theanine_mg_g,nearest_recipe,1.9509,1.5697,0.3812,-0.3812
S27,l_theanine_mg_g,nearest_recipe,1.8247,1.5697,0.2549999999999999,-0.2549999999999999
S28,l_theanine_mg_g,nearest_recipe,1.9275,2.1646,0.2371000000000001,0.2371000000000001
S29,l_theanine_mg_g,nearest_recipe,2.3127,1.8217,0.4909999999999999,-0.4909999999999999
S3,l_theanine_mg_g,nearest_recipe,2.8047,1.9292,0.8755,-0.8755
S30,l_theanine_mg_g,nearest_recipe,2.0823,2.1646,0.08230000000000004,0.08230000000000004
S4,l_theanine_mg_g,nearest_recipe,1.7663,1.5697,0.19659999999999989,-0.19659999999999989
S5,l_theanine_mg_g,nearest_recipe,1.7,1.9188,0.2188000000000001,0.2188000000000001
S6,l_theanine_mg_g,nearest_recipe,1.7787,2.1646,0.38590000000000013,0.38590000000000013
S7,l_theanine_mg_g,nearest_recipe,1.6297,2.3387,0.7089999999999999,0.7089999999999999
S8,l_theanine_mg_g,nearest_recipe,2.0106,1.3329,0.6777000000000002,-0.6777000000000002
S9,l_theanine_mg_g,nearest_recipe,2.0857,2.3387,0.25299999999999967,0.25299999999999967
