sample_code,target,model,y_true,y_pred,abs_error,signed_error
S1,appearance,mean,72.06,75.55678194726167,3.496781947261667,3.496781947261667
S10,appearance,mean,67.825,75.70281643002029,7.877816430020289,7.877816430020289
S11,appearance,mean,70.955,75.59488539553753,4.639885395537533,4.639885395537533
S12,appearance,mean,80.85,75.2536784989858,5.596321501014188,-5.596321501014188
S13,appearance,mean,75.295,75.44523022312373,0.15023022312372802,0.15023022312372802
S14,appearance,mean,75.72,75.43057505070995,0.28942494929005136,-0.28942494929005136
S15,appearance,mean,85.19,75.104023326572,10.085976673427993,-10.085976673427993
S16,appearance,mean,85.025,75.10971298174442,9.915287018255583,-9.915287018255583
S17,appearance,mean,73.535,75.50591987829615,1.970919878296158,1.970919878296158
S18,appearance,mean,77.475,75.37005780933063,2.1049421906693624,-2.1049421906693624
S19,appearance,mean,80.74,75.25747160243408,5.482528397565915,-5.482528397565915
S2,appearance,mean,70.51,75.61023022312374,5.100230223123731,5.100230223123731
S20,appearance,mean,82.95,75.18126470588236,7.768735294117647,-7.768735294117647
S21,appearance,mean,75.26,75.44643711967547,0.1864371196754604,0.1864371196754604
S22,appearance,mean,75.89500000000001,75.42454056795133,0.4704594320486848,-0.4704594320486848
S23,appearance,mean,80.155,75.27764401622719,4.877355983772816,-4.877355983772816
S24,appearance,mean,85.22,75.10298884381339,10.117011156186607,-10.117011156186607
S25,appearance,mean,67.59,75.71091987829614,8.120919878296135,8.120919878296135
S26,appearance,mean,69.42,75.64781643002028,6.227816430020283,6.227816430020283
S27,appearance,mean,68.405,75.6828164300203,7.2778164300202945,7.2778164300202945
S28,appearance,mean,70.8865,75.59724746450304,4.710747464503044,4.710747464503044
S29,appearance,mean,72.58,75.53885091277891,2.9588509127789138,2.9588509127789138
S3,appearance,mean,76.465,75.40488539553753,1.0601146044624699,-1.0601146044624699
S30,appearance,mean,72.74117647058823,75.53329310344829,2.7921166328600577,2.7921166328600577
S4,appearance,mean,71.7215,75.56845436105478,3.8469543610547703,3.8469543610547703
S5,appearance,mean,74.88,75.45954056795134,0.5795405679513408,0.5795405679513408
S6,appearance,mean,71.825,75.56488539553754,3.7398853955375415,3.7398853955375415
S7,appearance,mean,77.5625,75.36704056795134,2.195459432048665,-2.195459432048665
S8,appearance,mean,76.675,75.39764401622719,1.2773559837728072,-1.2773559837728072
S9,appearance,mean,77.795,75.35902332657203,2.435976673427973,-2.435976673427973
S1,appearance,nearest_recipe,72.06,75.295,3.2349999999999994,3.2349999999999994
S10,appearance,nearest_recipe,67.825,80.85,13.024999999999991,13.024999999999991
S11,appearance,nearest_recipe,70.955,77.475,6.519999999999996,6.519999999999996
S12,appearance,nearest_recipe,80.85,67.825,13.024999999999991,-13.024999999999991
S13,appearance,nearest_recipe,75.295,72.06,3.2349999999999994,-3.2349999999999994
S14,appearance,nearest_recipe,75.72,72.06,3.6599999999999966,-3.6599999999999966
S15,appearance,nearest_recipe,85.19,82.95,2.239999999999995,-2.239999999999995
S16,appearance,nearest_recipe,85.025,80.85,4.175000000000011,-4.175000000000011
S17,appearance,nearest_recipe,73.535,75.89500000000001,2.3600000000000136,2.3600000000000136
S18,appearance,nearest_recipe,77.475,70.955,6.519999999999996,-6.519999999999996
S19,appearance,nearest_recipe,80.74,67.825,12.914999999999992,-12.914999999999992
S2,appearance,nearest_recipe,70.51,75.72,5.209999999999994,5.209999999999994
S20,appearance,nearest_recipe,82.95,80.85,2.1000000000000085,-2.1000000000000085
S21,appearance,nearest_recipe,75.26,67.825,7.435000000000002,-7.435000000000002
S22,appearance,nearest_recipe,75.89500000000001,72.06,3.835000000000008,-3.835000000000008
S23,appearance,nearest_recipe,80.155,85.19,5.034999999999997,5.034999999999997
S24,appearance,nearest_recipe,85.22,85.19,0.030000000000001137,-0.030000000000001137
S25,appearance,nearest_recipe,67.59,70.51,2.9200000000000017,2.9200000000000017
S26,appearance,nearest_recipe,69.42,80.85,11.429999999999993,11.429999999999993
S27,appearance,nearest_recipe,68.405,80.85,12.444999999999993,12.444999999999993
S28,appearance,nearest_recipe,70.8865,67.825,3.0614999999999952,-3.0614999999999952
S29,appearance,nearest_recipe,72.58,75.72,3.1400000000000006,3.1400000000000006
S3,appearance,nearest_recipe,76.465,85.19,8.724999999999994,8.724999999999994
S30,appearance,nearest_recipe,72.74117647058823,67.825,4.916176470588226,-4.916176470588226
S4,appearance,nearest_recipe,71.7215,80.85,9.128499999999988,9.128499999999988
S5,appearance,nearest_recipe,74.88,72.06,2.819999999999993,-2.819999999999993
S6,appearance,nearest_recipe,71.825,67.825,4.0,-4.0
S7,appearance,nearest_recipe,77.5625,70.955,6.607500000000002,-6.607500000000002
S8,appearance,nearest_recipe,76.675,85.025,8.350000000000009,8.350000000000009
S9,appearance,nearest_recipe,77.795,70.955,6.840000000000003,-6.840000000000003
S1,appearance,ridge_a,72.06,75.22562914599193,3.165629145991929,3.165629145991929
S10,appearance,ridge_a,67.825,73.49592561273849,5.670925612738486,5.670925612738486
S11,appearance,ridge_a,70.955,80.85456744563078,9.89956744563078,9.89956744563078
S12,appearance,ridge_a,80.85,73.49298573227662,7.357014267723372,-7.357014267723372
S13,appearance,ridge_a,75.295,75.86531204767505,0.5703120476750456,0.5703120476750456
S14,appearance,ridge_a,75.72,72.91327094446262,2.8067290555373745,-2.8067290555373745
S15,appearance,ridge_a,85.19,81.10316220629204,4.086837793707957,-4.086837793707957
S16,appearance,ridge_a,85.025,75.24521279672133,9.779787203278673,-9.779787203278673
S17,appearance,ridge_a,73.535,79.05676500564799,5.5217650056479926,5.5217650056479926
S18,appearance,ridge_a,77.475,76.87414241543617,0.6008575845638262,-0.6008575845638262
S19,appearance,ridge_a,80.74,74.63104870854754,6.108951291452456,-6.108951291452456
S2,appearance,ridge_a,70.51,70.50235899909119,0.007641000908819251,-0.007641000908819251
S20,appearance,ridge_a,82.95,77.52480514615978,5.425194853840225,-5.425194853840225
S21,appearance,ridge_a,75.26,76.8528548360682,1.5928548360681987,1.5928548360681987
S22,appearance,ridge_a,75.89500000000001,75.8755107330856,0.019489266914405334,-0.019489266914405334
S23,appearance,ridge_a,80.155,80.88617245921671,0.7311724592167081,0.7311724592167081
S24,appearance,ridge_a,85.22,78.90537768655432,6.314622313445682,-6.314622313445682
S25,appearance,ridge_a,67.59,69.31170371115725,1.7217037111572466,1.7217037111572466
S26,appearance,ridge_a,69.42,71.85718788967351,2.4371878896735097,2.4371878896735097
S27,appearance,ridge_a,68.405,73.30227751153133,4.897277511531328,4.897277511531328
S28,appearance,ridge_a,70.8865,70.01604901378835,0.870450986211651,-0.870450986211651
S29,appearance,ridge_a,72.58,74.56814459843413,1.9881445984341326,1.9881445984341326
S3,appearance,ridge_a,76.465,79.8988907682843,3.4338907682843,3.4338907682843
S30,appearance,ridge_a,72.74117647058823,71.57447521576329,1.1667012548249431,-1.1667012548249431
S4,appearance,ridge_a,71.7215,75.88155585581445,4.1600558558144485,4.1600558558144485
S5,appearance,ridge_a,74.88,71.31566975843445,3.5643302415655427,-3.5643302415655427
S6,appearance,ridge_a,71.825,74.49525066891553,2.6702506689155285,2.6702506689155285
S7,appearance,ridge_a,77.5625,78.27334956896034,0.7108495689603416,0.7108495689603416
S8,appearance,ridge_a,76.675,76.84940745497094,0.17440745497094667,0.17440745497094667
S9,appearance,ridge_a,77.795,78.23271649626318,0.4377164962631781,0.4377164962631781
S1,appearance,pls,72.06,75.22148089270638,3.161480892706379,3.161480892706379
S10,appearance,pls,67.825,73.49208071829278,5.66708071829278,5.66708071829278
S11,appearance,pls,70.955,81.17524633888738,10.220246338887378,10.220246338887378
S12,appearance,pls,80.85,73.44058116086477,7.409418839135228,-7.409418839135228
S13,appearance,pls,75.295,75.92149901130401,0.6264990113040056,0.6264990113040056
S14,appearance,pls,75.72,72.8360368469939,2.8839631530060927,-2.8839631530060927
S15,appearance,pls,85.19,81.29286515363057,3.8971348463694255,-3.8971348463694255
S16,appearance,pls,85.025,75.24603586316789,9.778964136832116,-9.778964136832116
S17,appearance,pls,73.535,79.10865221650347,5.573652216503476,5.573652216503476
S18,appearance,pls,77.475,77.0194538917792,0.4555461082208012,-0.4555461082208012
S19,appearance,pls,80.74,74.68345050950167,6.056549490498327,-6.056549490498327
S2,appearance,pls,70.51,70.29182687451596,0.21817312548404288,-0.21817312548404288
S20,appearance,pls,82.95,77.59100255502574,5.358997444974264,-5.358997444974264
S21,appearance,pls,75.26,76.93785224668717,1.6778522466871664,1.6778522466871664
S22,appearance,pls,75.89500000000001,75.82535590228579,0.06964409771421742,-0.06964409771421742
S23,appearance,pls,80.155,80.9959958534058,0.8409958534058006,0.8409958534058006
S24,appearance,pls,85.22,79.01194140144536,6.2080585985546435,-6.2080585985546435
S25,appearance,pls,67.59,69.07318561966322,1.4831856196632174,1.4831856196632174
S26,appearance,pls,69.42,71.71050615275477,2.290506152754773,2.290506152754773
S27,appearance,pls,68.405,73.19028974590195,4.785289745901949,4.785289745901949
S28,appearance,pls,70.8865,69.86803864006271,1.018461359937291,-1.018461359937291
S29,appearance,pls,72.58,74.49417602746077,1.914176027460769,1.914176027460769
S3,appearance,pls,76.465,79.97930607915404,3.5143060791540393,3.5143060791540393
S30,appearance,pls,72.74117647058823,71.4574838612112,1.2836926093770273,-1.2836926093770273
S4,appearance,pls,71.7215,75.84593642742402,4.1244364274240155,4.1244364274240155
S5,appearance,pls,74.88,71.12541372123698,3.754586278763014,-3.754586278763014
S6,appearance,pls,71.825,74.51234696100188,2.6873469610018788,2.6873469610018788
S7,appearance,pls,77.5625,78.39968014907654,0.8371801490765449,0.8371801490765449
S8,appearance,pls,76.675,76.83886977176694,0.16386977176694018,0.16386977176694018
S9,appearance,pls,77.795,78.51473660424007,0.7197366042400688,0.7197366042400688
S1,appearance,gpr,72.06,75.61932166495069,3.559321664950687,3.559321664950687
S10,appearance,gpr,67.825,76.1930571552171,8.368057155217102,8.368057155217102
S11,appearance,gpr,70.955,79.33999269610503,8.38499269610503,8.38499269610503
S12,appearance,gpr,80.85,72.8255567284952,8.024443271504794,-8.024443271504794
S13,appearance,gpr,75.295,75.25688600027868,0.03811399972131824,-0.03811399972131824
S14,appearance,gpr,75.72,74.10242366881728,1.6175763311827183,-1.6175763311827183
S15,appearance,gpr,85.19,78.27684570923154,6.91315429076846,-6.91315429076846
S16,appearance,gpr,85.025,76.01630842708876,9.008691572911246,-9.008691572911246
S17,appearance,gpr,73.535,77.92290385397638,4.387903853976383,4.387903853976383
S18,appearance,gpr,77.475,75.40570786425089,2.0692921357491088,-2.0692921357491088
S19,appearance,gpr,80.74,71.33997352854836,9.400026471451639,-9.400026471451639
S2,appearance,gpr,70.51,72.66057918209302,2.1505791820930114,2.1505791820930114
S20,appearance,gpr,82.95,78.60856670565163,4.341433294348377,-4.341433294348377
S21,appearance,gpr,75.26,78.4187070023174,3.1587070023173993,3.1587070023173993
S22,appearance,gpr,75.89500000000001,73.80688664468244,2.0881133553175744,-2.0881133553175744
S23,appearance,gpr,80.155,78.38348230172221,1.7715176982777905,-1.7715176982777905
S24,appearance,gpr,85.22,78.8237218531534,6.396278146846598,-6.396278146846598
S25,appearance,gpr,67.59,71.99630241428879,4.406302414288788,4.406302414288788
S26,appearance,gpr,69.42,72.72433849835625,3.3043384983562447,3.3043384983562447
S27,appearance,gpr,68.405,74.06429497117139,5.659294971171391,5.659294971171391
S28,appearance,gpr,70.8865,71.82116469310034,0.9346646931003448,0.9346646931003448
S29,appearance,gpr,72.58,75.20327534537437,2.623275345374367,2.623275345374367
S3,appearance,gpr,76.465,78.49353027224537,2.028530272245362,2.028530272245362
S30,appearance,gpr,72.74117647058823,72.00688795689011,0.7342885136981181,-0.7342885136981181
S4,appearance,gpr,71.7215,75.76186238525291,4.040362385252905,4.040362385252905
S5,appearance,gpr,74.88,73.67901315738894,1.2009868426110586,-1.2009868426110586
S6,appearance,gpr,71.825,77.14835662828895,5.323356628288948,5.323356628288948
S7,appearance,gpr,77.5625,77.9770332887672,0.41453328876720263,0.41453328876720263
S8,appearance,gpr,76.675,77.40507916352516,0.7300791635251613,0.7300791635251613
S9,appearance,gpr,77.795,76.5320984063657,1.2629015936342967,-1.2629015936342967
S1,appearance,random_forest,72.06,76.32853028411814,4.2685302841181425,4.2685302841181425
S10,appearance,random_forest,67.825,73.47669163968192,5.651691639681914,5.651691639681914
S11,appearance,random_forest,70.955,79.07042040633905,8.115420406339055,8.115420406339055
S12,appearance,random_forest,80.85,71.12342816278284,9.72657183721715,-9.72657183721715
S13,appearance,random_forest,75.295,74.71512617190325,0.5798738280967513,-0.5798738280967513
S14,appearance,random_forest,75.72,75.26892259317968,0.4510774068203176,-0.4510774068203176
S15,appearance,random_forest,85.19,79.4635850326126,5.726414967387399,-5.726414967387399
S16,appearance,random_forest,85.025,76.1190675024363,8.905932497563711,-8.905932497563711
S17,appearance,random_forest,73.535,77.99044693055549,4.455446930555496,4.455446930555496
S18,appearance,random_forest,77.475,75.91023405976424,1.564765940235759,-1.564765940235759
S19,appearance,random_forest,80.74,75.12316474934563,5.616835250654361,-5.616835250654361
S2,appearance,random_forest,70.51,70.79933634682635,0.2893363468263459,0.2893363468263459
S20,appearance,random_forest,82.95,79.87871116515545,3.0712888348445517,-3.0712888348445517
S21,appearance,random_forest,75.26,77.87023955789614,2.6102395578961364,2.6102395578961364
S22,appearance,random_forest,75.89500000000001,74.23685804903407,1.6581419509659412,-1.6581419509659412
S23,appearance,random_forest,80.155,78.1501467384468,2.004853261553208,-2.004853261553208
S24,appearance,random_forest,85.22,79.45774466221822,5.762255337781781,-5.762255337781781
S25,appearance,random_forest,67.59,71.24863367385775,3.65863367385775,3.65863367385775
S26,appearance,random_forest,69.42,71.98537650271814,2.565376502718138,2.565376502718138
S27,appearance,random_forest,68.405,72.47136272113481,4.066362721134809,4.066362721134809
S28,appearance,random_forest,70.8865,72.8259389410663,1.9394389410662995,1.9394389410662995
S29,appearance,random_forest,72.58,75.24430391233062,2.664303912330624,2.664303912330624
S3,appearance,random_forest,76.465,79.39490708339079,2.9299070833907876,2.9299070833907876
S30,appearance,random_forest,72.74117647058823,72.30042236642059,0.44075410416763816,-0.44075410416763816
S4,appearance,random_forest,71.7215,74.31693448399614,2.5954344839961294,2.5954344839961294
S5,appearance,random_forest,74.88,74.42683335273001,0.4531666472699811,-0.4531666472699811
S6,appearance,random_forest,71.825,77.10128472350006,5.276284723500055,5.276284723500055
S7,appearance,random_forest,77.5625,76.74676059201968,0.8157394079803169,-0.8157394079803169
S8,appearance,random_forest,76.675,78.582565521836,1.9075655218360055,1.9075655218360055
S9,appearance,random_forest,77.795,75.64656969332674,2.148430306673262,-2.148430306673262
S1,appearance,xgboost,72.06,77.73355865478516,5.673558654785154,5.673558654785154
S10,appearance,xgboost,67.825,73.70631408691406,5.88131408691406,5.88131408691406
S11,appearance,xgboost,70.955,80.35891723632812,9.403917236328127,9.403917236328127
S12,appearance,xgboost,80.85,71.42488861083984,9.42511138916015,-9.42511138916015
S13,appearance,xgboost,75.295,72.80293273925781,2.492067260742189,-2.492067260742189
S14,appearance,xgboost,75.72,75.5195083618164,0.2004916381835926,-0.2004916381835926
S15,appearance,xgboost,85.19,81.27861785888672,3.911382141113279,-3.911382141113279
S16,appearance,xgboost,85.025,76.89485931396484,8.130140686035162,-8.130140686035162
S17,appearance,xgboost,73.535,76.91150665283203,3.3765066528320347,3.3765066528320347
S18,appearance,xgboost,77.475,75.70886993408203,1.766130065917963,-1.766130065917963
S19,appearance,xgboost,80.74,74.51712799072266,6.222872009277339,-6.222872009277339
S2,appearance,xgboost,70.51,69.22026062011719,1.2897393798828176,-1.2897393798828176
S20,appearance,xgboost,82.95,81.855712890625,1.0942871093750028,-1.0942871093750028
S21,appearance,xgboost,75.26,77.37696838378906,2.1169683837890574,2.1169683837890574
S22,appearance,xgboost,75.89500000000001,73.6163101196289,2.278689880371104,-2.278689880371104
S23,appearance,xgboost,80.155,76.67794036865234,3.4770596313476574,-3.4770596313476574
S24,appearance,xgboost,85.22,80.90789031982422,4.31210968017578,-4.31210968017578
S25,appearance,xgboost,67.59,69.94701385498047,2.3570138549804653,2.3570138549804653
S26,appearance,xgboost,69.42,71.14247131347656,1.7224713134765608,1.7224713134765608
S27,appearance,xgboost,68.405,72.2028579711914,3.797857971191405,3.797857971191405
S28,appearance,xgboost,70.8865,73.54744720458984,2.6609472045898457,2.6609472045898457
S29,appearance,xgboost,72.58,74.51637268066406,1.9363726806640642,1.9363726806640642
S3,appearance,xgboost,76.465,78.54534149169922,2.0803414916992153,2.0803414916992153
S30,appearance,xgboost,72.74117647058823,73.08146667480469,0.3402902042164584,0.3402902042164584
S4,appearance,xgboost,71.7215,73.07740783691406,1.3559078369140565,1.3559078369140565
S5,appearance,xgboost,74.88,73.42435455322266,1.4556454467773392,-1.4556454467773392
S6,appearance,xgboost,71.825,76.51409149169922,4.689091491699216,4.689091491699216
S7,appearance,xgboost,77.5625,76.65056610107422,0.9119338989257812,-0.9119338989257812
S8,appearance,xgboost,76.675,77.25325012207031,0.5782501220703153,0.5782501220703153
S9,appearance,xgboost,77.795,75.66526794433594,2.129732055664064,-2.129732055664064
S1,appearance,catboost,72.06,76.7802652375243,4.720265237524302,4.720265237524302
S10,appearance,catboost,67.825,74.29756565005157,6.472565650051564,6.472565650051564
S11,appearance,catboost,70.955,79.28066756802457,8.32566756802457,8.32566756802457
S12,appearance,catboost,80.85,72.46434060462806,8.385659395371931,-8.385659395371931
S13,appearance,catboost,75.295,74.21871847646685,1.0762815235331544,-1.0762815235331544
S14,appearance,catboost,75.72,75.11633570465169,0.6036642953483096,-0.6036642953483096
S15,appearance,catboost,85.19,82.1159544553242,3.0740455446757977,-3.0740455446757977
S16,appearance,catboost,85.025,76.99130438750998,8.033695612490021,-8.033695612490021
S17,appearance,catboost,73.535,76.87312714298712,3.338127142987119,3.338127142987119
S18,appearance,catboost,77.475,75.99079065380901,1.4842093461909798,-1.4842093461909798
S19,appearance,catboost,80.74,74.29840154858218,6.441598451417818,-6.441598451417818
S2,appearance,catboost,70.51,71.04027245979809,0.5302724597980841,0.5302724597980841
S20,appearance,catboost,82.95,81.40854526281609,1.541454737183912,-1.541454737183912
S21,appearance,catboost,75.26,77.50569626745963,2.2456962674596213,2.2456962674596213
S22,appearance,catboost,75.89500000000001,73.73058770309643,2.1644122969035777,-2.1644122969035777
S23,appearance,catboost,80.155,76.92619627620162,3.2288037237983787,-3.2288037237983787
S24,appearance,catboost,85.22,80.93397219656323,4.286027803436767,-4.286027803436767
S25,appearance,catboost,67.59,70.76229128371496,3.172291283714955,3.172291283714955
S26,appearance,catboost,69.42,71.22956871011938,1.809568710119379,1.809568710119379
S27,appearance,catboost,68.405,72.78049828149355,4.375498281493549,4.375498281493549
S28,appearance,catboost,70.8865,73.17108337461526,2.2845833746152664,2.2845833746152664
S29,appearance,catboost,72.58,74.87371280926227,2.2937128092622743,2.2937128092622743
S3,appearance,catboost,76.465,78.37781361311991,1.9128136131199085,1.9128136131199085
S30,appearance,catboost,72.74117647058823,72.92999455156814,0.18881808097991382,0.18881808097991382
S4,appearance,catboost,71.7215,73.9637940572817,2.242294057281697,2.242294057281697
S5,appearance,catboost,74.88,73.13688049093038,1.743119509069615,-1.743119509069615
S6,appearance,catboost,71.825,76.77347458447225,4.948474584472251,4.948474584472251
S7,appearance,catboost,77.5625,76.32396027714373,1.2385397228562738,-1.2385397228562738
S8,appearance,catboost,76.675,76.81907931059965,0.1440793105996505,0.1440793105996505
S9,appearance,catboost,77.795,75.96922316258718,1.8257768374128176,-1.8257768374128176
S1,infusion_color,mean,72.095,74.76723762677484,2.6722376267748444,2.6722376267748444
S10,infusion_color,mean,62.45,75.0998238336714,12.649823833671391,12.649823833671391
S11,infusion_color,mean,64.55,75.02741004056796,10.47741004056796,10.47741004056796
S12,infusion_color,mean,79.33,74.51775486815417,4.8122451318458275,-4.8122451318458275
S13,infusion_color,mean,77.10499999999999,74.5944790060852,2.5105209939147954,-2.5105209939147954
S14,infusion_color,mean,73.885,74.70551348884382,0.8205134888438153,0.8205134888438153
S15,infusion_color,mean,85.39,74.30878935091279,11.081210649087211,-11.081210649087211
S16,infusion_color,mean,81.66499999999999,74.43723762677486,7.227762373225133,-7.227762373225133
S17,infusion_color,mean,68.64,74.88637555780934,6.246375557809344,6.246375557809344
S18,infusion_color,mean,77.265,74.5889617647059,2.676038235294101,-2.676038235294101
S19,infusion_color,mean,83.6775,74.3678410750507,9.30965892494929,-9.30965892494929
S2,infusion_color,mean,72.58,74.75051348884382,2.170513488843824,2.170513488843824
S20,infusion_color,mean,84.67999999999999,74.33327210953347,10.346727890466525,-10.346727890466525
S21,infusion_color,mean,78.5,74.54637555780934,3.953624442190659,-3.953624442190659
S22,infusion_color,mean,76.53,74.6143065922921,1.9156934077079057,-1.9156934077079057
S23,infusion_color,mean,81.41,74.44603073022311,6.963969269776882,-6.963969269776882
S24,infusion_color,mean,82.41499999999999,74.41137555780934,8.003624442190656,-8.003624442190656
S25,infusion_color,mean,66.675,74.95413417849899,8.279134178498992,8.279134178498992
S26,infusion_color,mean,67.715,74.91827210953348,7.203272109533472,7.203272109533472
S27,infusion_color,mean,68.235,74.90034107505072,6.665341075050719,6.665341075050719
S28,infusion_color,mean,69.65395,74.85141176470587,5.197461764705878,5.197461764705878
S29,infusion_color,mean,71.84,74.77603073022313,2.9360307302231234,2.9360307302231234
S3,infusion_color,mean,79.015,74.52861693711966,4.486383062880336,-4.486383062880336
S30,infusion_color,mean,67.5529411764706,74.9238603448276,7.3709191683570054,7.3709191683570054
S4,infusion_color,mean,70.84,74.81051348884381,3.9705134888438067,3.9705134888438067
S5,infusion_color,mean,74.4555,74.6858410750507,0.23034107505070267,0.23034107505070267
S6,infusion_color,mean,69.005,74.87378935091279,5.868789350912792,5.868789350912792
S7,infusion_color,mean,79.285,74.51930659229208,4.765693407707914,-4.765693407707914
S8,infusion_color,mean,78.565,74.54413417849898,4.020865821501019,-4.020865821501019
S9,infusion_color,mean,75.34,74.6553410750507,0.6846589249493036,-0.6846589249493036
S1,infusion_color,nearest_recipe,72.095,77.10499999999999,5.009999999999991,5.009999999999991
S10,infusion_color,nearest_recipe,62.45,79.33,16.879999999999995,16.879999999999995
S11,infusion_color,nearest_recipe,64.55,77.265,12.715000000000003,12.715000000000003
S12,infusion_color,nearest_recipe,79.33,62.45,16.879999999999995,-16.879999999999995
S13,infusion_color,nearest_recipe,77.10499999999999,72.095,5.009999999999991,-5.009999999999991
S14,infusion_color,nearest_recipe,73.885,72.095,1.7900000000000063,-1.7900000000000063
S15,infusion_color,nearest_recipe,85.39,84.67999999999999,0.710000000000008,-0.710000000000008
S16,infusion_color,nearest_recipe,81.66499999999999,79.33,2.3349999999999937,-2.3349999999999937
S17,infusion_color,nearest_recipe,68.64,76.53,7.890000000000001,7.890000000000001
S18,infusion_color,nearest_recipe,77.265,64.55,12.715000000000003,-12.715000000000003
S19,infusion_color,nearest_recipe,83.6775,62.45,21.227499999999992,-21.227499999999992
S2,infusion_color,nearest_recipe,72.58,73.885,1.3050000000000068,1.3050000000000068
S20,infusion_color,nearest_recipe,84.67999999999999,79.33,5.349999999999994,-5.349999999999994
S21,infusion_color,nearest_recipe,78.5,62.45,16.049999999999997,-16.049999999999997
S22,infusion_color,nearest_recipe,76.53,72.095,4.435000000000002,-4.435000000000002
S23,infusion_color,nearest_recipe,81.41,85.39,3.980000000000004,3.980000000000004
S24,infusion_color,nearest_recipe,82.41499999999999,85.39,2.9750000000000085,2.9750000000000085
S25,infusion_color,nearest_recipe,66.675,72.58,5.905000000000001,5.905000000000001
S26,infusion_color,nearest_recipe,67.715,79.33,11.614999999999995,11.614999999999995
S27,infusion_color,nearest_recipe,68.235,79.33,11.094999999999999,11.094999999999999
S28,infusion_color,nearest_recipe,69.65395,62.45,7.203949999999992,-7.203949999999992
S29,infusion_color,nearest_recipe,71.84,73.885,2.0450000000000017,2.0450000000000017
S3,infusion_color,nearest_recipe,79.015,85.39,6.375,6.375
S30,infusion_color,nearest_recipe,67.5529411764706,62.45,5.102941176470594,-5.102941176470594
S4,infusion_color,nearest_recipe,70.84,79.33,8.489999999999995,8.489999999999995
S5,infusion_color,nearest_recipe,74.4555,72.095,2.360500000000002,-2.360500000000002
S6,infusion_color,nearest_recipe,69.005,62.45,6.554999999999993,-6.554999999999993
S7,infusion_color,nearest_recipe,79.285,64.55,14.735,-14.735
S8,infusion_color,nearest_recipe,78.565,81.66499999999999,3.0999999999999943,3.0999999999999943
S9,infusion_color,nearest_recipe,75.34,64.55,10.790000000000006,-10.790000000000006
S1,infusion_color,ridge_a,72.095,74.41247313328691,2.31747313328691,2.31747313328691
S10,infusion_color,ridge_a,62.45,72.38896880311465,9.938968803114648,9.938968803114648
S11,infusion_color,ridge_a,64.55,80.714150205055,16.16415020505501,16.16415020505501
S12,infusion_color,ridge_a,79.33,72.51505674146989,6.814943258530107,-6.814943258530107
S13,infusion_color,ridge_a,77.10499999999999,74.48540830881652,2.619591691183473,-2.619591691183473
S14,infusion_color,ridge_a,73.885,72.03039448518356,1.8546055148164413,-1.8546055148164413
S15,infusion_color,ridge_a,85.39,81.17881317033006,4.211186829669941,-4.211186829669941
S16,infusion_color,ridge_a,81.66499999999999,74.62423592586285,7.040764074137144,-7.040764074137144
S17,infusion_color,ridge_a,68.64,80.02567301308592,11.38567301308592,11.38567301308592
S18,infusion_color,ridge_a,77.265,75.37119854144215,1.8938014585578458,-1.8938014585578458
S19,infusion_color,ridge_a,83.6775,72.26814623593839,11.409353764061606,-11.409353764061606
S2,infusion_color,ridge_a,72.58,69.11420972765961,3.465790272340385,-3.465790272340385
S20,infusion_color,ridge_a,84.67999999999999,76.85256443723915,7.82743556276084,-7.82743556276084
S21,infusion_color,ridge_a,78.5,75.47230340000777,3.0276965999922254,-3.0276965999922254
S22,infusion_color,ridge_a,76.53,75.64599156982943,0.8840084301705673,-0.8840084301705673
S23,infusion_color,ridge_a,81.41,81.13161293464023,0.278387065359766,-0.278387065359766
S24,infusion_color,ridge_a,82.41499999999999,79.01700684731509,3.3979931526849043,-3.3979931526849043
S25,infusion_color,ridge_a,66.675,67.99127583922758,1.3162758392275862,1.3162758392275862
S26,infusion_color,ridge_a,67.715,71.01028028449824,3.295280284498233,3.295280284498233
S27,infusion_color,ridge_a,68.235,72.57005982921751,4.3350598292175135,4.3350598292175135
S28,infusion_color,ridge_a,69.65395,68.35795485348052,1.2959951465194735,-1.2959951465194735
S29,infusion_color,ridge_a,71.84,74.21969228797504,2.3796922879750326,2.3796922879750326
S3,infusion_color,ridge_a,79.015,79.479821455188,0.46482145518800166,0.46482145518800166
S30,infusion_color,ridge_a,67.5529411764706,70.64626738154986,3.093326205079265,3.093326205079265
S4,infusion_color,ridge_a,70.84,75.50763110885826,4.667631108858259,4.667631108858259
S5,infusion_color,ridge_a,74.4555,70.64280307614916,3.8126969238508366,-3.8126969238508366
S6,infusion_color,ridge_a,69.005,73.31128056941152,4.306280569411527,4.306280569411527
S7,infusion_color,ridge_a,79.285,77.33517013646527,1.949829863534731,-1.949829863534731
S8,infusion_color,ridge_a,78.565,76.54595569849356,2.0190443015064403,-2.0190443015064403
S9,infusion_color,ridge_a,75.34,76.83897791985443,1.4989779198544255,1.4989779198544255
S1,infusion_color,pls,72.095,74.40329729180603,2.308297291806028,2.308297291806028
S10,infusion_color,pls,62.45,72.3571811604798,9.907181160479794,9.907181160479794
S11,infusion_color,pls,64.55,81.0493941420746,16.499394142074607,16.499394142074607
S12,infusion_color,pls,79.33,72.45945265680825,6.870547343191745,-6.870547343191745
S13,infusion_color,pls,77.10499999999999,74.51482482041192,2.5901751795880728,-2.5901751795880728
S14,infusion_color,pls,73.885,71.95388298451276,1.9311170154872457,-1.9311170154872457
S15,infusion_color,pls,85.39,81.38626574381067,4.0037342561893325,-4.0037342561893325
S16,infusion_color,pls,81.66499999999999,74.62720217080383,7.037797829196165,-7.037797829196165
S17,infusion_color,pls,68.64,80.1572391308372,11.517239130837197,11.517239130837197
S18,infusion_color,pls,77.265,75.4521536756566,1.812846324343397,-1.812846324343397
S19,infusion_color,pls,83.6775,72.21174852370015,11.465751476299843,-11.465751476299843
S2,infusion_color,pls,72.58,68.90299677435226,3.677003225647738,-3.677003225647738
S20,infusion_color,pls,84.67999999999999,76.92126761149323,7.758732388506758,-7.758732388506758
S21,infusion_color,pls,78.5,75.52562960840763,2.974370391592373,-2.974370391592373
S22,infusion_color,pls,76.53,75.6360764349711,0.8939235650288992,-0.8939235650288992
S23,infusion_color,pls,81.41,81.28842756958153,0.12157243041846755,-0.12157243041846755
S24,infusion_color,pls,82.41499999999999,79.1452879289323,3.269712071067687,-3.269712071067687
S25,infusion_color,pls,66.675,67.7540768326928,1.079076832692806,1.079076832692806
S26,infusion_color,pls,67.715,70.88770242602152,3.172702426021516,3.172702426021516
S27,infusion_color,pls,68.235,72.47637916737368,4.24137916737368,4.24137916737368
S28,infusion_color,pls,69.65395,68.17607087571221,1.4778791242877816,-1.4778791242877816
S29,infusion_color,pls,71.84,74.17244890789631,2.332448907896307,2.332448907896307
S3,infusion_color,pls,79.015,79.58233644427779,0.5673364442777853,0.5673364442777853
S30,infusion_color,pls,67.5529411764706,70.52389052370201,2.970949347231411,2.970949347231411
S4,infusion_color,pls,70.84,75.49166012708369,4.651660127083687,4.651660127083687
S5,infusion_color,pls,74.4555,70.48022723141403,3.975272768585967,-3.975272768585967
S6,infusion_color,pls,69.005,73.30038976442488,4.295389764424883,4.295389764424883
S7,infusion_color,pls,79.285,77.44226857746877,1.8427314225312301,-1.8427314225312301
S8,infusion_color,pls,78.565,76.56622366133284,1.998776338667156,-1.998776338667156
S9,infusion_color,pls,75.34,77.04965347117836,1.7096534711783562,1.7096534711783562
S1,infusion_color,gpr,72.095,75.45193997609698,3.3569399760969816,3.3569399760969816
S10,infusion_color,gpr,62.45,75.57922495533563,13.12922495533563,13.12922495533563
S11,infusion_color,gpr,64.55,79.50454863040484,14.954548630404844,14.954548630404844
S12,infusion_color,gpr,79.33,71.46674159743085,7.863258402569144,-7.863258402569144
S13,infusion_color,gpr,77.10499999999999,74.62391697779377,2.481083022206221,-2.481083022206221
S14,infusion_color,gpr,73.885,73.38363113429416,0.5013688657058424,-0.5013688657058424
S15,infusion_color,gpr,85.39,77.52451728551844,7.8654827144815584,-7.8654827144815584
S16,infusion_color,gpr,81.66499999999999,75.44428824159651,6.220711758403482,-6.220711758403482
S17,infusion_color,gpr,68.64,77.61960907292136,8.979609072921363,8.979609072921363
S18,infusion_color,gpr,77.265,74.86133876947746,2.4036612305225447,-2.4036612305225447
S19,infusion_color,gpr,83.6775,69.3483094134794,14.329190586520596,-14.329190586520596
S2,infusion_color,gpr,72.58,71.67346576714822,0.9065342328517829,-0.9065342328517829
S20,infusion_color,gpr,84.67999999999999,77.71869411593798,6.961305884062014,-6.961305884062014
S21,infusion_color,gpr,78.5,76.12952036992209,2.3704796300779094,-2.3704796300779094
S22,infusion_color,gpr,76.53,72.72065283266566,3.8093471673343373,-3.8093471673343373
S23,infusion_color,gpr,81.41,77.09478630652444,4.315213693475556,-4.315213693475556
S24,infusion_color,gpr,82.41499999999999,78.37988448615616,4.035115513843834,-4.035115513843834
S25,infusion_color,gpr,66.675,71.76652550997866,5.091525509978666,5.091525509978666
S26,infusion_color,gpr,67.715,72.48509913936769,4.770099139367687,4.770099139367687
S27,infusion_color,gpr,68.235,73.18561572001069,4.950615720010688,4.950615720010688
S28,infusion_color,gpr,69.65395,70.31368386975059,0.6597338697505961,0.6597338697505961
S29,infusion_color,gpr,71.84,74.36912225613813,2.5291222561381232,2.5291222561381232
S3,infusion_color,gpr,79.015,78.20504657310835,0.8099534268916528,-0.8099534268916528
S30,infusion_color,gpr,67.5529411764706,71.24501568510651,3.692074508635912,3.692074508635912
S4,infusion_color,gpr,70.84,76.1053685836174,5.265368583617402,5.265368583617402
S5,infusion_color,gpr,74.4555,73.99597601693644,0.459523983063562,-0.459523983063562
S6,infusion_color,gpr,69.005,76.01332443386744,7.008324433867443,7.008324433867443
S7,infusion_color,gpr,79.285,75.75334052030163,3.5316594796983622,-3.5316594796983622
S8,infusion_color,gpr,78.565,76.4204199145701,2.1445800854298938,-2.1445800854298938
S9,infusion_color,gpr,75.34,74.98526735138626,0.35473264861374787,-0.35473264861374787
S1,infusion_color,random_forest,72.095,74.43977165978653,2.344771659786531,2.344771659786531
S10,infusion_color,random_forest,62.45,72.20008940765375,9.750089407653746,9.750089407653746
S11,infusion_color,random_forest,64.55,79.7955814923179,15.245581492317896,15.245581492317896
S12,infusion_color,random_forest,79.33,69.04765190994817,10.282348090051826,-10.282348090051826
S13,infusion_color,random_forest,77.10499999999999,73.35612114764947,3.748878852350515,-3.748878852350515
S14,infusion_color,random_forest,73.885,74.43008185394352,0.5450818539435147,0.5450818539435147
S15,infusion_color,random_forest,85.39,78.8847263016598,6.505273698340204,-6.505273698340204
S16,infusion_color,random_forest,81.66499999999999,76.20416135456789,5.460838645432105,-5.460838645432105
S17,infusion_color,random_forest,68.64,78.94695159003035,10.306951590030351,10.306951590030351
S18,infusion_color,random_forest,77.265,74.71851129273615,2.5464887072638476,-2.5464887072638476
S19,infusion_color,random_forest,83.6775,73.49242002206735,10.185079977932645,-10.185079977932645
S2,infusion_color,random_forest,72.58,68.80684763892894,3.7731523610710553,-3.7731523610710553
S20,infusion_color,random_forest,84.67999999999999,79.37750010544687,5.302499894553122,-5.302499894553122
S21,infusion_color,random_forest,78.5,76.51895022298922,1.9810497770107816,-1.9810497770107816
S22,infusion_color,random_forest,76.53,73.55333120541546,2.9766687945845405,-2.9766687945845405
S23,infusion_color,random_forest,81.41,77.97669656409165,3.4333034359083427,-3.4333034359083427
S24,infusion_color,random_forest,82.41499999999999,78.7011606091262,3.713839390873787,-3.713839390873787
S25,infusion_color,random_forest,66.675,69.78170110767815,3.1067011076781483,3.1067011076781483
S26,infusion_color,random_forest,67.715,70.96901951449541,3.254019514495411,3.254019514495411
S27,infusion_color,random_forest,68.235,71.22155142782904,2.986551427829042,2.986551427829042
S28,infusion_color,random_forest,69.65395,70.08190996325249,0.42795996325249064,0.42795996325249064
S29,infusion_color,random_forest,71.84,75.17377136153904,3.3337713615390356,3.3337713615390356
S3,infusion_color,random_forest,79.015,79.47409137043968,0.45909137043967974,0.45909137043967974
S30,infusion_color,random_forest,67.5529411764706,70.82698560835833,3.274044431887731,3.274044431887731
S4,infusion_color,random_forest,70.84,73.71948059587443,2.8794805958744263,2.8794805958744263
S5,infusion_color,random_forest,74.4555,73.85496695774546,0.6005330422545399,-0.6005330422545399
S6,infusion_color,random_forest,69.005,77.86804490747532,8.863044907475327,8.863044907475327
S7,infusion_color,random_forest,79.285,75.56421432556726,3.720785674432733,-3.720785674432733
S8,infusion_color,random_forest,78.565,78.23677225931421,0.3282277406857901,-0.3282277406857901
S9,infusion_color,random_forest,75.34,75.4860475705168,0.1460475705167994,0.1460475705167994
S1,infusion_color,xgboost,72.095,75.89897918701172,3.80397918701172,3.80397918701172
S10,infusion_color,xgboost,62.45,72.4373779296875,9.987377929687497,9.987377929687497
S11,infusion_color,xgboost,64.55,81.4571762084961,16.907176208496097,16.907176208496097
S12,infusion_color,xgboost,79.33,69.20386505126953,10.126134948730467,-10.126134948730467
S13,infusion_color,xgboost,77.10499999999999,71.62318420410156,5.481815795898427,-5.481815795898427
S14,infusion_color,xgboost,73.885,75.16156768798828,1.2765676879882761,1.2765676879882761
S15,infusion_color,xgboost,85.39,80.0104751586914,5.379524841308594,-5.379524841308594
S16,infusion_color,xgboost,81.66499999999999,76.628173828125,5.036826171874992,-5.036826171874992
S17,infusion_color,xgboost,68.64,77.55184936523438,8.911849365234374,8.911849365234374
S18,infusion_color,xgboost,77.265,74.5501708984375,2.7148291015625006,-2.7148291015625006
S19,infusion_color,xgboost,83.6775,71.79833221435547,11.879167785644526,-11.879167785644526
S2,infusion_color,xgboost,72.58,67.62482452392578,4.955175476074217,-4.955175476074217
S20,infusion_color,xgboost,84.67999999999999,79.370361328125,5.309638671874993,-5.309638671874993
S21,infusion_color,xgboost,78.5,75.58544158935547,2.9145584106445312,-2.9145584106445312
S22,infusion_color,xgboost,76.53,72.56684875488281,3.9631512451171886,-3.9631512451171886
S23,infusion_color,xgboost,81.41,77.60281372070312,3.8071862792968716,-3.8071862792968716
S24,infusion_color,xgboost,82.41499999999999,79.5619125366211,2.8530874633788983,-2.8530874633788983
S25,infusion_color,xgboost,66.675,69.03562927246094,2.3606292724609403,2.3606292724609403
S26,infusion_color,xgboost,67.715,71.04989624023438,3.3348962402343716,3.3348962402343716
S27,infusion_color,xgboost,68.235,70.91790771484375,2.6829077148437506,2.6829077148437506
S28,infusion_color,xgboost,69.65395,69.62620544433594,0.027744555664057202,-0.027744555664057202
S29,infusion_color,xgboost,71.84,74.76136016845703,2.921360168457028,2.921360168457028
S3,infusion_color,xgboost,79.015,80.01461029052734,0.9996102905273432,0.9996102905273432
S30,infusion_color,xgboost,67.5529411764706,70.99317932128906,3.4402381448184656,3.4402381448184656
S4,infusion_color,xgboost,70.84,74.01699829101562,3.1769982910156216,3.1769982910156216
S5,infusion_color,xgboost,74.4555,73.05764770507812,1.3978522949218757,-1.3978522949218757
S6,infusion_color,xgboost,69.005,77.948486328125,8.943486328125005,8.943486328125005
S7,infusion_color,xgboost,79.285,74.81403350830078,4.470966491699215,-4.470966491699215
S8,infusion_color,xgboost,78.565,77.48431396484375,1.0806860351562477,-1.0806860351562477
S9,infusion_color,xgboost,75.34,75.17220306396484,0.16779693603515966,-0.16779693603515966
S1,infusion_color,catboost,72.095,75.21430886958466,3.119308869584657,3.119308869584657
S10,infusion_color,catboost,62.45,73.0897267295532,10.639726729553203,10.639726729553203
S11,infusion_color,catboost,64.55,79.25433653804542,14.704336538045425,14.704336538045425
S12,infusion_color,catboost,79.33,69.02595314476267,10.304046855237331,-10.304046855237331
S13,infusion_color,catboost,77.10499999999999,72.84680516895199,4.258194831048002,-4.258194831048002
S14,infusion_color,catboost,73.885,74.5522598840747,0.6672598840746957,0.6672598840746957
S15,infusion_color,catboost,85.39,80.91400099794423,4.475999002055772,-4.475999002055772
S16,infusion_color,catboost,81.66499999999999,76.70034293619774,4.96465706380225,-4.96465706380225
S17,infusion_color,catboost,68.64,78.16062637787299,9.520626377872986,9.520626377872986
S18,infusion_color,catboost,77.265,75.17610994779072,2.0888900522092797,-2.0888900522092797
S19,infusion_color,catboost,83.6775,73.34301976723071,10.33448023276928,-10.33448023276928
S2,infusion_color,catboost,72.58,69.5793611279351,3.000638872064897,-3.000638872064897
S20,infusion_color,catboost,84.67999999999999,80.03721140691263,4.64278859308736,-4.64278859308736
S21,infusion_color,catboost,78.5,76.22797025099757,2.272029749002428,-2.272029749002428
S22,infusion_color,catboost,76.53,72.79387591527683,3.7361240847231727,-3.7361240847231727
S23,infusion_color,catboost,81.41,77.99103683434747,3.418963165652528,-3.418963165652528
S24,infusion_color,catboost,82.41499999999999,80.24490703353652,2.1700929664634714,-2.1700929664634714
S25,infusion_color,catboost,66.675,69.75412751986018,3.0791275198601795,3.0791275198601795
S26,infusion_color,catboost,67.715,71.11957805082106,3.4045780508210584,3.4045780508210584
S27,infusion_color,catboost,68.235,71.43770158335437,3.2027015833543686,3.2027015833543686
S28,infusion_color,catboost,69.65395,69.34442045913076,0.3095295408692351,-0.3095295408692351
S29,infusion_color,catboost,71.84,74.94107043258815,3.101070432588145,3.101070432588145
S3,infusion_color,catboost,79.015,79.93341132801449,0.9184113280144857,0.9184113280144857
S30,infusion_color,catboost,67.5529411764706,71.62995677833061,4.077015601860012,4.077015601860012
S4,infusion_color,catboost,70.84,73.69460863671678,2.854608636716776,2.854608636716776
S5,infusion_color,catboost,74.4555,73.37439029680297,1.0811097031970291,-1.0811097031970291
S6,infusion_color,catboost,69.005,76.79163522330032,7.786635223300323,7.786635223300323
S7,infusion_color,catboost,79.285,75.34662559100855,3.93837440899145,-3.93837440899145
S8,infusion_color,catboost,78.565,77.35270720456101,1.2122927954389837,-1.2122927954389837
S9,infusion_color,catboost,75.34,75.81513031090623,0.4751303109062235,0.4751303109062235
S1,aroma,mean,70.61,70.90945811359026,0.2994581135902621,0.2994581135902621
S10,aroma,mean,69.49634999999999,70.94785983772819,1.4515098377281959,1.4515098377281959
S11,aroma,mean,59.99,71.27566501014199,11.28566501014199,11.28566501014199
S12,aroma,mean,74.92999999999999,70.76049259634888,4.16950740365111,-4.16950740365111
S13,aroma,mean,70.075,70.92790638945233,0.852906389452329,0.852906389452329
S14,aroma,mean,73.245,70.81859604462474,2.426403955375264,-2.426403955375264
S15,aroma,mean,83.56,70.46290638945233,13.097093610547674,-13.097093610547674
S16,aroma,mean,80.15,70.58049259634888,9.56950740365113,-9.56950740365113
S17,aroma,mean,62.07000000000001,71.20394087221095,9.133940872210943,9.133940872210943
S18,aroma,mean,76.985,70.68963052738337,6.295369472616628,-6.295369472616628
S19,aroma,mean,80.2525,70.57695811359027,9.675541886409732,-9.675541886409732
S2,aroma,mean,59.975,71.27618225152129,11.30118225152129,11.30118225152129
S20,aroma,mean,84.41499999999999,70.43342363083164,13.981576369168351,-13.981576369168351
S21,aroma,mean,77.135,70.68445811359027,6.450541886409738,-6.450541886409738
S22,aroma,mean,78.21000000000001,70.64738914807303,7.562610851926976,-7.562610851926976
S23,aroma,mean,79.30499999999999,70.60963052738336,8.695369472616633,-8.695369472616633
S24,aroma,mean,80.25,70.57704432048682,9.67295567951318,-9.67295567951318
S25,aroma,mean,61.725,71.21583742393508,9.490837423935083,9.490837423935083
S26,aroma,mean,64.05,71.13566501014199,7.0856650101419945,7.0856650101419945
S27,aroma,mean,63.2261,71.16407535496957,7.937975354969566,7.937975354969566
S28,aroma,mean,64.9211,71.1056270791075,6.184527079107511,6.184527079107511
S29,aroma,mean,53.94500000000001,71.48411328600406,17.539113286004053,17.539113286004053
S3,aroma,mean,73.8,70.79945811359026,3.000541886409735,-3.000541886409735
S30,aroma,mean,64.68823529411765,71.11365689655172,6.425421602434071,6.425421602434071
S4,aroma,mean,63.615,71.15066501014199,7.53566501014199,7.53566501014199
S5,aroma,mean,72.99,70.82738914807302,2.1626108519269707,-2.1626108519269707
S6,aroma,mean,61.425,71.2261822515213,9.801182251521297,9.801182251521297
S7,aroma,mean,78.41499999999999,70.64032018255578,7.774679817444209,-7.774679817444209
S8,aroma,mean,69.7,70.9408374239351,1.2408374239350906,1.2408374239350906
S9,aroma,mean,73.83,70.79842363083164,3.031576369168363,-3.031576369168363
S1,aroma,nearest_recipe,70.61,70.075,0.5349999999999966,-0.5349999999999966
S10,aroma,nearest_recipe,69.49634999999999,74.92999999999999,5.43365,5.43365
S11,aroma,nearest_recipe,59.99,76.985,16.994999999999997,16.994999999999997
S12,aroma,nearest_recipe,74.92999999999999,69.49634999999999,5.43365,-5.43365
S13,aroma,nearest_recipe,70.075,70.61,0.5349999999999966,0.5349999999999966
S14,aroma,nearest_recipe,73.245,70.61,2.635000000000005,-2.635000000000005
S15,aroma,nearest_recipe,83.56,84.41499999999999,0.8549999999999898,0.8549999999999898
S16,aroma,nearest_recipe,80.15,74.92999999999999,5.220000000000013,-5.220000000000013
S17,aroma,nearest_recipe,62.07000000000001,78.21000000000001,16.14,16.14
S18,aroma,nearest_recipe,76.985,59.99,16.994999999999997,-16.994999999999997
S19,aroma,nearest_recipe,80.2525,69.49634999999999,10.756150000000005,-10.756150000000005
S2,aroma,nearest_recipe,59.975,73.245,13.270000000000003,13.270000000000003
S20,aroma,nearest_recipe,84.41499999999999,74.92999999999999,9.485,-9.485
S21,aroma,nearest_recipe,77.135,69.49634999999999,7.638650000000013,-7.638650000000013
S22,aroma,nearest_recipe,78.21000000000001,70.61,7.6000000000000085,-7.6000000000000085
S23,aroma,nearest_recipe,79.30499999999999,83.56,4.25500000000001,4.25500000000001
S24,aroma,nearest_recipe,80.25,83.56,3.3100000000000023,3.3100000000000023
S25,aroma,nearest_recipe,61.725,59.975,1.75,-1.75
S26,aroma,nearest_recipe,64.05,74.92999999999999,10.879999999999995,10.879999999999995
S27,aroma,nearest_recipe,63.2261,74.92999999999999,11.70389999999999,11.70389999999999
S28,aroma,nearest_recipe,64.9211,69.49634999999999,4.575249999999997,4.575249999999997
S29,aroma,nearest_recipe,53.94500000000001,73.245,19.299999999999997,19.299999999999997
S3,aroma,nearest_recipe,73.8,83.56,9.760000000000005,9.760000000000005
S30,aroma,nearest_recipe,64.68823529411765,69.49634999999999,4.808114705882346,4.808114705882346
S4,aroma,nearest_recipe,63.615,74.92999999999999,11.31499999999999,11.31499999999999
S5,aroma,nearest_recipe,72.99,70.61,2.3799999999999955,-2.3799999999999955
S6,aroma,nearest_recipe,61.425,69.49634999999999,8.071349999999995,8.071349999999995
S7,aroma,nearest_recipe,78.41499999999999,59.99,18.42499999999999,-18.42499999999999
S8,aroma,nearest_recipe,69.7,80.15,10.450000000000003,10.450000000000003
S9,aroma,nearest_recipe,73.83,59.99,13.839999999999996,-13.839999999999996
S1,aroma,ridge_a,70.61,69.62136817533575,0.9886318246642531,-0.9886318246642531
S10,aroma,ridge_a,69.49634999999999,68.21734919868626,1.2790008013137282,-1.2790008013137282
S11,aroma,ridge_a,59.99,80.20763133045205,20.217631330452043,20.217631330452043
S12,aroma,ridge_a,74.92999999999999,68.68545766489832,6.24454233510167,-6.24454233510167
S13,aroma,ridge_a,70.075,72.28032063158025,2.20532063158025,2.20532063158025
S14,aroma,ridge_a,73.245,67.52129369341061,5.723706306589392,-5.723706306589392
S15,aroma,ridge_a,83.56,77.71134607292352,5.848653927076484,-5.848653927076484
S16,aroma,ridge_a,80.15,70.6981512420919,9.45184875790811,-9.45184875790811
S17,aroma,ridge_a,62.07000000000001,75.4660811667209,13.39608116672089,13.39608116672089
S18,aroma,ridge_a,76.985,73.73199233803186,3.253007661968141,-3.253007661968141
S19,aroma,ridge_a,80.2525,71.10236992512412,9.150130074875875,-9.150130074875875
S2,aroma,ridge_a,59.975,64.59671299767332,4.6217129976733204,4.6217129976733204
S20,aroma,ridge_a,84.41499999999999,73.03555904873781,11.379440951262183,-11.379440951262183
S21,aroma,ridge_a,77.135,72.89127879646406,4.243721203535941,-4.243721203535941
S22,aroma,ridge_a,78.21000000000001,68.89100627237858,9.318993727621432,-9.318993727621432
S23,aroma,ridge_a,79.30499999999999,76.08156245662065,3.2234375433793474,-3.2234375433793474
S24,aroma,ridge_a,80.25,75.41001707082036,4.839982929179641,-4.839982929179641
S25,aroma,ridge_a,61.725,62.23982348852125,0.5148234885212517,0.5148234885212517
S26,aroma,ridge_a,64.05,65.39705006526633,1.3470500652663304,1.3470500652663304
S27,aroma,ridge_a,63.2261,67.3236077485976,4.097507748597593,4.097507748597593
S28,aroma,ridge_a,64.9211,64.21029674385437,0.7108032561456241,-0.7108032561456241
S29,aroma,ridge_a,53.94500000000001,70.12569018660362,16.180690186603613,16.180690186603613
S3,aroma,ridge_a,73.8,75.10432750968643,1.3043275096864306,1.3043275096864306
S30,aroma,ridge_a,64.68823529411765,66.31308152170097,1.624846227583319,1.624846227583319
S4,aroma,ridge_a,63.615,70.9557301260893,7.340730126089305,7.340730126089305
S5,aroma,ridge_a,72.99,64.16648320099878,8.823516799001212,-8.823516799001212
S6,aroma,ridge_a,61.425,70.8290521309937,9.404052130993705,9.404052130993705
S7,aroma,ridge_a,78.41499999999999,74.7429680120027,3.6720319879972863,-3.6720319879972863
S8,aroma,ridge_a,69.7,72.03203327209398,2.3320332720939803,2.3320332720939803
S9,aroma,ridge_a,73.83,77.20724432698196,3.377244326981966,3.377244326981966
S1,aroma,pls,70.61,69.60790498149386,1.0020950185061395,-1.0020950185061395
S10,aroma,pls,69.49634999999999,68.24445438316428,1.2518956168357107,-1.2518956168357107
S11,aroma,pls,59.99,80.80074763248652,20.810747632486517,20.810747632486517
S12,aroma,pls,74.92999999999999,68.6207681591497,6.309231840850288,-6.309231840850288
S13,aroma,pls,70.075,72.42220591453699,2.3472059145369855,2.3472059145369855
S14,aroma,pls,73.245,67.42275793912636,5.8222420608736485,-5.8222420608736485
S15,aroma,pls,83.56,77.94461434098339,5.61538565901661,-5.61538565901661
S16,aroma,pls,80.15,70.69523513815703,9.454764861842975,-9.454764861842975
S17,aroma,pls,62.07000000000001,75.48641890721831,13.4164189072183,13.4164189072183
S18,aroma,pls,76.985,74.01251404210913,2.972485957890868,-2.972485957890868
S19,aroma,pls,80.2525,71.28366645488667,8.968833545113327,-8.968833545113327
S2,aroma,pls,59.975,64.29191164293582,4.316911642935814,4.316911642935814
S20,aroma,pls,84.41499999999999,73.10159933835864,11.313400661641353,-11.313400661641353
S21,aroma,pls,77.135,73.03830355624726,4.096696443752748,-4.096696443752748
S22,aroma,pls,78.21000000000001,68.70769303981746,9.502306960182551,-9.502306960182551
S23,aroma,pls,79.30499999999999,76.12790600783474,3.177093992165254,-3.177093992165254
S24,aroma,pls,80.25,75.54481973392693,4.7051802660730715,-4.7051802660730715
S25,aroma,pls,61.725,61.864065367155334,0.13906536715533235,0.13906536715533235
S26,aroma,pls,64.05,65.14660107803209,1.0966010780320943,1.0966010780320943
S27,aroma,pls,63.2261,67.11487104070724,3.8887710407072404,3.8887710407072404
S28,aroma,pls,64.9211,64.03469697002518,0.8864030299748151,-0.8864030299748151
S29,aroma,pls,53.94500000000001,70.01015276955332,16.065152769553308,16.065152769553308
S3,aroma,pls,73.8,75.11339503375949,1.313395033759491,1.313395033759491
S30,aroma,pls,64.68823529411765,66.16609169904888,1.4778564049312308,1.4778564049312308
S4,aroma,pls,63.615,70.84452523208985,7.229525232089848,7.229525232089848
S5,aroma,pls,72.99,63.853459924669046,9.136540075330949,-9.136540075330949
S6,aroma,pls,61.425,70.92042288897902,9.495422888979022,9.495422888979022
S7,aroma,pls,78.41499999999999,74.94781596757754,3.467184032422452,-3.467184032422452
S8,aroma,pls,69.7,71.95927417519012,2.2592741751901144,2.2592741751901144
S9,aroma,pls,73.83,77.8443277337092,4.014327733709209,4.014327733709209
S1,aroma,gpr,70.61,72.98271525506615,2.3727152550661543,2.3727152550661543
S10,aroma,gpr,69.49634999999999,71.11599962211827,1.6196496221182741,1.6196496221182741
S11,aroma,gpr,59.99,78.03295218906472,18.042952189064714,18.042952189064714
S12,aroma,gpr,74.92999999999999,69.98800393339023,4.941996066609761,-4.941996066609761
S13,aroma,gpr,70.075,72.16181189216658,2.0868118921665797,2.0868118921665797
S14,aroma,gpr,73.245,65.7316165356724,7.513383464327603,-7.513383464327603
S15,aroma,gpr,83.56,73.73014171476738,9.829858285232618,-9.829858285232618
S16,aroma,gpr,80.15,70.35142002808203,9.798579971917974,-9.798579971917974
S17,aroma,gpr,62.07000000000001,72.8310894832605,10.761089483260491,10.761089483260491
S18,aroma,gpr,76.985,70.19814119083063,6.786858809169374,-6.786858809169374
S19,aroma,gpr,80.2525,69.37662168847733,10.87587831152267,-10.87587831152267
S2,aroma,gpr,59.975,67.87195538845782,7.896955388457819,7.896955388457819
S20,aroma,gpr,84.41499999999999,73.63358469296828,10.781415307031708,-10.781415307031708
S21,aroma,gpr,77.135,73.98369773724548,3.151302262754527,-3.151302262754527
S22,aroma,gpr,78.21000000000001,67.28220603683818,10.927793963161832,-10.927793963161832
S23,aroma,gpr,79.30499999999999,72.72387112730286,6.5811288726971355,-6.5811288726971355
S24,aroma,gpr,80.25,74.42732732488082,5.822672675119179,-5.822672675119179
S25,aroma,gpr,61.725,67.29417039500855,5.569170395008548,5.569170395008548
S26,aroma,gpr,64.05,67.97134404957853,3.9213440495785363,3.9213440495785363
S27,aroma,gpr,63.2261,66.56506894592754,3.338968945927533,3.338968945927533
S28,aroma,gpr,64.9211,68.42385127014091,3.5027512701409194,3.5027512701409194
S29,aroma,gpr,53.94500000000001,70.26545621369259,16.32045621369258,16.32045621369258
S3,aroma,gpr,73.8,74.3762097676909,0.5762097676908979,0.5762097676908979
S30,aroma,gpr,64.68823529411765,67.21050405989155,2.5222687657739016,2.5222687657739016
S4,aroma,gpr,63.615,71.84089948179545,8.225899481795445,8.225899481795445
S5,aroma,gpr,72.99,69.16006887656832,3.8299311234316775,-3.8299311234316775
S6,aroma,gpr,61.425,76.16905097955583,14.744050979555837,14.744050979555837
S7,aroma,gpr,78.41499999999999,72.25592272155725,6.159077278442737,-6.159077278442737
S8,aroma,gpr,69.7,71.13246625874348,1.4324662587434744,1.4324662587434744
S9,aroma,gpr,73.83,71.46087207118349,2.3691279288165106,-2.3691279288165106
S1,aroma,random_forest,70.61,72.52622489813365,1.916224898133649,1.916224898133649
S10,aroma,random_forest,69.49634999999999,68.16954097004111,1.3268090299588806,-1.3268090299588806
S11,aroma,random_forest,59.99,78.3755982286547,18.385598228654693,18.385598228654693
S12,aroma,random_forest,74.92999999999999,68.58866047130716,6.341339528692828,-6.341339528692828
S13,aroma,random_forest,70.075,71.02409961792628,0.9490996179262794,0.9490996179262794
S14,aroma,random_forest,73.245,69.75743487404101,3.4875651259589944,-3.4875651259589944
S15,aroma,random_forest,83.56,76.27010587919536,7.289894120804647,-7.289894120804647
S16,aroma,random_forest,80.15,72.64375183235371,7.506248167646291,-7.506248167646291
S17,aroma,random_forest,62.07000000000001,74.07351968949938,12.00351968949937,12.00351968949937
S18,aroma,random_forest,76.985,71.37528217578938,5.60971782421062,-5.60971782421062
S19,aroma,random_forest,80.2525,70.51969961703094,9.73280038296906,-9.73280038296906
S2,aroma,random_forest,59.975,64.65833285801848,4.683332858018481,4.683332858018481
S20,aroma,random_forest,84.41499999999999,75.39345187921758,9.021548120782413,-9.021548120782413
S21,aroma,random_forest,77.135,73.23880720593203,3.8961927940679715,-3.8961927940679715
S22,aroma,random_forest,78.21000000000001,66.5923414379346,11.617658562065401,-11.617658562065401
S23,aroma,random_forest,79.30499999999999,71.22322470861351,8.081775291386478,-8.081775291386478
S24,aroma,random_forest,80.25,76.06627704751521,4.183722952484786,-4.183722952484786
S25,aroma,random_forest,61.725,65.13089381173408,3.4058938117340816,3.4058938117340816
S26,aroma,random_forest,64.05,65.71681092101073,1.666810921010736,1.666810921010736
S27,aroma,random_forest,63.2261,65.40448829946087,2.178388299460863,2.178388299460863
S28,aroma,random_forest,64.9211,69.58520934407349,4.664109344073495,4.664109344073495
S29,aroma,random_forest,53.94500000000001,71.87961618282799,17.93461618282798,17.93461618282798
S3,aroma,random_forest,73.8,72.70991123473233,1.0900887652676658,-1.0900887652676658
S30,aroma,random_forest,64.68823529411765,69.30131695239302,4.613081658275377,4.613081658275377
S4,aroma,random_forest,63.615,69.2545663906364,5.639566390636396,5.639566390636396
S5,aroma,random_forest,72.99,66.49609560086364,6.493904399136355,-6.493904399136355
S6,aroma,random_forest,61.425,75.0515117921647,13.626511792164706,13.626511792164706
S7,aroma,random_forest,78.41499999999999,72.64143251672226,5.773567483277731,-5.773567483277731
S8,aroma,random_forest,69.7,72.66765176119668,2.9676517611966773,2.9676517611966773
S9,aroma,random_forest,73.83,72.6123139251517,1.2176860748483023,-1.2176860748483023
S1,aroma,xgboost,70.61,75.13325500488281,4.523255004882813,4.523255004882813
S10,aroma,xgboost,69.49634999999999,67.8083724975586,1.6879775024413988,-1.6879775024413988
S11,aroma,xgboost,59.99,79.77184295654297,19.781842956542967,19.781842956542967
S12,aroma,xgboost,74.92999999999999,67.99601745605469,6.933982543945305,-6.933982543945305
S13,aroma,xgboost,70.075,68.63321685791016,1.4417831420898466,-1.4417831420898466
S14,aroma,xgboost,73.245,67.98023986816406,5.264760131835942,-5.264760131835942
S15,aroma,xgboost,83.56,79.1899185180664,4.370081481933596,-4.370081481933596
S16,aroma,xgboost,80.15,72.5167007446289,7.633299255371099,-7.633299255371099
S17,aroma,xgboost,62.07000000000001,72.06197357177734,9.991973571777336,9.991973571777336
S18,aroma,xgboost,76.985,70.99371337890625,5.991286621093749,-5.991286621093749
S19,aroma,xgboost,80.2525,69.92597961425781,10.326520385742185,-10.326520385742185
S2,aroma,xgboost,59.975,61.736934661865234,1.761934661865233,1.761934661865233
S20,aroma,xgboost,84.41499999999999,75.09400939941406,9.32099060058593,-9.32099060058593
S21,aroma,xgboost,77.135,72.87690734863281,4.258092651367193,-4.258092651367193
S22,aroma,xgboost,78.21000000000001,66.49227905273438,11.717720947265633,-11.717720947265633
S23,aroma,xgboost,79.30499999999999,71.3327865600586,7.972213439941399,-7.972213439941399
S24,aroma,xgboost,80.25,77.32355499267578,2.9264450073242188,-2.9264450073242188
S25,aroma,xgboost,61.725,62.83165740966797,1.1066574096679673,1.1066574096679673
S26,aroma,xgboost,64.05,63.97662353515625,0.07337646484374716,-0.07337646484374716
S27,aroma,xgboost,63.2261,63.386531829833984,0.16043182983398196,0.16043182983398196
S28,aroma,xgboost,64.9211,70.93850708007812,6.017407080078129,6.017407080078129
S29,aroma,xgboost,53.94500000000001,70.55891418457031,16.613914184570305,16.613914184570305
S3,aroma,xgboost,73.8,74.0039291381836,0.2039291381835966,0.2039291381835966
S30,aroma,xgboost,64.68823529411765,70.3058090209961,5.617573726878447,5.617573726878447
S4,aroma,xgboost,63.615,68.08598327636719,4.4709832763671855,4.4709832763671855
S5,aroma,xgboost,72.99,68.1190414428711,4.870958557128901,-4.870958557128901
S6,aroma,xgboost,61.425,75.53071594238281,14.105715942382815,14.105715942382815
S7,aroma,xgboost,78.41499999999999,72.93207550048828,5.482924499511711,-5.482924499511711
S8,aroma,xgboost,69.7,70.25541687011719,0.5554168701171847,0.5554168701171847
S9,aroma,xgboost,73.83,72.38812255859375,1.4418774414062483,-1.4418774414062483
S1,aroma,catboost,70.61,73.32405361842468,2.7140536184246855,2.7140536184246855
S10,aroma,catboost,69.49634999999999,69.10550413470662,0.39084586529337173,-0.39084586529337173
S11,aroma,catboost,59.99,78.43525020820995,18.44525020820995,18.44525020820995
S12,aroma,catboost,74.92999999999999,69.51740779073708,5.412592209262911,-5.412592209262911
S13,aroma,catboost,70.075,71.6156309842208,1.5406309842207975,1.5406309842207975
S14,aroma,catboost,73.245,68.76239959200957,4.482600407990432,-4.482600407990432
S15,aroma,catboost,83.56,77.36209739511219,6.197902604887815,-6.197902604887815
S16,aroma,catboost,80.15,72.98841885862163,7.161581141378377,-7.161581141378377
S17,aroma,catboost,62.07000000000001,71.2428511307019,9.172851130701886,9.172851130701886
S18,aroma,catboost,76.985,71.86585305044308,5.119146949556921,-5.119146949556921
S19,aroma,catboost,80.2525,71.3691965189826,8.883303481017393,-8.883303481017393
S2,aroma,catboost,59.975,62.68736679355722,2.7123667935572158,2.7123667935572158
S20,aroma,catboost,84.41499999999999,75.20433880871076,9.210661191289233,-9.210661191289233
S21,aroma,catboost,77.135,74.3290450816248,2.805954918375207,-2.805954918375207
S22,aroma,catboost,78.21000000000001,65.12081864870508,13.089181351294926,-13.089181351294926
S23,aroma,catboost,79.30499999999999,71.27944267984034,8.025557320159649,-8.025557320159649
S24,aroma,catboost,80.25,77.01396319474802,3.2360368052519846,-3.2360368052519846
S25,aroma,catboost,61.725,63.35419363797878,1.62919363797878,1.62919363797878
S26,aroma,catboost,64.05,64.36734820885819,0.31734820885819204,0.31734820885819204
S27,aroma,catboost,63.2261,64.39307537237721,1.166975372377209,1.166975372377209
S28,aroma,catboost,64.9211,70.1068235752502,5.185723575250208,5.185723575250208
S29,aroma,catboost,53.94500000000001,70.80946888715091,16.864468887150906,16.864468887150906
S3,aroma,catboost,73.8,74.2770513539954,0.47705135399540666,0.47705135399540666
S30,aroma,catboost,64.68823529411765,70.16010503535598,5.471869741238336,5.471869741238336
S4,aroma,catboost,63.615,69.03623548699427,5.42123548699427,5.42123548699427
S5,aroma,catboost,72.99,68.38680667009554,4.603193329904457,-4.603193329904457
S6,aroma,catboost,61.425,74.8921745608298,13.467174560829804,13.467174560829804
S7,aroma,catboost,78.41499999999999,73.35711815324454,5.05788184675545,-5.05788184675545
S8,aroma,catboost,69.7,70.17503895547375,0.4750389554737495,0.4750389554737495
S9,aroma,catboost,73.83,72.08678180466414,1.7432181953358565,-1.7432181953358565
S1,taste,mean,52.985,65.3153241922921,12.330324192292096,12.330324192292096
S10,taste,mean,57.92999999999999,65.14480695091278,7.214806950912788,7.214806950912788
S11,taste,mean,62.205,64.99739315780934,2.792393157809343,2.792393157809343
S12,taste,mean,70.16,64.72308281298176,5.4369171870182385,-5.4369171870182385
S13,taste,mean,71.045,64.69256557160244,6.352434428397558,-6.352434428397558
S14,taste,mean,67.03999999999999,64.8306690198783,2.209330980121692,-2.209330980121692
S15,taste,mean,75.965,64.52291039918865,11.442089600811357,-11.442089600811357
S16,taste,mean,80.685,64.360151778499,16.324848221501,-16.324848221501
S17,taste,mean,56.620000000000005,65.18997936470589,8.569979364705887,8.569979364705887
S18,taste,mean,73.86690625,64.59525845953347,9.271647790466531,-9.271647790466531
S19,taste,mean,80.66499999999999,64.36084143367141,16.30415856632858,-16.30415856632858
S2,taste,mean,59.419500000000006,65.09344488194728,5.673944881947271,5.673944881947271
S20,taste,mean,77.14,64.48239315780934,12.65760684219066,-12.65760684219066
S21,taste,mean,72.9608875,64.62650048539555,8.334387014604445,-8.334387014604445
S22,taste,mean,74.125,64.58635867505072,9.538641324949282,-9.538641324949282
S23,taste,mean,74.71000000000001,64.56618626125761,10.143813738742395,-10.143813738742395
S24,taste,mean,78.92,64.42101384746451,14.498986152535494,-14.498986152535494
S25,taste,mean,46.465,65.540151778499,19.07515177849899,19.07515177849899
S26,taste,mean,44.66,65.60239315780935,20.94239315780935,20.94239315780935
S27,taste,mean,48.56,65.46791039918865,16.90791039918865,16.90791039918865
S28,taste,mean,44.745,65.59946212332659,20.85446212332659,20.85446212332659
S29,taste,mean,50.2,65.4113586750507,15.211358675050704,15.211358675050704
S3,taste,mean,73.47,64.60894488194727,8.861055118052732,-8.861055118052732
S30,taste,mean,51.65294117647059,65.36125725517243,13.708316078701841,13.708316078701841
S4,taste,mean,60.83,65.04480695091279,4.214806950912788,4.214806950912788
S5,taste,mean,69.63,64.74135867505072,4.888641324949276,-4.888641324949276
S6,taste,mean,57.995000000000005,65.14256557160245,7.147565571602442,7.147565571602442
S7,taste,mean,69.64916665,64.7406977560852,4.908468893914801,-4.908468893914801
S8,taste,mean,69.035,64.76187591643003,4.273124083569968,-4.273124083569968
S9,taste,mean,73.795,64.59773798539554,9.197262014604462,-9.197262014604462
S1,taste,nearest_recipe,52.985,71.045,18.060000000000002,18.060000000000002
S10,taste,nearest_recipe,57.92999999999999,70.16,12.230000000000004,12.230000000000004
S11,taste,nearest_recipe,62.205,73.86690625,11.661906250000001,11.661906250000001
S12,taste,nearest_recipe,70.16,57.92999999999999,12.230000000000004,-12.230000000000004
S13,taste,nearest_recipe,71.045,52.985,18.060000000000002,-18.060000000000002
S14,taste,nearest_recipe,67.03999999999999,52.985,14.054999999999993,-14.054999999999993
S15,taste,nearest_recipe,75.965,77.14,1.1749999999999972,1.1749999999999972
S16,taste,nearest_recipe,80.685,70.16,10.525000000000006,-10.525000000000006
S17,taste,nearest_recipe,56.620000000000005,74.125,17.504999999999995,17.504999999999995
S18,taste,nearest_recipe,73.86690625,62.205,11.661906250000001,-11.661906250000001
S19,taste,nearest_recipe,80.66499999999999,57.92999999999999,22.735,-22.735
S2,taste,nearest_recipe,59.419500000000006,67.03999999999999,7.620499999999986,7.620499999999986
S20,taste,nearest_recipe,77.14,70.16,6.980000000000004,-6.980000000000004
S21,taste,nearest_recipe,72.9608875,57.92999999999999,15.030887500000006,-15.030887500000006
S22,taste,nearest_recipe,74.125,52.985,21.14,-21.14
S23,taste,nearest_recipe,74.71000000000001,75.965,1.2549999999999955,1.2549999999999955
S24,taste,nearest_recipe,78.92,75.965,2.9549999999999983,-2.9549999999999983
S25,taste,nearest_recipe,46.465,59.419500000000006,12.954500000000003,12.954500000000003
S26,taste,nearest_recipe,44.66,70.16,25.5,25.5
S27,taste,nearest_recipe,48.56,70.16,21.599999999999994,21.599999999999994
S28,taste,nearest_recipe,44.745,57.92999999999999,13.184999999999995,13.184999999999995
S29,taste,nearest_recipe,50.2,67.03999999999999,16.83999999999999,16.83999999999999
S3,taste,nearest_recipe,73.47,75.965,2.4950000000000045,2.4950000000000045
S30,taste,nearest_recipe,51.65294117647059,57.92999999999999,6.277058823529401,6.277058823529401
S4,taste,nearest_recipe,60.83,70.16,9.329999999999998,9.329999999999998
S5,taste,nearest_recipe,69.63,52.985,16.644999999999996,-16.644999999999996
S6,taste,nearest_recipe,57.995000000000005,57.92999999999999,0.06500000000001194,-0.06500000000001194
S7,taste,nearest_recipe,69.64916665,62.205,7.44416665,-7.44416665
S8,taste,nearest_recipe,69.035,80.685,11.650000000000006,11.650000000000006
S9,taste,nearest_recipe,73.795,62.205,11.590000000000003,-11.590000000000003
S1,taste,ridge_a,52.985,68.60897366406503,15.623973664065034,15.623973664065034
S10,taste,ridge_a,57.92999999999999,59.91250589703337,1.982505897033377,1.982505897033377
S11,taste,ridge_a,62.205,78.288057992342,16.083057992342006,16.083057992342006
S12,taste,ridge_a,70.16,59.718510809131,10.441489190869,-10.441489190869
S13,taste,ridge_a,71.045,68.45325505278696,2.5917449472130443,-2.5917449472130443
S14,taste,ridge_a,67.03999999999999,60.56235468900714,6.477645310992855,-6.477645310992855
S15,taste,ridge_a,75.965,78.10756100182151,2.1425610018215053,2.1425610018215053
S16,taste,ridge_a,80.685,64.57441504413086,16.110584955869143,-16.110584955869143
S17,taste,ridge_a,56.620000000000005,72.71432832644606,16.09432832644606,16.09432832644606
S18,taste,ridge_a,73.86690625,71.56375413357938,2.3031521164206197,-2.3031521164206197
S19,taste,ridge_a,80.66499999999999,65.19739974204634,15.467600257953649,-15.467600257953649
S2,taste,ridge_a,59.419500000000006,52.54846420996188,6.871035790038128,-6.871035790038128
S20,taste,ridge_a,77.14,68.35708434869082,8.782915651309182,-8.782915651309182
S21,taste,ridge_a,72.9608875,67.86131772000981,5.0995697799901905,-5.0995697799901905
S22,taste,ridge_a,74.125,64.76598638543572,9.359013614564276,-9.359013614564276
S23,taste,ridge_a,74.71000000000001,74.5342559412641,0.17574405873590138,-0.17574405873590138
S24,taste,ridge_a,78.92,73.145127611601,5.774872388399004,-5.774872388399004
S25,taste,ridge_a,46.465,49.35946292412885,2.8944629241288453,2.8944629241288453
S26,taste,ridge_a,44.66,54.60160596087157,9.94160596087157,9.94160596087157
S27,taste,ridge_a,48.56,58.18772883497221,9.62772883497221,9.62772883497221
S28,taste,ridge_a,44.745,53.566942795354834,8.821942795354836,8.821942795354836
S29,taste,ridge_a,50.2,63.0245458652897,12.8245458652897,12.8245458652897
S3,taste,ridge_a,73.47,69.24951531622648,4.22048468377352,-4.22048468377352
S30,taste,ridge_a,51.65294117647059,56.99305958037454,5.340118403903951,5.340118403903951
S4,taste,ridge_a,60.83,61.55101051533739,0.7210105153373902,0.7210105153373902
S5,taste,ridge_a,69.63,55.31302920712676,14.316970792873235,-14.316970792873235
S6,taste,ridge_a,57.995000000000005,64.67894766245182,6.683947662451814,6.683947662451814
S7,taste,ridge_a,69.64916665,73.03656650158779,3.3873998515877872,3.3873998515877872
S8,taste,ridge_a,69.035,65.74954882685151,3.2854511731484877,-3.2854511731484877
S9,taste,ridge_a,73.795,75.40787032076767,1.6128703207676693,1.6128703207676693
S1,taste,pls,52.985,68.68611715697534,15.701117156975343,15.701117156975343
S10,taste,pls,57.92999999999999,59.95776246909527,2.027762469095279,2.027762469095279
S11,taste,pls,62.205,79.15926865774058,16.954268657740585,16.954268657740585
S12,taste,pls,70.16,59.56694775581109,10.593052244188904,-10.593052244188904
S13,taste,pls,71.045,68.73441276077006,2.310587239229946,-2.310587239229946
S14,taste,pls,67.03999999999999,60.43430138964621,6.605698610353784,-6.605698610353784
S15,taste,pls,75.965,78.54304644953066,2.5780464495306603,2.5780464495306603
S16,taste,pls,80.685,64.56909533373135,16.115904666268648,-16.115904666268648
S17,taste,pls,56.620000000000005,72.73194267999412,16.111942679994115,16.111942679994115
S18,taste,pls,73.86690625,72.1395967634678,1.7273094865322065,-1.7273094865322065
S19,taste,pls,80.66499999999999,65.53408984142033,15.130910158579667,-15.130910158579667
S2,taste,pls,59.419500000000006,51.95778989553008,7.46171010446993,-7.46171010446993
S20,taste,pls,77.14,68.45142621749268,8.68857378250732,-8.68857378250732
S21,taste,pls,72.9608875,68.10949359523515,4.851393904764848,-4.851393904764848
S22,taste,pls,74.125,64.52015841876735,9.604841581232648,-9.604841581232648
S23,taste,pls,74.71000000000001,74.6311229398021,0.07887706019791096,-0.07887706019791096
S24,taste,pls,78.92,73.38963300424909,5.53036699575091,-5.53036699575091
S25,taste,pls,46.465,48.68669263561854,2.2216926356185382,2.2216926356185382
S26,taste,pls,44.66,54.1390632053753,9.479063205375304,9.479063205375304
S27,taste,pls,48.56,57.803799759928154,9.243799759928152,9.243799759928152
S28,taste,pls,44.745,53.25178592869396,8.506785928693965,8.506785928693965
S29,taste,pls,50.2,62.78886921376868,12.588869213768675,12.588869213768675
S3,taste,pls,73.47,69.15638181004007,4.313618189959925,-4.313618189959925
S30,taste,pls,51.65294117647059,56.7358076268864,5.082866450415807,5.082866450415807
S4,taste,pls,60.83,61.247466346045094,0.4174663460450958,0.4174663460450958
S5,taste,pls,69.63,54.83124755214885,14.798752447851143,-14.798752447851143
S6,taste,pls,57.995000000000005,64.8423958244047,6.8473958244047,6.8473958244047
S7,taste,pls,69.64916665,73.44438838508269,3.7952217350826913,3.7952217350826913
S8,taste,pls,69.035,65.5768378905652,3.458162109434795,-3.458162109434795
S9,taste,pls,73.795,76.47863363683196,2.6836336368319564,2.6836336368319564
S1,taste,gpr,52.985,71.3099848288218,18.324984828821798,18.324984828821798
S10,taste,gpr,57.92999999999999,63.212328179285144,5.282328179285152,5.282328179285152
S11,taste,gpr,62.205,75.92863967954882,13.723639679548825,13.723639679548825
S12,taste,gpr,70.16,59.060392402199135,11.099607597800862,-11.099607597800862
S13,taste,gpr,71.045,64.64544680950124,6.399553190498764,-6.399553190498764
S14,taste,gpr,67.03999999999999,61.58014247638536,5.45985752361463,-5.45985752361463
S15,taste,gpr,75.965,73.56615992148156,2.3988400785184467,-2.3988400785184467
S16,taste,gpr,80.685,64.57812636591916,16.10687363408084,-16.10687363408084
S17,taste,gpr,56.620000000000005,70.34913738341749,13.72913738341748,13.72913738341748
S18,taste,gpr,73.86690625,69.02542773619669,4.84147851380331,-4.84147851380331
S19,taste,gpr,80.66499999999999,65.87185697117752,14.79314302882247,-14.79314302882247
S2,taste,gpr,59.419500000000006,55.87698447414303,3.5425155258569774,-3.5425155258569774
S20,taste,gpr,77.14,71.95331225896642,5.18668774103358,-5.18668774103358
S21,taste,gpr,72.9608875,71.11433326045162,1.8465542395483823,-1.8465542395483823
S22,taste,gpr,74.125,57.40272608362288,16.72227391637712,-16.72227391637712
S23,taste,gpr,74.71000000000001,69.60561805191561,5.104381948084395,-5.104381948084395
S24,taste,gpr,78.92,71.16053640125263,7.759463598747374,-7.759463598747374
S25,taste,gpr,46.465,52.01593975703657,5.550939757036566,5.550939757036566
S26,taste,gpr,44.66,55.56877727578435,10.908777275784352,10.908777275784352
S27,taste,gpr,48.56,58.20180090949939,9.641800909499388,9.641800909499388
S28,taste,gpr,44.745,55.17914289679008,10.434142896790085,10.434142896790085
S29,taste,gpr,50.2,65.70981787337233,15.509817873372327,15.509817873372327
S3,taste,gpr,73.47,70.53724837851635,2.9327516214836464,-2.9327516214836464
S30,taste,gpr,51.65294117647059,57.59260759206197,5.939666415591375,5.939666415591375
S4,taste,gpr,60.83,63.91624110971407,3.0862411097140736,3.0862411097140736
S5,taste,gpr,69.63,60.47243771767031,9.157562282329685,-9.157562282329685
S6,taste,gpr,57.995000000000005,71.30934438649794,13.314344386497936,13.314344386497936
S7,taste,gpr,69.64916665,72.17546035138423,2.5262937013842333,2.5262937013842333
S8,taste,gpr,69.035,66.54321737354583,2.4917826264541674,-2.4917826264541674
S9,taste,gpr,73.795,69.34555002449414,4.449449975505857,-4.449449975505857
S1,taste,random_forest,52.985,67.70730692199717,14.722306921997173,14.722306921997173
S10,taste,random_forest,57.92999999999999,58.27600616163106,0.3460061616310668,0.3460061616310668
S11,taste,random_forest,62.205,74.07190872029096,11.866908720290965,11.866908720290965
S12,taste,random_forest,70.16,55.37684745553966,14.783152544460336,-14.783152544460336
S13,taste,random_forest,71.045,63.90407901907737,7.14092098092263,-7.14092098092263
S14,taste,random_forest,67.03999999999999,64.12253416759607,2.91746583240392,-2.91746583240392
S15,taste,random_forest,75.965,73.37456138295849,2.5904386170415137,-2.5904386170415137
S16,taste,random_forest,80.685,67.72563598920009,12.959364010799916,-12.959364010799916
S17,taste,random_forest,56.620000000000005,68.91026839348554,12.290268393485533,12.290268393485533
S18,taste,random_forest,73.86690625,68.60531020720599,5.261596042794011,-5.261596042794011
S19,taste,random_forest,80.66499999999999,67.97855585868386,12.68644414131613,-12.68644414131613
S2,taste,random_forest,59.419500000000006,53.84478875975676,5.574711240243246,-5.574711240243246
S20,taste,random_forest,77.14,73.25638526465433,3.883614735345674,-3.883614735345674
S21,taste,random_forest,72.9608875,70.99613373780173,1.9647537621982707,-1.9647537621982707
S22,taste,random_forest,74.125,61.846479494221484,12.278520505778516,-12.278520505778516
S23,taste,random_forest,74.71000000000001,70.35845911136839,4.351540888631618,-4.351540888631618
S24,taste,random_forest,78.92,71.36175184993141,7.558248150068593,-7.558248150068593
S25,taste,random_forest,46.465,54.42485909879248,7.959859098792478,7.959859098792478
S26,taste,random_forest,44.66,57.47327951985699,12.81327951985699,12.81327951985699
S27,taste,random_forest,48.56,57.28377157564308,8.723771575643077,8.723771575643077
S28,taste,random_forest,44.745,58.393335173520526,13.648335173520529,13.648335173520529
S29,taste,random_forest,50.2,67.35699481154671,17.15699481154671,17.15699481154671
S3,taste,random_forest,73.47,71.31442189114246,2.15557810885754,-2.15557810885754
S30,taste,random_forest,51.65294117647059,57.671063950429854,6.018122773959263,6.018122773959263
S4,taste,random_forest,60.83,57.448269047981555,3.3817309520184438,-3.3817309520184438
S5,taste,random_forest,69.63,61.645836414999735,7.98416358500026,-7.98416358500026
S6,taste,random_forest,57.995000000000005,72.46751038801641,14.472510388016403,14.472510388016403
S7,taste,random_forest,69.64916665,71.07449879872998,1.4253321487299786,1.4253321487299786
S8,taste,random_forest,69.035,71.4742122231269,2.4392122231269013,2.4392122231269013
S9,taste,random_forest,73.795,69.59065916045691,4.204340839543093,-4.204340839543093
S1,taste,xgboost,52.985,70.02398681640625,17.03898681640625,17.03898681640625
S10,taste,xgboost,57.92999999999999,61.143218994140625,3.2132189941406324,3.2132189941406324
S11,taste,xgboost,62.205,77.26541900634766,15.060419006347658,15.060419006347658
S12,taste,xgboost,70.16,55.508426666259766,14.651573333740231,-14.651573333740231
S13,taste,xgboost,71.045,61.85715866088867,9.18784133911133,-9.18784133911133
S14,taste,xgboost,67.03999999999999,62.99027633666992,4.04972366333007,-4.04972366333007
S15,taste,xgboost,75.965,74.63685607910156,1.328143920898441,-1.328143920898441
S16,taste,xgboost,80.685,65.78985595703125,14.895144042968752,-14.895144042968752
S17,taste,xgboost,56.620000000000005,68.44538116455078,11.825381164550777,11.825381164550777
S18,taste,xgboost,73.86690625,68.68927001953125,5.1776362304687495,-5.1776362304687495
S19,taste,xgboost,80.66499999999999,68.51721954345703,12.14778045654296,-12.14778045654296
S2,taste,xgboost,59.419500000000006,53.068180084228516,6.351319915771491,-6.351319915771491
S20,taste,xgboost,77.14,74.35456848144531,2.785431518554688,-2.785431518554688
S21,taste,xgboost,72.9608875,70.7352523803711,2.2256351196289046,-2.2256351196289046
S22,taste,xgboost,74.125,58.723411560058594,15.401588439941406,-15.401588439941406
S23,taste,xgboost,74.71000000000001,68.83787536621094,5.8721246337890705,-5.8721246337890705
S24,taste,xgboost,78.92,70.57695770263672,8.343042297363283,-8.343042297363283
S25,taste,xgboost,46.465,48.878719329833984,2.413719329833981,2.413719329833981
S26,taste,xgboost,44.66,53.28775405883789,8.627754058837894,8.627754058837894
S27,taste,xgboost,48.56,58.29026794433594,9.730267944335935,9.730267944335935
S28,taste,xgboost,44.745,55.701759338378906,10.956759338378909,10.956759338378909
S29,taste,xgboost,50.2,67.09490203857422,16.894902038574216,16.894902038574216
S3,taste,xgboost,73.47,70.50857543945312,2.961424560546874,-2.961424560546874
S30,taste,xgboost,51.65294117647059,60.49424743652344,8.841306260052846,8.841306260052846
S4,taste,xgboost,60.83,60.38279342651367,0.4472065734863264,-0.4472065734863264
S5,taste,xgboost,69.63,61.19453048706055,8.435469512939449,-8.435469512939449
S6,taste,xgboost,57.995000000000005,72.58879089355469,14.593790893554683,14.593790893554683
S7,taste,xgboost,69.64916665,70.9846420288086,1.3354753788085958,1.3354753788085958
S8,taste,xgboost,69.035,70.2763900756836,1.2413900756835972,1.2413900756835972
S9,taste,xgboost,73.795,70.64446258544922,3.150537414550783,-3.150537414550783
S1,taste,catboost,52.985,68.91303380005543,15.928033800055431,15.928033800055431
S10,taste,catboost,57.92999999999999,61.000148729965815,3.0701487299658226,3.0701487299658226
S11,taste,catboost,62.205,75.54389479580033,13.338894795800329,13.338894795800329
S12,taste,catboost,70.16,55.970783047727046,14.18921695227295,-14.18921695227295
S13,taste,catboost,71.045,63.13091357441683,7.9140864255831715,-7.9140864255831715
S14,taste,catboost,67.03999999999999,63.99424170430787,3.0457582956921243,-3.0457582956921243
S15,taste,catboost,75.965,74.53775729347609,1.4272427065239128,-1.4272427065239128
S16,taste,catboost,80.685,66.77548621273286,13.909513787267144,-13.909513787267144
S17,taste,catboost,56.620000000000005,69.29564566317855,12.675645663178543,12.675645663178543
S18,taste,catboost,73.86690625,69.71680508391158,4.150101166088419,-4.150101166088419
S19,taste,catboost,80.66499999999999,67.78401241631789,12.8809875836821,-12.8809875836821
S2,taste,catboost,59.419500000000006,55.09155589664341,4.327944103356593,-4.327944103356593
S20,taste,catboost,77.14,73.79419340848432,3.3458065915156823,-3.3458065915156823
S21,taste,catboost,72.9608875,71.14434934325261,1.8165381567473844,-1.8165381567473844
S22,taste,catboost,74.125,60.31375836038717,13.811241639612831,-13.811241639612831
S23,taste,catboost,74.71000000000001,69.42775938854084,5.282240611459173,-5.282240611459173
S24,taste,catboost,78.92,71.54754648266064,7.372453517339366,-7.372453517339366
S25,taste,catboost,46.465,49.79393848639867,3.3289384863986697,3.3289384863986697
S26,taste,catboost,44.66,53.01204372643746,8.352043726437465,8.352043726437465
S27,taste,catboost,48.56,60.41038851357755,11.850388513577549,11.850388513577549
S28,taste,catboost,44.745,55.946894969171225,11.201894969171228,11.201894969171228
S29,taste,catboost,50.2,67.49754554809549,17.297545548095485,17.297545548095485
S3,taste,catboost,73.47,71.1668386818343,2.3031613181656923,-2.3031613181656923
S30,taste,catboost,51.65294117647059,60.30613166446729,8.653190487996696,8.653190487996696
S4,taste,catboost,60.83,60.50038207581111,0.3296179241888879,-0.3296179241888879
S5,taste,catboost,69.63,63.516071786427254,6.113928213572741,-6.113928213572741
S6,taste,catboost,57.995000000000005,71.27098240916393,13.27598240916393,13.27598240916393
S7,taste,catboost,69.64916665,71.01590254269385,1.3667358926938533,1.3667358926938533
S8,taste,catboost,69.035,68.74667875581879,0.28832124418120486,-0.28832124418120486
S9,taste,catboost,73.795,70.78100098276316,3.0139990172368414,-3.0139990172368414
S1,overall_score,mean,66.5725,71.96384006085194,5.391340060851931,5.391340060851931
S10,overall_score,mean,65.8515,71.98870212981745,6.137202129817453,6.137202129817453
S11,overall_score,mean,66.062,71.9814435091278,5.919443509127802,5.919443509127802
S12,overall_score,mean,76.4225,71.62418488843814,4.7983151115618625,-4.7983151115618625
S13,overall_score,mean,73.77525,71.71546937119675,2.059780628803253,-2.059780628803253
S14,overall_score,mean,72.874,71.74654695740365,1.1274530425963434,-1.1274530425963434
S15,overall_score,mean,82.28475,71.422038336714,10.862711663286007,-10.862711663286007
S16,overall_score,mean,82.5955,71.41132281947263,11.18417718052737,-11.18417718052737
S17,overall_score,mean,65.49625,72.00095212981745,6.504702129817446,6.504702129817446
S18,overall_score,mean,76.9015,71.60766764705883,5.293832352941166,-5.293832352941166
S19,overall_score,mean,81.13885,71.46155212981745,9.677297870182556,-9.677297870182556
S2,overall_score,mean,65.4635,72.00208144016229,6.5385814401622895,6.5385814401622895
S20,overall_score,mean,82.27525,71.42236592292089,10.85288407707911,-10.85288407707911
S21,overall_score,mean,76.19525,71.63202109533468,4.563228904665323,-4.563228904665323
S22,overall_score,mean,76.90775,71.60745212981746,5.300297870182533,-5.300297870182533
S23,overall_score,mean,79.0595,71.53325385395539,7.526246146044613,-7.526246146044613
S24,overall_score,mean,81.904,71.43516764705883,10.468832352941163,-10.468832352941163
S25,overall_score,mean,60.85125000000001,72.16112454361054,11.309874543610533,11.309874543610533
S26,overall_score,mean,61.74925,72.13015902636917,10.380909026369167,10.380909026369167
S27,overall_score,mean,62.5225,72.10349523326572,9.580995233265718,9.580995233265718
S28,overall_score,mean,62.49425,72.10446937119676,9.610219371196756,9.610219371196756
S29,overall_score,mean,63.32725000000001,72.07574523326574,8.748495233265729,8.748495233265729
S3,overall_score,mean,75.8515,71.64387454361055,4.207625456389451,-4.207625456389451
S30,overall_score,mean,63.92941176470588,72.05498103448276,8.125569269776882,8.125569269776882
S4,overall_score,mean,66.58485,71.96341419878296,5.3785641987829536,5.3785641987829536
S5,overall_score,mean,73.27425000000001,71.73274523326573,1.5415047667342776,-1.5415047667342776
S6,overall_score,mean,65.738,71.99261592292089,6.254615922920891,6.254615922920891
S7,overall_score,mean,76.3335,71.62725385395537,4.706246146044634,-4.706246146044634
S8,overall_score,mean,73.36075,71.72976247464503,1.6309875253549677,-1.6309875253549677
S9,overall_score,mean,75.72725,71.64815902636916,4.079090973630841,-4.079090973630841
S1,overall_score,nearest_recipe,66.5725,73.77525,7.202749999999995,7.202749999999995
S10,overall_score,nearest_recipe,65.8515,76.4225,10.570999999999998,10.570999999999998
S11,overall_score,nearest_recipe,66.062,76.9015,10.839500000000001,10.839500000000001
S12,overall_score,nearest_recipe,76.4225,65.8515,10.570999999999998,-10.570999999999998
S13,overall_score,nearest_recipe,73.77525,66.5725,7.202749999999995,-7.202749999999995
S14,overall_score,nearest_recipe,72.874,66.5725,6.30149999999999,-6.30149999999999
S15,overall_score,nearest_recipe,82.28475,82.27525,0.009500000000002728,-0.009500000000002728
S16,overall_score,nearest_recipe,82.5955,76.4225,6.173000000000002,-6.173000000000002
S17,overall_score,nearest_recipe,65.49625,76.90775,11.41149999999999,11.41149999999999
S18,overall_score,nearest_recipe,76.9015,66.062,10.839500000000001,-10.839500000000001
S19,overall_score,nearest_recipe,81.13885,65.8515,15.287350000000004,-15.287350000000004
S2,overall_score,nearest_recipe,65.4635,72.874,7.410499999999999,7.410499999999999
S20,overall_score,nearest_recipe,82.27525,76.4225,5.85275,-5.85275
S21,overall_score,nearest_recipe,76.19525,65.8515,10.34375,-10.34375
S22,overall_score,nearest_recipe,76.90775,66.5725,10.335249999999988,-10.335249999999988
S23,overall_score,nearest_recipe,79.0595,82.28475,3.2252500000000026,3.2252500000000026
S24,overall_score,nearest_recipe,81.904,82.28475,0.38075000000000614,0.38075000000000614
S25,overall_score,nearest_recipe,60.85125000000001,65.4635,4.612249999999989,4.612249999999989
S26,overall_score,nearest_recipe,61.74925,76.4225,14.673249999999996,14.673249999999996
S27,overall_score,nearest_recipe,62.5225,76.4225,13.899999999999999,13.899999999999999
S28,overall_score,nearest_recipe,62.49425,65.8515,3.3572500000000005,3.3572500000000005
S29,overall_score,nearest_recipe,63.32725000000001,72.874,9.546749999999989,9.546749999999989
S3,overall_score,nearest_recipe,75.8515,82.28475,6.433250000000001,6.433250000000001
S30,overall_score,nearest_recipe,63.92941176470588,65.8515,1.9220882352941189,1.9220882352941189
S4,overall_score,nearest_recipe,66.58485,76.4225,9.837649999999996,9.837649999999996
S5,overall_score,nearest_recipe,73.27425000000001,66.5725,6.701750000000004,-6.701750000000004
S6,overall_score,nearest_recipe,65.738,65.8515,0.11350000000000193,0.11350000000000193
S7,overall_score,nearest_recipe,76.3335,66.062,10.271500000000003,-10.271500000000003
S8,overall_score,nearest_recipe,73.36075,82.5955,9.234750000000005,9.234750000000005
S9,overall_score,nearest_recipe,75.72725,66.062,9.66525,-9.66525
S1,overall_score,ridge_a,66.5725,72.55107667304215,5.9785766730421415,5.9785766730421415
S10,overall_score,ridge_a,65.8515,68.74481412969361,2.893314129693607,2.893314129693607
S11,overall_score,ridge_a,66.062,80.30477772562878,14.242777725628784,14.242777725628784
S12,overall_score,ridge_a,76.4225,68.8640677935163,7.558432206483701,-7.558432206483701
S13,overall_score,ridge_a,73.77525,73.25818024173384,0.5170697582661603,-0.5170697582661603
S14,overall_score,ridge_a,72.874,68.6081489507491,4.265851049250898,-4.265851049250898
S15,overall_score,ridge_a,82.28475,79.86587678860099,2.418873211399017,-2.418873211399017
S16,overall_score,ridge_a,82.5955,71.56744774366484,11.028052256335158,-11.028052256335158
S17,overall_score,ridge_a,65.49625,77.01860620774934,11.52235620774934,11.52235620774934
S18,overall_score,ridge_a,76.9015,74.94043177040258,1.9610682295974158,-1.9610682295974158
S19,overall_score,ridge_a,81.13885,71.41091529050212,9.727934709497887,-9.727934709497887
S2,overall_score,ridge_a,65.4635,64.48441881354374,0.9790811864562556,-0.9790811864562556
S20,overall_score,ridge_a,82.27525,74.20449655368361,8.070753446316388,-8.070753446316388
S21,overall_score,ridge_a,76.19525,73.64859127565961,2.5466587243403893,-2.5466587243403893
S22,overall_score,ridge_a,76.90775,71.4640545361651,5.443695463834899,-5.443695463834899
S23,overall_score,ridge_a,79.0595,78.30897915550743,0.75052084449257,-0.75052084449257
S24,overall_score,ridge_a,81.904,76.9130816702379,4.990918329762096,-4.990918329762096
S25,overall_score,ridge_a,60.85125000000001,62.40081537518104,1.5495653751810323,1.5495653751810323
S26,overall_score,ridge_a,61.74925,65.80946515427242,4.060215154272413,4.060215154272413
S27,overall_score,ridge_a,62.5225,68.00241481807205,5.479914818072054,5.479914818072054
S28,overall_score,ridge_a,62.49425,64.36611300159146,1.871863001591457,1.871863001591457
S29,overall_score,ridge_a,63.32725000000001,70.62537415669298,7.298124156692978,7.298124156692978
S3,overall_score,ridge_a,75.8515,76.02499531032679,0.17349531032678556,0.17349531032678556
S30,overall_score,ridge_a,63.92941176470588,66.73631314132294,2.8069013766170556,2.8069013766170556
S4,overall_score,ridge_a,66.58485,71.1323484680588,4.547498468058791,4.547498468058791
S5,overall_score,ridge_a,73.27425000000001,65.64183197572788,7.632418024272127,-7.632418024272127
S6,overall_score,ridge_a,65.738,71.23795595049423,5.4999559504942255,5.4999559504942255
S7,overall_score,ridge_a,76.3335,76.28912108382434,0.04437891617565981,-0.04437891617565981
S8,overall_score,ridge_a,73.36075,72.98521249520294,0.3755375047970517,-0.3755375047970517
S9,overall_score,ridge_a,75.72725,77.56864307981508,1.8413930798150773,1.8413930798150773
S1,overall_score,pls,66.5725,72.57626369491915,6.003763694919144,6.003763694919144
S10,overall_score,pls,65.8515,68.7586591067956,2.9071591067956035,2.9071591067956035
S11,overall_score,pls,66.062,80.83806740232714,14.776067402327143,14.776067402327143
S12,overall_score,pls,76.4225,68.7805572296669,7.641942770333102,-7.641942770333102
S13,overall_score,pls,73.77525,73.39729793763071,0.3779520623692889,-0.3779520623692889
S14,overall_score,pls,72.874,68.51345072495008,4.3605492750499195,-4.3605492750499195
S15,overall_score,pls,82.28475,80.13567086238663,2.14907913761337,-2.14907913761337
S16,overall_score,pls,82.5955,71.56588215879182,11.029617841208179,-11.029617841208179
S17,overall_score,pls,65.49625,77.0620861514865,11.565836151486494,11.565836151486494
S18,overall_score,pls,76.9015,75.23095275793925,1.6705472420607492,-1.6705472420607492
S19,overall_score,pls,81.13885,71.56512465956638,9.573725340433626,-9.573725340433626
S2,overall_score,pls,65.4635,64.14765846169654,1.3158415383034594,-1.3158415383034594
S20,overall_score,pls,82.27525,74.27703570366262,7.99821429633738,-7.99821429633738
S21,overall_score,pls,76.19525,73.78776923846763,2.4074807615323692,-2.4074807615323692
S22,overall_score,pls,76.90775,71.32748297982559,5.580267020174404,-5.580267020174404
S23,overall_score,pls,79.0595,78.40110515288825,0.6583948471117509,-0.6583948471117509
S24,overall_score,pls,81.904,77.06666389709589,4.8373361029041035,-4.8373361029041035
S25,overall_score,pls,60.85125000000001,62.01251321979561,1.1612632197956003,1.1612632197956003
S26,overall_score,pls,61.74925,65.55254220413727,3.8032922041372643,3.8032922041372643
S27,overall_score,pls,62.5225,67.79472423394392,5.272224233943923,5.272224233943923
S28,overall_score,pls,62.49425,64.16440341309689,1.670153413096891,1.670153413096891
S29,overall_score,pls,63.32725000000001,70.4975504439938,7.170300443993796,7.170300443993796
S3,overall_score,pls,75.8515,76.03869331234544,0.18719331234544256,0.18719331234544256
S30,overall_score,pls,63.92941176470588,66.57508869442603,2.645676929720146,2.645676929720146
S4,overall_score,pls,66.58485,71.00526217286439,4.420412172864388,4.420412172864388
S5,overall_score,pls,73.27425000000001,65.34493882694706,7.929311173052952,-7.929311173052952
S6,overall_score,pls,65.738,71.31179476023702,5.573794760237021,5.573794760237021
S7,overall_score,pls,76.3335,76.50856824895219,0.17506824895218642,0.17506824895218642
S8,overall_score,pls,73.36075,72.91678829855421,0.4439617014457866,-0.4439617014457866
S9,overall_score,pls,75.72725,78.15481110304093,2.4275611030409294,2.4275611030409294
S1,overall_score,gpr,66.5725,74.66059664913688,8.088096649136872,8.088096649136872
S10,overall_score,gpr,65.8515,71.50989192969406,5.658391929694062,5.658391929694062
S11,overall_score,gpr,66.062,78.99246601187158,12.930466011871587,12.930466011871587
S12,overall_score,gpr,76.4225,68.72180446827137,7.700695531728627,-7.700695531728627
S13,overall_score,gpr,73.77525,71.9566103433444,1.8186396566556056,-1.8186396566556056
S14,overall_score,gpr,72.874,68.91396454374645,3.96003545625355,-3.96003545625355
S15,overall_score,gpr,82.28475,76.80516690839497,5.479583091605036,-5.479583091605036
S16,overall_score,gpr,82.5955,71.95405827498703,10.641441725012967,-10.641441725012967
S17,overall_score,gpr,65.49625,75.46441870915433,9.968168709154327,9.968168709154327
S18,overall_score,gpr,76.9015,72.76853071448299,4.132969285517007,-4.132969285517007
S19,overall_score,gpr,81.13885,69.7070730536584,11.4317769463416,-11.4317769463416
S2,overall_score,gpr,65.4635,66.88107699867105,1.417576998671052,1.417576998671052
S20,overall_score,gpr,82.27525,75.98408330227312,6.291166697726879,-6.291166697726879
S21,overall_score,gpr,76.19525,75.82399692046204,0.37125307953796494,-0.37125307953796494
S22,overall_score,gpr,76.90775,67.40919981874443,9.498550181255567,-9.498550181255567
S23,overall_score,gpr,79.0595,74.73326936581829,4.326230634181712,-4.326230634181712
S24,overall_score,gpr,81.904,76.45580788187236,5.448192118127636,-5.448192118127636
S25,overall_score,gpr,60.85125000000001,65.19294581001617,4.341695810016162,4.341695810016162
S26,overall_score,gpr,61.74925,66.79151919543014,5.042269195430137,5.042269195430137
S27,overall_score,gpr,62.5225,67.64442293326839,5.121922933268387,5.121922933268387
S28,overall_score,gpr,62.49425,66.38928107770182,3.895031077701823,3.895031077701823
S29,overall_score,gpr,63.32725000000001,71.70034927286359,8.373099272863584,8.373099272863584
S3,overall_score,gpr,75.8515,75.8061316948148,0.045368305185206736,-0.045368305185206736
S30,overall_score,gpr,63.92941176470588,67.14233766925406,3.212925904548179,3.212925904548179
S4,overall_score,gpr,66.58485,72.20407779015986,5.619227790159854,5.619227790159854
S5,overall_score,gpr,73.27425000000001,69.38014241094089,3.894107589059118,-3.894107589059118
S6,overall_score,gpr,65.738,75.98224890885251,10.244248908852512,10.244248908852512
S7,overall_score,gpr,76.3335,75.48830911179508,0.8451908882049253,-0.8451908882049253
S8,overall_score,gpr,73.36075,73.16867501322363,0.1920749867763618,-0.1920749867763618
S9,overall_score,gpr,75.72725,73.56215068349198,2.1650993165080195,-2.1650993165080195
S1,overall_score,random_forest,66.5725,73.26296276706667,6.690462767066663,6.690462767066663
S10,overall_score,random_forest,65.8515,67.47159841715442,1.6200984171544235,1.6200984171544235
S11,overall_score,random_forest,66.062,78.04314148481659,11.98114148481659,11.98114148481659
S12,overall_score,random_forest,76.4225,65.67328265302807,10.749217346971932,-10.749217346971932
S13,overall_score,random_forest,73.77525,71.04434173645949,2.7309082635405133,-2.7309082635405133
S14,overall_score,random_forest,72.874,71.25204968963189,1.6219503103681063,-1.6219503103681063
S15,overall_score,random_forest,82.28475,77.45830343141755,4.826446568582455,-4.826446568582455
S16,overall_score,random_forest,82.5955,73.90417659043284,8.691323409567161,-8.691323409567161
S17,overall_score,random_forest,65.49625,74.8929051258926,9.396655125892593,9.396655125892593
S18,overall_score,random_forest,76.9015,73.27001592484538,3.631484075154617,-3.631484075154617
S19,overall_score,random_forest,81.13885,72.62798461985047,8.51086538014954,-8.51086538014954
S2,overall_score,random_forest,65.4635,65.0498460448319,0.4136539551681011,-0.4136539551681011
S20,overall_score,random_forest,82.27525,77.17361776040006,5.101632239599937,-5.101632239599937
S21,overall_score,random_forest,76.19525,75.43088265691482,0.7643673430851834,-0.7643673430851834
S22,overall_score,random_forest,76.90775,69.49033494159904,7.417415058400948,-7.417415058400948
S23,overall_score,random_forest,79.0595,74.9905775532457,4.0689224467543,-4.0689224467543
S24,overall_score,random_forest,81.904,76.7859078078056,5.118092192194396,-5.118092192194396
S25,overall_score,random_forest,60.85125000000001,65.4468494169307,4.595599416930696,4.595599416930696
S26,overall_score,random_forest,61.74925,67.03507945847811,5.285829458478105,5.285829458478105
S27,overall_score,random_forest,62.5225,66.8752637253637,4.352763725363694,4.352763725363694
S28,overall_score,random_forest,62.49425,67.66859614599191,5.174346145991912,5.174346145991912
S29,overall_score,random_forest,63.32725000000001,72.70529528443963,9.378045284439622,9.378045284439622
S3,overall_score,random_forest,75.8515,75.96854485205908,0.117044852059081,0.117044852059081
S30,overall_score,random_forest,63.92941176470588,67.82289444377241,3.89348267906653,3.89348267906653
S4,overall_score,random_forest,66.58485,68.24593058026161,1.6610805802616113,1.6610805802616113
S5,overall_score,random_forest,73.27425000000001,69.72654035892128,3.5477096410787254,-3.5477096410787254
S6,overall_score,random_forest,65.738,76.13967365704114,10.401673657041144,10.401673657041144
S7,overall_score,random_forest,76.3335,74.67985492977074,1.6536450702292598,-1.6536450702292598
S8,overall_score,random_forest,73.36075,76.18381033432148,2.8230603343214824,2.8230603343214824
S9,overall_score,random_forest,75.72725,73.9064689037416,1.8207810962584006,-1.8207810962584006
S1,overall_score,xgboost,66.5725,74.4190673828125,7.846567382812495,7.846567382812495
S10,overall_score,xgboost,65.8515,68.56956481933594,2.718064819335936,2.718064819335936
S11,overall_score,xgboost,66.062,80.23152160644531,14.169521606445315,14.169521606445315
S12,overall_score,xgboost,76.4225,66.2496109008789,10.172889099121093,-10.172889099121093
S13,overall_score,xgboost,73.77525,69.00120544433594,4.774044555664062,-4.774044555664062
S14,overall_score,xgboost,72.874,70.446533203125,2.4274667968749952,-2.4274667968749952
S15,overall_score,xgboost,82.28475,78.65188598632812,3.6328640136718775,-3.6328640136718775
S16,overall_score,xgboost,82.5955,73.4869384765625,9.108561523437501,-9.108561523437501
S17,overall_score,xgboost,65.49625,74.01139831542969,8.515148315429684,8.515148315429684
S18,overall_score,xgboost,76.9015,73.08586883544922,3.81563116455078,-3.81563116455078
S19,overall_score,xgboost,81.13885,72.423828125,8.715021875000005,-8.715021875000005
S2,overall_score,xgboost,65.4635,63.757118225097656,1.70638177490234,-1.70638177490234
S20,overall_score,xgboost,82.27525,77.51260375976562,4.762646240234375,-4.762646240234375
S21,overall_score,xgboost,76.19525,75.39295959472656,0.802290405273439,-0.802290405273439
S22,overall_score,xgboost,76.90775,68.78240203857422,8.125347961425774,-8.125347961425774
S23,overall_score,xgboost,79.0595,73.58055877685547,5.478941223144531,-5.478941223144531
S24,overall_score,xgboost,81.904,77.25165557861328,4.652344421386715,-4.652344421386715
S25,overall_score,xgboost,60.85125000000001,63.3892707824707,2.5380207824706957,2.5380207824706957
S26,overall_score,xgboost,61.74925,65.95771026611328,4.208460266113278,4.208460266113278
S27,overall_score,xgboost,62.5225,66.33218383789062,3.809683837890624,3.809683837890624
S28,overall_score,xgboost,62.49425,68.0984878540039,5.604237854003905,5.604237854003905
S29,overall_score,xgboost,63.32725000000001,71.92498779296875,8.597737792968744,8.597737792968744
S3,overall_score,xgboost,75.8515,75.80017852783203,0.05132147216797023,-0.05132147216797023
S30,overall_score,xgboost,63.92941176470588,68.97869110107422,5.049279336368336,5.049279336368336
S4,overall_score,xgboost,66.58485,68.2231216430664,1.6382716430664033,1.6382716430664033
S5,overall_score,xgboost,73.27425000000001,69.71463775634766,3.559612243652353,-3.559612243652353
S6,overall_score,xgboost,65.738,76.04064178466797,10.30264178466797,10.30264178466797
S7,overall_score,xgboost,76.3335,75.42306518554688,0.9104348144531258,-0.9104348144531258
S8,overall_score,xgboost,73.36075,74.31470489501953,0.9539548950195353,0.9539548950195353
S9,overall_score,xgboost,75.72725,73.84188842773438,1.885361572265623,-1.885361572265623
S1,overall_score,catboost,66.5725,73.94523157677891,7.372731576778904,7.372731576778904
S10,overall_score,catboost,65.8515,68.89421594109658,3.0427159410965743,3.0427159410965743
S11,overall_score,catboost,66.062,78.50338873540768,12.441388735407685,12.441388735407685
S12,overall_score,catboost,76.4225,66.46463606857071,9.957863931429287,-9.957863931429287
S13,overall_score,catboost,73.77525,70.62067762735073,3.1545723726492696,-3.1545723726492696
S14,overall_score,catboost,72.874,71.01895710751316,1.8550428924868356,-1.8550428924868356
S15,overall_score,catboost,82.28475,78.35151167858224,3.933238321417761,-3.933238321417761
S16,overall_score,catboost,82.5955,73.43619927430025,9.159300725699751,-9.159300725699751
S17,overall_score,catboost,65.49625,74.50313737606379,9.006887376063787,9.006887376063787
S18,overall_score,catboost,76.9015,73.68845078545932,3.213049214540675,-3.213049214540675
S19,overall_score,catboost,81.13885,72.88840495015816,8.250445049841844,-8.250445049841844
S2,overall_score,catboost,65.4635,64.66616391332839,0.7973360866716064,-0.7973360866716064
S20,overall_score,catboost,82.27525,77.49991871539359,4.775331284606409,-4.775331284606409
S21,overall_score,catboost,76.19525,75.62353326549456,0.5717167345054435,-0.5717167345054435
S22,overall_score,catboost,76.90775,68.55354201976975,8.354207980230242,-8.354207980230242
S23,overall_score,catboost,79.0595,73.6940601676777,5.365439832322295,-5.365439832322295
S24,overall_score,catboost,81.904,77.37423009415252,4.529769905847473,-4.529769905847473
S25,overall_score,catboost,60.85125000000001,63.70908978198963,2.8578397819896253,2.8578397819896253
S26,overall_score,catboost,61.74925,65.00459221817923,3.255342218179223,3.255342218179223
S27,overall_score,catboost,62.5225,67.47190506484587,4.94940506484587,4.94940506484587
S28,overall_score,catboost,62.49425,67.60926936724515,5.1150193672451465,5.1150193672451465
S29,overall_score,catboost,63.32725000000001,72.30120920392748,8.973959203927478,8.973959203927478
S3,overall_score,catboost,75.8515,76.15170805133042,0.30020805133041506,0.30020805133041506
S30,overall_score,catboost,63.92941176470588,69.11697229372675,5.187560529020864,5.187560529020864
S4,overall_score,catboost,66.58485,69.59402270785873,3.009172707858724,3.009172707858724
S5,overall_score,catboost,73.27425000000001,69.94840090611754,3.325849093882468,-3.325849093882468
S6,overall_score,catboost,65.738,75.4420774004315,9.704077400431501,9.704077400431501
S7,overall_score,catboost,76.3335,75.2945697109688,1.0389302890311995,-1.0389302890311995
S8,overall_score,catboost,73.36075,74.28758694745257,0.9268369474525713,0.9268369474525713
S9,overall_score,catboost,75.72725,74.18247171351646,1.5447782864835347,-1.5447782864835347
